1,52,60,0.03,rat_movement=True
1,69,80,0.05,rat_movement=True
1,125,260,0.07,rat_movement=True
1,125,200,0.09,rat_movement=True
1,63,100,0.1,rat_movement=True
1,26,20,0.2,rat_movement=True
1,18,80,0.4,rat_movement=True
1,115,120,0.5,rat_movement=True
1,33,20,0.6,rat_movement=True
1,13,20,0.7,rat_movement=True
1,199,140,0.3,rat_movement=True
1,134,240,0.8,rat_movement=True
1,88,100,1.0,rat_movement=True
1,749,920,0.0,rat_movement=True
1,261,220,0.9,rat_movement=True
1,94,140,0.01,rat_movement=True
1,86,60,0.03,rat_movement=True
1,17,20,0.05,rat_movement=True
1,37,60,0.09,rat_movement=True
1,53,160,0.07,rat_movement=True
1,48,60,0.1,rat_movement=True
1,25,40,0.2,rat_movement=True
1,115,120,0.3,rat_movement=True
1,10,20,0.4,rat_movement=True
1,236,180,0.6,rat_movement=True
1,72,200,0.7,rat_movement=True
1,42,120,0.8,rat_movement=True
1,20,20,1.0,rat_movement=True
1,153,220,0.0,rat_movement=True
1,696,900,0.5,rat_movement=True
1,290,320,0.9,rat_movement=True
1,54,60,0.03,rat_movement=True
1,177,120,0.01,rat_movement=True
1,5,40,0.07,rat_movement=True
1,103,120,0.05,rat_movement=True
1,1602,2380,0.0,rat_movement=True
1,93,140,0.2,rat_movement=True
1,153,280,0.1,rat_movement=True
1,217,400,0.09,rat_movement=True
1,20,20,0.4,rat_movement=True
1,61,40,0.6,rat_movement=True
1,209,340,0.3,rat_movement=True
1,114,160,0.7,rat_movement=True
1,85,180,0.8,rat_movement=True
1,215,220,0.5,rat_movement=True
1,172,160,0.9,rat_movement=True
1,170,200,0.01,rat_movement=True
1,13,20,0.03,rat_movement=True
1,49,40,0.05,rat_movement=True
1,2,20,0.09,rat_movement=True
1,702,700,1.0,rat_movement=True
1,103,100,0.1,rat_movement=True
1,104,120,0.2,rat_movement=True
1,188,280,0.07,rat_movement=True
1,118,120,0.3,rat_movement=True
1,75,200,0.4,rat_movement=True
1,27,20,0.6,rat_movement=True
1,184,180,0.5,rat_movement=True
1,148,120,0.7,rat_movement=True
1,45,60,0.9,rat_movement=True
1,10,20,1.0,rat_movement=True
1,19,80,0.01,rat_movement=True
1,204,200,0.8,rat_movement=True
1,1585,1700,0.0,rat_movement=True
1,53,100,0.07,rat_movement=True
1,143,180,0.05,rat_movement=True
1,264,440,0.03,rat_movement=True
1,51,80,0.1,rat_movement=True
1,94,240,0.09,rat_movement=True
1,95,180,0.2,rat_movement=True
1,93,80,0.3,rat_movement=True
1,4,20,0.6,rat_movement=True
1,48,40,0.5,rat_movement=True
1,135,120,0.4,rat_movement=True
1,1229,1300,0.0,rat_movement=True
1,21,20,0.8,rat_movement=True
1,93,120,0.9,rat_movement=True
1,110,100,1.0,rat_movement=True
1,88,100,0.0,rat_movement=True
1,105,160,0.01,rat_movement=True
1,35,140,0.03,rat_movement=True
1,28,60,0.05,rat_movement=True
1,5,40,0.07,rat_movement=True
1,105,120,0.09,rat_movement=True
1,7,20,0.3,rat_movement=True
1,508,760,0.7,rat_movement=True
1,57,120,0.2,rat_movement=True
1,97,160,0.4,rat_movement=True
1,256,380,0.1,rat_movement=True
1,43,80,0.7,rat_movement=True
1,218,380,0.5,rat_movement=True
1,130,120,0.9,rat_movement=True
1,29,60,1.0,rat_movement=True
1,245,260,0.8,rat_movement=True
1,493,380,0.6,rat_movement=True
1,101,160,0.01,rat_movement=True
1,77,100,0.03,rat_movement=True
1,26,80,0.07,rat_movement=True
1,39,160,0.05,rat_movement=True
1,61,100,0.09,rat_movement=True
1,64,180,0.2,rat_movement=True
1,122,320,0.3,rat_movement=True
1,140,140,0.4,rat_movement=True
1,104,140,0.6,rat_movement=True
1,0,0,0.7,rat_movement=True
1,700,1000,0.0,rat_movement=True
1,82,120,0.8,rat_movement=True
1,499,860,0.1,rat_movement=True
1,376,400,0.5,rat_movement=True
1,62,100,0.01,rat_movement=True
1,158,180,0.9,rat_movement=True
1,170,340,0.03,rat_movement=True
1,180,400,0.05,rat_movement=True
1,308,400,0.0,rat_movement=True
1,204,180,0.07,rat_movement=True
1,107,200,0.09,rat_movement=True
1,112,220,0.1,rat_movement=True
1,577,600,1.0,rat_movement=True
1,15,60,0.4,rat_movement=True
1,79,140,0.2,rat_movement=True
1,84,180,0.3,rat_movement=True
1,59,100,0.7,rat_movement=True
1,61,100,0.8,rat_movement=True
1,116,280,0.6,rat_movement=True
1,256,460,0.5,rat_movement=True
1,226,180,1.0,rat_movement=True
1,119,180,0.03,rat_movement=True
1,338,440,0.01,rat_movement=True
1,180,300,0.05,rat_movement=True
1,138,200,0.07,rat_movement=True
1,87,120,0.09,rat_movement=True
1,8,20,0.1,rat_movement=True
1,49,40,0.2,rat_movement=True
1,92,140,0.3,rat_movement=True
1,850,1140,0.9,rat_movement=True
1,828,940,0.0,rat_movement=True
1,301,360,0.4,rat_movement=True
1,77,60,0.6,rat_movement=True
1,312,220,0.5,rat_movement=True
1,60,140,0.8,rat_movement=True
1,217,280,0.7,rat_movement=True
1,131,220,0.01,rat_movement=True
1,274,260,0.0,rat_movement=True
1,561,560,0.9,rat_movement=True
1,82,60,0.05,rat_movement=True
1,31,20,0.07,rat_movement=True
1,214,200,0.03,rat_movement=True
1,32,20,0.09,rat_movement=True
1,78,120,0.1,rat_movement=True
1,837,800,1.0,rat_movement=True
1,130,160,0.3,rat_movement=True
1,227,400,0.2,rat_movement=True
1,129,180,0.6,rat_movement=True
1,244,420,0.4,rat_movement=True
1,227,240,0.5,rat_movement=True
1,175,380,0.7,rat_movement=True
1,193,180,0.8,rat_movement=True
1,18,80,0.01,rat_movement=True
1,52,40,0.05,rat_movement=True
1,18,20,0.07,rat_movement=True
1,149,180,0.03,rat_movement=True
1,27,20,0.1,rat_movement=True
1,84,100,0.09,rat_movement=True
1,302,320,0.0,rat_movement=True
1,119,140,0.2,rat_movement=True
1,79,140,0.3,rat_movement=True
1,51,60,0.4,rat_movement=True
1,213,220,0.5,rat_movement=True
1,27,20,0.6,rat_movement=True
1,1018,960,0.9,rat_movement=True
1,151,180,0.7,rat_movement=True
1,82,140,0.9,rat_movement=True
1,1170,1180,1.0,rat_movement=True
1,95,180,0.01,rat_movement=True
1,135,80,0.03,rat_movement=True
1,741,580,0.8,rat_movement=True
1,65,60,0.07,rat_movement=True
1,693,660,1.0,rat_movement=True
1,84,180,0.09,rat_movement=True
1,24,60,0.2,rat_movement=True
1,354,520,0.05,rat_movement=True
1,780,940,0.0,rat_movement=True
1,167,140,0.3,rat_movement=True
1,209,400,0.1,rat_movement=True
1,76,140,0.5,rat_movement=True
1,217,320,0.4,rat_movement=True
1,14,80,0.8,rat_movement=True
1,200,320,0.6,rat_movement=True
1,227,200,0.7,rat_movement=True
1,130,140,0.9,rat_movement=True
1,162,240,1.0,rat_movement=True
1,160,260,0.01,rat_movement=True
1,158,200,0.03,rat_movement=True
1,41,80,0.05,rat_movement=True
1,66,120,0.07,rat_movement=True
1,17,40,0.09,rat_movement=True
1,43,100,0.1,rat_movement=True
1,9,40,0.2,rat_movement=True
1,57,40,0.3,rat_movement=True
1,65,100,0.4,rat_movement=True
1,175,160,0.6,rat_movement=True
1,10,20,0.8,rat_movement=True
1,33,120,1.0,rat_movement=True
1,873,660,0.5,rat_movement=True
1,1568,1740,0.0,rat_movement=True
1,98,320,0.01,rat_movement=True
1,31,20,0.05,rat_movement=True
1,1105,940,0.9,rat_movement=True
1,358,560,0.03,rat_movement=True
1,170,300,0.07,rat_movement=True
1,50,60,0.09,rat_movement=True
1,55,80,0.1,rat_movement=True
1,58,80,0.2,rat_movement=True
1,205,260,0.3,rat_movement=True
1,256,400,0.4,rat_movement=True
1,66,60,0.6,rat_movement=True
1,69,60,0.7,rat_movement=True
1,40,80,0.9,rat_movement=True
1,48,60,0.0,rat_movement=True
1,364,380,0.8,rat_movement=True
1,40,80,0.01,rat_movement=True
1,711,900,0.5,rat_movement=True
1,95,180,0.05,rat_movement=True
1,226,280,0.03,rat_movement=True
1,628,540,1.0,rat_movement=True
1,72,60,0.09,rat_movement=True
1,113,120,0.07,rat_movement=True
1,29,60,0.1,rat_movement=True
1,79,120,0.2,rat_movement=True
1,97,80,0.3,rat_movement=True
1,117,100,0.5,rat_movement=True
1,233,200,0.4,rat_movement=True
1,30,20,0.7,rat_movement=True
1,116,200,0.6,rat_movement=True
1,57,60,0.9,rat_movement=True
1,18,20,0.0,rat_movement=True
1,81,80,1.0,rat_movement=True
1,359,400,0.8,rat_movement=True
1,21,60,0.05,rat_movement=True
1,9,20,0.07,rat_movement=True
1,114,120,0.09,rat_movement=True
1,95,100,0.2,rat_movement=True
1,452,800,0.01,rat_movement=True
1,174,320,0.1,rat_movement=True
1,99,100,0.4,rat_movement=True
1,135,220,0.3,rat_movement=True
1,72,40,0.5,rat_movement=True
1,606,820,0.03,rat_movement=True
1,102,100,0.8,rat_movement=True
1,17,40,0.9,rat_movement=True
1,208,220,0.6,rat_movement=True
1,165,180,0.7,rat_movement=True
1,65,60,1.0,rat_movement=True
1,39,140,0.05,rat_movement=True
1,102,180,0.07,rat_movement=True
1,505,540,0.01,rat_movement=True
1,543,620,0.03,rat_movement=True
1,0,0,0.1,rat_movement=True
1,130,180,0.09,rat_movement=True
1,47,60,0.2,rat_movement=True
1,51,40,0.3,rat_movement=True
1,117,120,0.4,rat_movement=True
1,3,40,0.6,rat_movement=True
1,69,100,0.7,rat_movement=True
1,73,140,0.8,rat_movement=True
1,22,80,0.9,rat_movement=True
1,370,380,0.5,rat_movement=True
1,171,180,1.0,rat_movement=True
1,84,100,0.03,rat_movement=True
1,242,280,0.0,rat_movement=True
1,1651,1880,0.0,rat_movement=True
1,78,100,0.07,rat_movement=True
1,58,80,0.1,rat_movement=True
1,121,260,0.09,rat_movement=True
1,295,400,0.05,rat_movement=True
1,16,60,0.3,rat_movement=True
1,453,620,0.01,rat_movement=True
1,175,320,0.4,rat_movement=True
1,141,180,0.5,rat_movement=True
1,14,20,0.8,rat_movement=True
1,327,480,0.2,rat_movement=True
1,31,20,0.9,rat_movement=True
1,195,260,0.6,rat_movement=True
1,168,160,0.7,rat_movement=True
1,85,80,1.0,rat_movement=True
1,25,20,0.03,rat_movement=True
1,89,80,0.01,rat_movement=True
1,17,60,0.07,rat_movement=True
1,69,40,0.05,rat_movement=True
1,197,280,0.0,rat_movement=True
1,30,60,0.1,rat_movement=True
1,18,40,0.2,rat_movement=True
1,82,80,0.09,rat_movement=True
1,38,120,0.3,rat_movement=True
1,127,120,0.4,rat_movement=True
1,51,40,0.6,rat_movement=True
1,28,20,0.7,rat_movement=True
1,58,60,0.9,rat_movement=True
1,296,360,0.8,rat_movement=True
1,549,660,0.5,rat_movement=True
1,30,80,0.05,rat_movement=True
1,90,200,0.07,rat_movement=True
1,239,340,0.01,rat_movement=True
1,206,400,0.03,rat_movement=True
1,77,40,0.09,rat_movement=True
1,29,120,0.1,rat_movement=True
1,70,60,0.2,rat_movement=True
1,73,80,0.3,rat_movement=True
1,97,80,0.4,rat_movement=True
1,50,40,0.5,rat_movement=True
1,97,100,0.6,rat_movement=True
1,1454,1320,1.0,rat_movement=True
1,85,100,0.7,rat_movement=True
1,1466,1540,0.0,rat_movement=True
1,61,60,1.0,rat_movement=True
1,286,460,0.0,rat_movement=True
1,630,680,0.8,rat_movement=True
1,33,40,0.05,rat_movement=True
1,605,640,0.9,rat_movement=True
1,67,100,0.07,rat_movement=True
1,0,0,0.09,rat_movement=True
1,153,160,0.03,rat_movement=True
1,11,20,0.2,rat_movement=True
1,422,580,0.01,rat_movement=True
1,82,160,0.1,rat_movement=True
1,35,120,0.6,rat_movement=True
1,242,260,0.3,rat_movement=True
1,223,240,0.7,rat_movement=True
1,265,240,0.8,rat_movement=True
1,104,100,1.0,rat_movement=True
1,494,440,0.4,rat_movement=True
1,286,380,0.9,rat_movement=True
1,54,60,0.01,rat_movement=True
1,19,20,0.03,rat_movement=True
1,31,80,0.05,rat_movement=True
1,9,40,0.09,rat_movement=True
1,88,60,0.07,rat_movement=True
1,746,620,0.5,rat_movement=True
1,91,60,0.3,rat_movement=True
1,141,180,0.1,rat_movement=True
1,139,220,0.2,rat_movement=True
1,186,180,0.6,rat_movement=True
1,578,820,0.0,rat_movement=True
1,268,260,0.5,rat_movement=True
1,51,100,0.7,rat_movement=True
1,171,200,0.8,rat_movement=True
1,187,220,0.9,rat_movement=True
1,55,60,0.0,rat_movement=True
1,39,20,0.01,rat_movement=True
1,274,360,1.0,rat_movement=True
1,179,260,0.03,rat_movement=True
1,71,60,0.05,rat_movement=True
1,1105,1160,0.4,rat_movement=True
1,48,100,0.07,rat_movement=True
1,63,120,0.09,rat_movement=True
1,35,60,0.3,rat_movement=True
1,87,100,0.1,rat_movement=True
1,43,80,0.5,rat_movement=True
1,78,160,0.4,rat_movement=True
1,39,40,0.7,rat_movement=True
1,81,140,0.6,rat_movement=True
1,298,460,0.2,rat_movement=True
1,83,80,0.9,rat_movement=True
1,18,20,1.0,rat_movement=True
1,24,20,0.0,rat_movement=True
1,173,260,0.03,rat_movement=True
1,520,560,0.8,rat_movement=True
1,74,140,0.07,rat_movement=True
1,164,280,0.05,rat_movement=True
1,59,80,0.09,rat_movement=True
1,411,520,0.01,rat_movement=True
1,110,160,0.1,rat_movement=True
1,168,380,0.2,rat_movement=True
1,119,280,0.4,rat_movement=True
1,201,320,0.3,rat_movement=True
1,62,100,0.5,rat_movement=True
1,157,140,0.6,rat_movement=True
1,71,160,0.8,rat_movement=True
1,97,80,0.9,rat_movement=True
1,2,20,0.0,rat_movement=True
1,269,300,0.01,rat_movement=True
1,199,340,0.03,rat_movement=True
1,689,580,0.7,rat_movement=True
1,39,160,0.05,rat_movement=True
1,39,120,0.07,rat_movement=True
1,556,560,1.0,rat_movement=True
1,118,140,0.09,rat_movement=True
1,42,60,0.2,rat_movement=True
1,118,120,0.4,rat_movement=True
1,228,540,0.1,rat_movement=True
1,70,60,0.6,rat_movement=True
1,258,460,0.3,rat_movement=True
1,5,20,0.9,rat_movement=True
1,254,340,0.5,rat_movement=True
1,130,180,0.8,rat_movement=True
1,401,400,0.7,rat_movement=True
1,23,60,0.05,rat_movement=True
1,78,140,0.07,rat_movement=True
1,397,560,0.03,rat_movement=True
1,77,80,0.09,rat_movement=True
1,151,400,0.1,rat_movement=True
1,18,40,0.2,rat_movement=True
1,1054,1300,0.0,rat_movement=True
1,15,20,0.4,rat_movement=True
1,151,260,0.3,rat_movement=True
1,190,220,0.6,rat_movement=True
1,100,120,0.7,rat_movement=True
1,29,20,0.8,rat_movement=True
1,99,100,0.9,rat_movement=True
1,387,560,0.5,rat_movement=True
1,71,60,0.0,rat_movement=True
1,1867,2180,0.01,rat_movement=True
1,45,120,0.03,rat_movement=True
1,17,20,0.05,rat_movement=True
1,61,120,0.07,rat_movement=True
1,109,100,0.09,rat_movement=True
1,66,40,0.1,rat_movement=True
1,442,560,0.01,rat_movement=True
1,21,60,0.2,rat_movement=True
1,23,60,0.3,rat_movement=True
1,86,140,0.4,rat_movement=True
1,15,60,0.5,rat_movement=True
1,91,100,0.8,rat_movement=True
1,637,540,0.6,rat_movement=True
1,77,80,0.9,rat_movement=True
1,1906,1680,1.0,rat_movement=True
1,169,240,1.0,rat_movement=True
1,514,460,0.7,rat_movement=True
1,6,20,0.03,rat_movement=True
1,72,80,0.05,rat_movement=True
1,122,320,0.01,rat_movement=True
1,107,100,0.07,rat_movement=True
1,81,120,0.09,rat_movement=True
1,32,100,0.1,rat_movement=True
1,1,20,0.2,rat_movement=True
1,498,560,0.0,rat_movement=True
1,121,220,0.3,rat_movement=True
1,13,40,0.5,rat_movement=True
1,412,580,0.4,rat_movement=True
1,69,80,0.6,rat_movement=True
1,80,60,0.8,rat_movement=True
1,16,20,1.0,rat_movement=True
1,160,220,0.01,rat_movement=True
1,136,140,0.03,rat_movement=True
1,548,580,0.9,rat_movement=True
1,95,180,0.05,rat_movement=True
1,57,100,0.07,rat_movement=True
1,924,700,0.7,rat_movement=True
1,27,60,0.1,rat_movement=True
1,45,40,0.2,rat_movement=True
1,127,300,0.09,rat_movement=True
1,38,40,0.3,rat_movement=True
1,70,40,0.4,rat_movement=True
1,70,40,0.5,rat_movement=True
1,35,40,0.6,rat_movement=True
1,294,420,0.8,rat_movement=True
1,185,260,0.9,rat_movement=True
1,94,200,1.0,rat_movement=True
1,1286,1520,0.0,rat_movement=True
1,56,80,0.05,rat_movement=True
1,30,20,0.07,rat_movement=True
1,603,560,0.7,rat_movement=True
1,31,40,0.1,rat_movement=True
1,206,160,0.01,rat_movement=True
1,170,160,0.03,rat_movement=True
1,37,40,0.2,rat_movement=True
1,85,180,0.09,rat_movement=True
1,98,120,0.5,rat_movement=True
1,178,320,0.3,rat_movement=True
1,90,80,0.6,rat_movement=True
1,309,480,0.7,rat_movement=True
1,256,240,0.8,rat_movement=True
1,5,20,1.0,rat_movement=True
1,117,100,0.9,rat_movement=True
1,3,20,0.05,rat_movement=True
1,23,20,0.07,rat_movement=True
1,1488,1780,0.0,rat_movement=True
1,297,380,0.03,rat_movement=True
1,21,20,0.1,rat_movement=True
1,406,540,0.01,rat_movement=True
1,153,300,0.2,rat_movement=True
1,109,100,0.4,rat_movement=True
1,261,300,0.3,rat_movement=True
1,952,1380,0.0,rat_movement=True
1,176,180,0.5,rat_movement=True
1,2065,2360,0.4,rat_movement=True
1,832,1120,0.09,rat_movement=True
1,203,240,0.6,rat_movement=True
1,56,40,0.8,rat_movement=True
1,120,240,0.9,rat_movement=True
1,123,140,1.0,rat_movement=True
1,510,520,0.7,rat_movement=True
1,58,100,0.01,rat_movement=True
1,29,80,0.03,rat_movement=True
1,321,480,0.0,rat_movement=True
1,99,140,0.07,rat_movement=True
1,122,160,0.05,rat_movement=True
1,24,20,0.09,rat_movement=True
1,20,60,0.1,rat_movement=True
1,125,160,0.2,rat_movement=True
1,23,40,0.4,rat_movement=True
1,240,260,0.3,rat_movement=True
1,218,220,0.6,rat_movement=True
1,112,180,0.7,rat_movement=True
1,459,460,0.5,rat_movement=True
1,151,280,0.9,rat_movement=True
1,129,240,1.0,rat_movement=True
1,27,20,0.03,rat_movement=True
1,295,540,0.8,rat_movement=True
1,74,80,0.05,rat_movement=True
1,33,20,0.07,rat_movement=True
1,91,120,0.09,rat_movement=True
1,417,640,0.01,rat_movement=True
1,556,780,0.0,rat_movement=True
1,71,200,0.1,rat_movement=True
1,75,120,0.2,rat_movement=True
1,121,140,0.3,rat_movement=True
1,85,80,0.4,rat_movement=True
1,108,80,0.5,rat_movement=True
1,47,80,0.6,rat_movement=True
1,239,320,0.7,rat_movement=True
1,179,160,0.8,rat_movement=True
1,62,140,1.0,rat_movement=True
1,158,140,0.9,rat_movement=True
1,48,180,0.03,rat_movement=True
1,130,220,0.0,rat_movement=True
1,45,20,0.07,rat_movement=True
1,28,120,0.09,rat_movement=True
1,80,120,0.05,rat_movement=True
1,168,300,0.01,rat_movement=True
1,77,80,0.2,rat_movement=True
1,117,180,0.1,rat_movement=True
1,92,60,0.6,rat_movement=True
1,136,160,0.5,rat_movement=True
1,57,40,0.8,rat_movement=True
1,251,280,0.4,rat_movement=True
1,291,440,0.3,rat_movement=True
1,239,280,0.7,rat_movement=True
1,59,100,1.0,rat_movement=True
1,111,200,0.01,rat_movement=True
1,32,20,0.05,rat_movement=True
1,293,300,0.0,rat_movement=True
1,51,60,0.07,rat_movement=True
1,16,20,0.09,rat_movement=True
1,222,340,0.03,rat_movement=True
1,91,60,0.1,rat_movement=True
1,729,640,0.9,rat_movement=True
1,9,20,0.5,rat_movement=True
1,113,200,0.3,rat_movement=True
1,108,100,0.4,rat_movement=True
1,58,120,0.6,rat_movement=True
1,319,540,0.2,rat_movement=True
1,57,60,0.9,rat_movement=True
1,156,260,0.7,rat_movement=True
1,27,20,0.0,rat_movement=True
1,3,20,0.05,rat_movement=True
1,397,660,0.8,rat_movement=True
1,430,520,1.0,rat_movement=True
1,175,280,0.03,rat_movement=True
1,119,200,0.07,rat_movement=True
1,361,380,0.01,rat_movement=True
1,110,180,0.09,rat_movement=True
1,47,60,0.2,rat_movement=True
1,101,120,0.1,rat_movement=True
1,147,140,0.3,rat_movement=True
1,207,140,0.4,rat_movement=True
1,54,100,0.6,rat_movement=True
1,87,60,0.7,rat_movement=True
1,113,340,0.8,rat_movement=True
1,448,600,0.5,rat_movement=True
1,78,100,1.0,rat_movement=True
1,44,60,0.0,rat_movement=True
1,388,420,0.9,rat_movement=True
1,118,100,0.01,rat_movement=True
1,67,60,0.03,rat_movement=True
1,64,80,0.05,rat_movement=True
1,99,260,0.07,rat_movement=True
1,77,120,0.09,rat_movement=True
1,54,140,0.1,rat_movement=True
1,81,120,0.3,rat_movement=True
1,121,220,0.2,rat_movement=True
1,101,120,0.5,rat_movement=True
1,99,80,0.6,rat_movement=True
1,141,140,0.7,rat_movement=True
1,341,460,0.4,rat_movement=True
1,77,140,0.9,rat_movement=True
1,7,20,1.0,rat_movement=True
1,43,80,0.0,rat_movement=True
1,50,40,0.01,rat_movement=True
1,41,80,0.05,rat_movement=True
1,508,580,0.8,rat_movement=True
1,116,160,0.07,rat_movement=True
1,37,40,0.09,rat_movement=True
1,328,440,0.03,rat_movement=True
1,26,40,0.3,rat_movement=True
1,44,80,0.2,rat_movement=True
1,223,300,0.1,rat_movement=True
1,94,160,0.5,rat_movement=True
1,48,100,0.7,rat_movement=True
1,334,640,0.6,rat_movement=True
1,295,360,0.8,rat_movement=True
1,441,580,0.4,rat_movement=True
1,12,40,0.01,rat_movement=True
1,287,340,0.9,rat_movement=True
1,45,140,0.03,rat_movement=True
1,12,20,0.07,rat_movement=True
1,65,120,0.05,rat_movement=True
1,78,200,0.1,rat_movement=True
1,46,40,0.2,rat_movement=True
1,301,440,0.09,rat_movement=True
1,558,680,1.0,rat_movement=True
1,71,40,0.6,rat_movement=True
1,235,420,0.3,rat_movement=True
1,165,220,0.5,rat_movement=True
1,22,20,0.8,rat_movement=True
1,338,460,0.4,rat_movement=True
1,307,460,0.7,rat_movement=True
1,1005,1420,0.0,rat_movement=True
1,379,520,0.9,rat_movement=True
1,41,40,0.01,rat_movement=True
1,71,60,0.03,rat_movement=True
1,225,460,0.0,rat_movement=True
1,302,460,0.05,rat_movement=True
1,86,80,0.09,rat_movement=True
1,810,720,1.0,rat_movement=True
1,24,40,0.2,rat_movement=True
1,172,340,0.07,rat_movement=True
1,265,380,0.1,rat_movement=True
1,120,180,0.4,rat_movement=True
1,188,400,0.3,rat_movement=True
1,53,120,0.6,rat_movement=True
1,46,100,0.7,rat_movement=True
1,83,100,0.9,rat_movement=True
1,191,180,0.8,rat_movement=True
1,86,100,1.0,rat_movement=True
1,66,60,0.0,rat_movement=True
1,33,60,0.03,rat_movement=True
1,509,840,0.5,rat_movement=True
1,44,20,0.05,rat_movement=True
1,99,140,0.07,rat_movement=True
1,28,120,0.09,rat_movement=True
1,106,100,0.1,rat_movement=True
1,55,40,0.3,rat_movement=True
1,111,100,0.2,rat_movement=True
1,23,20,0.5,rat_movement=True
1,113,100,0.4,rat_movement=True
1,76,220,0.7,rat_movement=True
1,937,1000,0.01,rat_movement=True
1,60,40,0.8,rat_movement=True
1,39,80,1.0,rat_movement=True
1,453,420,0.6,rat_movement=True
1,254,200,0.9,rat_movement=True
1,55,100,0.0,rat_movement=True
1,51,60,0.01,rat_movement=True
1,31,20,0.05,rat_movement=True
1,94,100,0.03,rat_movement=True
1,101,120,0.07,rat_movement=True
1,39,120,0.09,rat_movement=True
1,44,140,0.2,rat_movement=True
1,164,320,0.1,rat_movement=True
1,13,20,0.4,rat_movement=True
1,104,160,0.3,rat_movement=True
1,122,100,0.5,rat_movement=True
1,58,60,0.7,rat_movement=True
1,11,20,0.8,rat_movement=True
1,124,140,0.9,rat_movement=True
1,315,300,0.6,rat_movement=True
1,129,160,1.0,rat_movement=True
1,19,20,0.03,rat_movement=True
1,18,20,0.07,rat_movement=True
1,102,80,0.05,rat_movement=True
1,48,80,0.1,rat_movement=True
1,67,60,0.2,rat_movement=True
1,275,540,0.09,rat_movement=True
1,29,40,0.3,rat_movement=True
1,244,160,0.4,rat_movement=True
1,138,140,0.5,rat_movement=True
1,892,1220,0.0,rat_movement=True
1,14,20,0.8,rat_movement=True
1,85,160,0.7,rat_movement=True
1,120,180,0.9,rat_movement=True
1,72,160,0.01,rat_movement=True
1,20,40,0.03,rat_movement=True
1,14,20,0.07,rat_movement=True
1,87,120,0.09,rat_movement=True
1,141,220,0.05,rat_movement=True
1,511,660,1.0,rat_movement=True
1,1524,1760,0.01,rat_movement=True
1,130,240,0.1,rat_movement=True
1,67,140,0.2,rat_movement=True
1,29,20,0.5,rat_movement=True
1,122,200,0.4,rat_movement=True
1,191,340,0.3,rat_movement=True
1,190,340,0.6,rat_movement=True
1,161,160,0.7,rat_movement=True
1,1568,1240,0.6,rat_movement=True
1,998,1420,0.0,rat_movement=True
1,16,40,0.01,rat_movement=True
1,325,300,0.8,rat_movement=True
1,216,280,1.0,rat_movement=True
1,64,180,0.03,rat_movement=True
1,399,380,0.9,rat_movement=True
1,94,140,0.07,rat_movement=True
1,16,40,0.1,rat_movement=True
1,71,80,0.09,rat_movement=True
1,299,360,0.05,rat_movement=True
1,27,20,0.4,rat_movement=True
1,120,240,0.3,rat_movement=True
1,700,740,0.0,rat_movement=True
1,232,280,0.2,rat_movement=True
1,74,80,0.5,rat_movement=True
1,77,80,0.6,rat_movement=True
1,73,60,0.7,rat_movement=True
1,330,320,0.9,rat_movement=True
1,235,340,0.0,rat_movement=True
1,97,160,0.01,rat_movement=True
1,80,200,0.03,rat_movement=True
1,62,60,0.05,rat_movement=True
1,55,80,0.07,rat_movement=True
1,21,20,0.09,rat_movement=True
1,8,40,0.1,rat_movement=True
1,39,80,0.2,rat_movement=True
1,1118,1080,1.0,rat_movement=True
1,184,240,0.3,rat_movement=True
1,151,180,0.4,rat_movement=True
1,137,140,0.5,rat_movement=True
1,1680,1220,0.8,rat_movement=True
1,232,240,0.7,rat_movement=True
1,125,140,0.9,rat_movement=True
1,34,20,0.01,rat_movement=True
1,652,620,0.6,rat_movement=True
1,200,420,0.0,rat_movement=True
1,254,360,0.03,rat_movement=True
1,118,120,0.05,rat_movement=True
1,105,220,0.07,rat_movement=True
1,62,60,0.09,rat_movement=True
1,31,80,0.1,rat_movement=True
1,44,40,0.2,rat_movement=True
1,1460,1240,0.8,rat_movement=True
1,148,380,0.3,rat_movement=True
1,105,120,0.4,rat_movement=True
1,33,40,0.5,rat_movement=True
1,37,40,0.6,rat_movement=True
1,1646,1380,1.0,rat_movement=True
1,163,320,0.7,rat_movement=True
1,66,80,0.8,rat_movement=True
1,20,20,0.9,rat_movement=True
1,85,180,1.0,rat_movement=True
1,70,60,0.01,rat_movement=True
1,71,80,0.05,rat_movement=True
1,307,380,0.0,rat_movement=True
1,222,300,0.03,rat_movement=True
1,82,80,0.07,rat_movement=True
1,106,200,0.09,rat_movement=True
1,55,40,0.3,rat_movement=True
1,164,200,0.1,rat_movement=True
1,58,40,0.4,rat_movement=True
1,31,20,0.7,rat_movement=True
1,141,140,0.5,rat_movement=True
1,321,540,0.2,rat_movement=True
1,141,140,0.9,rat_movement=True
1,75,80,1.0,rat_movement=True
1,318,360,0.8,rat_movement=True
1,17,40,0.03,rat_movement=True
1,416,520,0.01,rat_movement=True
1,845,820,0.6,rat_movement=True
1,357,540,0.05,rat_movement=True
1,166,240,0.09,rat_movement=True
1,48,100,0.1,rat_movement=True
1,84,120,0.2,rat_movement=True
1,75,80,0.3,rat_movement=True
1,34,80,0.4,rat_movement=True
1,49,60,0.6,rat_movement=True
1,576,840,0.07,rat_movement=True
1,26,60,0.7,rat_movement=True
1,108,180,0.8,rat_movement=True
1,77,80,0.9,rat_movement=True
1,60,40,1.0,rat_movement=True
1,44,60,0.03,rat_movement=True
1,63,120,0.01,rat_movement=True
1,26,100,0.07,rat_movement=True
1,59,80,0.05,rat_movement=True
1,972,800,0.5,rat_movement=True
1,68,120,0.09,rat_movement=True
1,151,200,0.1,rat_movement=True
1,139,260,0.2,rat_movement=True
1,92,280,0.3,rat_movement=True
1,58,40,0.6,rat_movement=True
1,162,220,0.4,rat_movement=True
1,45,80,0.7,rat_movement=True
1,39,20,1.0,rat_movement=True
1,377,320,0.5,rat_movement=True
1,54,40,0.0,rat_movement=True
1,403,500,0.8,rat_movement=True
1,87,200,0.03,rat_movement=True
1,90,60,0.05,rat_movement=True
1,1524,1620,0.0,rat_movement=True
1,386,720,0.01,rat_movement=True
1,53,120,0.09,rat_movement=True
1,751,1020,0.9,rat_movement=True
1,193,240,0.07,rat_movement=True
1,124,180,0.2,rat_movement=True
1,367,600,0.1,rat_movement=True
1,29,20,0.5,rat_movement=True
1,258,260,0.3,rat_movement=True
1,215,480,0.4,rat_movement=True
1,102,100,0.6,rat_movement=True
1,100,140,0.7,rat_movement=True
1,126,100,0.9,rat_movement=True
1,85,120,1.0,rat_movement=True
1,54,40,0.0,rat_movement=True
1,135,140,0.01,rat_movement=True
1,8,60,0.05,rat_movement=True
1,524,460,0.8,rat_movement=True
1,56,140,0.07,rat_movement=True
1,16,80,0.09,rat_movement=True
1,78,60,0.1,rat_movement=True
1,32,40,0.2,rat_movement=True
1,448,580,0.03,rat_movement=True
1,91,140,0.4,rat_movement=True
1,20,20,0.6,rat_movement=True
1,74,60,0.5,rat_movement=True
1,32,40,0.7,rat_movement=True
1,326,600,0.3,rat_movement=True
1,80,180,0.0,rat_movement=True
1,112,280,1.0,rat_movement=True
1,79,200,0.01,rat_movement=True
1,21,20,0.05,rat_movement=True
1,318,340,0.9,rat_movement=True
1,104,180,0.03,rat_movement=True
1,17,60,0.09,rat_movement=True
1,129,180,0.07,rat_movement=True
1,76,100,0.1,rat_movement=True
1,19,40,0.3,rat_movement=True
1,625,620,0.8,rat_movement=True
1,147,240,0.2,rat_movement=True
1,70,100,0.4,rat_movement=True
1,85,100,0.6,rat_movement=True
1,184,140,0.5,rat_movement=True
1,34,40,0.7,rat_movement=True
1,211,200,0.8,rat_movement=True
1,30,20,0.0,rat_movement=True
1,74,40,0.01,rat_movement=True
1,233,240,1.0,rat_movement=True
1,278,420,0.9,rat_movement=True
1,114,180,0.03,rat_movement=True
1,80,140,0.09,rat_movement=True
1,69,160,0.1,rat_movement=True
1,165,220,0.05,rat_movement=True
1,221,260,0.07,rat_movement=True
1,204,300,0.2,rat_movement=True
1,199,360,0.3,rat_movement=True
1,45,40,0.8,rat_movement=True
1,285,260,0.4,rat_movement=True
1,13,20,0.9,rat_movement=True
1,12,60,1.0,rat_movement=True
1,326,420,0.5,rat_movement=True
1,15,20,0.01,rat_movement=True
1,267,280,0.6,rat_movement=True
1,20,40,0.05,rat_movement=True
1,112,220,0.03,rat_movement=True
1,77,140,0.07,rat_movement=True
1,65,80,0.09,rat_movement=True
1,58,80,0.1,rat_movement=True
1,87,80,0.2,rat_movement=True
1,649,580,0.7,rat_movement=True
1,137,240,0.3,rat_movement=True
1,41,60,0.5,rat_movement=True
1,60,100,0.7,rat_movement=True
1,96,100,0.8,rat_movement=True
1,158,140,0.6,rat_movement=True
1,282,240,0.4,rat_movement=True
1,31,20,0.9,rat_movement=True
1,755,1240,0.0,rat_movement=True
1,235,300,1.0,rat_movement=True
1,290,500,0.0,rat_movement=True
1,15,20,0.05,rat_movement=True
1,128,140,0.03,rat_movement=True
1,315,440,0.01,rat_movement=True
1,108,180,0.07,rat_movement=True
1,66,60,0.09,rat_movement=True
1,110,200,0.1,rat_movement=True
1,86,140,0.2,rat_movement=True
1,51,120,0.4,rat_movement=True
1,111,260,0.3,rat_movement=True
1,100,220,0.6,rat_movement=True
1,166,160,0.7,rat_movement=True
1,351,460,0.5,rat_movement=True
1,178,260,0.8,rat_movement=True
1,37,60,0.9,rat_movement=True
1,47,40,0.0,rat_movement=True
1,63,100,0.03,rat_movement=True
1,67,100,0.05,rat_movement=True
1,42,60,0.07,rat_movement=True
1,4,20,0.09,rat_movement=True
1,172,280,0.01,rat_movement=True
1,344,380,1.0,rat_movement=True
1,108,200,0.1,rat_movement=True
1,107,80,0.2,rat_movement=True
1,123,220,0.3,rat_movement=True
1,149,180,0.4,rat_movement=True
1,49,80,0.5,rat_movement=True
1,78,80,0.7,rat_movement=True
1,89,80,0.8,rat_movement=True
1,214,180,0.6,rat_movement=True
1,18,100,1.0,rat_movement=True
1,16,20,0.0,rat_movement=True
1,150,220,0.01,rat_movement=True
1,54,80,0.03,rat_movement=True
1,14,40,0.05,rat_movement=True
1,503,620,0.9,rat_movement=True
1,15,20,0.09,rat_movement=True
1,80,80,0.1,rat_movement=True
1,34,40,0.2,rat_movement=True
1,271,320,0.07,rat_movement=True
1,27,60,0.3,rat_movement=True
1,35,40,0.5,rat_movement=True
1,15,20,0.7,rat_movement=True
1,132,300,0.4,rat_movement=True
1,152,220,0.6,rat_movement=True
1,126,120,0.8,rat_movement=True
1,40,80,1.0,rat_movement=True
1,119,200,0.01,rat_movement=True
1,54,60,0.07,rat_movement=True
1,41,40,0.09,rat_movement=True
1,538,540,0.9,rat_movement=True
1,154,140,0.1,rat_movement=True
1,61,140,0.3,rat_movement=True
1,91,100,0.2,rat_movement=True
1,53,140,0.4,rat_movement=True
1,471,640,0.03,rat_movement=True
1,17,20,0.6,rat_movement=True
1,54,60,0.7,rat_movement=True
1,253,320,0.5,rat_movement=True
1,835,940,0.05,rat_movement=True
1,128,140,0.9,rat_movement=True
1,212,180,1.0,rat_movement=True
1,62,120,0.03,rat_movement=True
1,359,420,0.01,rat_movement=True
1,97,80,0.05,rat_movement=True
1,78,140,0.07,rat_movement=True
1,666,900,0.0,rat_movement=True
1,58,40,0.09,rat_movement=True
1,22,60,0.1,rat_movement=True
1,12,20,0.2,rat_movement=True
1,5,20,0.3,rat_movement=True
1,18,20,0.6,rat_movement=True
1,57,60,0.5,rat_movement=True
1,1688,1620,0.8,rat_movement=True
1,49,60,0.9,rat_movement=True
1,364,300,0.4,rat_movement=True
1,209,320,0.8,rat_movement=True
1,206,500,0.7,rat_movement=True
1,8,40,0.01,rat_movement=True
1,30,40,0.03,rat_movement=True
1,66,180,0.05,rat_movement=True
1,30,120,0.07,rat_movement=True
1,52,100,0.1,rat_movement=True
1,144,220,0.09,rat_movement=True
1,78,60,0.3,rat_movement=True
1,105,260,0.2,rat_movement=True
1,102,140,0.4,rat_movement=True
1,47,40,0.6,rat_movement=True
1,96,180,0.7,rat_movement=True
1,1017,1100,0.0,rat_movement=True
1,332,480,0.5,rat_movement=True
1,188,260,0.8,rat_movement=True
1,258,220,0.9,rat_movement=True
1,1472,1360,1.0,rat_movement=True
1,111,200,0.01,rat_movement=True
1,111,180,0.03,rat_movement=True
1,93,80,0.05,rat_movement=True
1,31,40,0.07,rat_movement=True
1,75,120,0.09,rat_movement=True
1,24,60,0.1,rat_movement=True
1,0,20,0.2,rat_movement=True
1,60,180,0.3,rat_movement=True
1,83,100,0.4,rat_movement=True
1,101,80,0.5,rat_movement=True
1,21,20,0.9,rat_movement=True
1,409,360,0.6,rat_movement=True
1,1507,1560,1.0,rat_movement=True
1,359,700,0.8,rat_movement=True
1,551,460,0.7,rat_movement=True
1,222,220,1.0,rat_movement=True
1,190,320,0.0,rat_movement=True
1,59,80,0.03,rat_movement=True
1,86,80,0.07,rat_movement=True
1,119,120,0.05,rat_movement=True
1,53,100,0.1,rat_movement=True
1,97,220,0.09,rat_movement=True
1,20,80,0.4,rat_movement=True
1,103,100,0.3,rat_movement=True
1,126,180,0.2,rat_movement=True
1,56,80,0.6,rat_movement=True
1,10,20,0.8,rat_movement=True
1,240,280,0.5,rat_movement=True
1,608,940,0.01,rat_movement=True
1,20,20,1.0,rat_movement=True
1,79,60,0.01,rat_movement=True
1,35,80,0.03,rat_movement=True
1,27,20,0.07,rat_movement=True
1,134,140,0.05,rat_movement=True
1,13,40,0.1,rat_movement=True
1,56,100,0.09,rat_movement=True
1,715,720,0.7,rat_movement=True
1,84,200,0.3,rat_movement=True
1,709,660,0.9,rat_movement=True
1,145,220,0.2,rat_movement=True
1,126,260,0.4,rat_movement=True
1,33,40,0.7,rat_movement=True
1,116,120,0.6,rat_movement=True
1,222,200,0.5,rat_movement=True
1,92,200,1.0,rat_movement=True
1,1000,1220,0.0,rat_movement=True
1,72,160,0.01,rat_movement=True
1,247,360,0.8,rat_movement=True
1,165,320,0.0,rat_movement=True
1,300,320,0.9,rat_movement=True
1,27,80,0.05,rat_movement=True
1,112,240,0.03,rat_movement=True
1,96,60,0.07,rat_movement=True
1,34,20,0.1,rat_movement=True
1,258,420,0.09,rat_movement=True
1,70,160,0.2,rat_movement=True
1,52,80,0.4,rat_movement=True
1,108,180,0.3,rat_movement=True
1,102,180,0.5,rat_movement=True
1,33,20,0.7,rat_movement=True
1,73,120,0.9,rat_movement=True
1,401,340,0.6,rat_movement=True
1,273,340,0.8,rat_movement=True
1,227,200,1.0,rat_movement=True
1,50,100,0.01,rat_movement=True
1,78,120,0.05,rat_movement=True
1,181,280,0.03,rat_movement=True
1,101,100,0.07,rat_movement=True
1,83,160,0.09,rat_movement=True
1,26,20,0.1,rat_movement=True
1,77,60,0.3,rat_movement=True
1,163,220,0.2,rat_movement=True
1,173,160,0.4,rat_movement=True
1,83,80,0.6,rat_movement=True
1,169,280,0.5,rat_movement=True
1,14,20,0.7,rat_movement=True
1,1470,1440,0.0,rat_movement=True
1,210,280,0.8,rat_movement=True
1,24,80,0.0,rat_movement=True
1,41,20,0.03,rat_movement=True
1,319,620,0.9,rat_movement=True
1,89,100,0.05,rat_movement=True
1,53,80,0.09,rat_movement=True
1,73,80,0.07,rat_movement=True
1,13,20,0.1,rat_movement=True
1,311,380,0.01,rat_movement=True
1,30,20,0.2,rat_movement=True
1,492,600,1.0,rat_movement=True
1,160,100,0.3,rat_movement=True
1,67,100,0.5,rat_movement=True
1,219,220,0.4,rat_movement=True
1,244,180,0.6,rat_movement=True
1,151,300,0.8,rat_movement=True
1,252,460,0.7,rat_movement=True
1,123,260,1.0,rat_movement=True
1,13,60,0.01,rat_movement=True
1,237,320,0.9,rat_movement=True
1,63,80,0.05,rat_movement=True
1,108,140,0.03,rat_movement=True
1,72,80,0.07,rat_movement=True
1,118,80,0.09,rat_movement=True
1,39,100,0.3,rat_movement=True
1,189,180,0.4,rat_movement=True
1,890,940,0.0,rat_movement=True
1,83,80,0.6,rat_movement=True
1,493,880,0.1,rat_movement=True
1,644,760,0.2,rat_movement=True
1,129,160,0.7,rat_movement=True
1,5,20,0.9,rat_movement=True
1,77,80,0.8,rat_movement=True
1,45,80,0.0,rat_movement=True
1,606,560,0.5,rat_movement=True
1,370,340,1.0,rat_movement=True
1,187,240,0.03,rat_movement=True
1,37,80,0.09,rat_movement=True
1,28,100,0.1,rat_movement=True
1,409,580,0.01,rat_movement=True
1,300,420,0.05,rat_movement=True
1,174,420,0.07,rat_movement=True
1,80,100,0.3,rat_movement=True
1,101,140,0.2,rat_movement=True
1,41,120,0.5,rat_movement=True
1,148,160,0.4,rat_movement=True
1,36,20,0.9,rat_movement=True
1,328,620,0.6,rat_movement=True
1,353,280,0.7,rat_movement=True
1,313,500,0.8,rat_movement=True
1,198,200,1.0,rat_movement=True
1,89,60,0.03,rat_movement=True
1,186,160,0.0,rat_movement=True
1,73,120,0.09,rat_movement=True
1,28,20,0.2,rat_movement=True
1,418,620,0.07,rat_movement=True
1,682,1020,0.05,rat_movement=True
1,195,160,0.3,rat_movement=True
1,9,40,0.4,rat_movement=True
1,475,520,0.1,rat_movement=True
1,155,160,0.5,rat_movement=True
1,1178,1300,0.01,rat_movement=True
1,50,100,0.8,rat_movement=True
1,180,200,0.7,rat_movement=True
1,4,40,1.0,rat_movement=True
1,2,20,0.0,rat_movement=True
1,38,40,0.05,rat_movement=True
1,231,320,0.9,rat_movement=True
1,152,360,0.03,rat_movement=True
1,55,100,0.09,rat_movement=True
1,301,480,0.01,rat_movement=True
1,71,80,0.1,rat_movement=True
1,675,680,0.6,rat_movement=True
1,84,100,0.3,rat_movement=True
1,38,160,0.4,rat_movement=True
1,147,180,0.2,rat_movement=True
1,86,140,0.7,rat_movement=True
1,65,100,0.9,rat_movement=True
1,101,160,0.8,rat_movement=True
1,551,720,0.07,rat_movement=True
1,296,240,0.5,rat_movement=True
1,242,460,0.6,rat_movement=True
1,22,40,0.01,rat_movement=True
1,10,40,0.03,rat_movement=True
1,26,60,0.05,rat_movement=True
1,202,220,1.0,rat_movement=True
1,130,200,0.07,rat_movement=True
1,443,460,0.0,rat_movement=True
1,296,560,0.09,rat_movement=True
1,158,120,0.2,rat_movement=True
1,262,580,0.1,rat_movement=True
1,26,20,0.4,rat_movement=True
1,77,60,0.3,rat_movement=True
1,19,20,0.5,rat_movement=True
1,50,60,0.6,rat_movement=True
1,35,40,0.7,rat_movement=True
1,130,100,0.8,rat_movement=True
1,78,220,0.9,rat_movement=True
1,37,40,1.0,rat_movement=True
1,168,280,0.0,rat_movement=True
1,155,200,0.01,rat_movement=True
1,97,120,0.05,rat_movement=True
1,260,300,0.03,rat_movement=True
1,96,140,0.09,rat_movement=True
1,58,40,0.1,rat_movement=True
1,31,20,0.2,rat_movement=True
1,85,120,0.3,rat_movement=True
1,6,20,0.4,rat_movement=True
1,82,140,0.5,rat_movement=True
1,39,40,0.7,rat_movement=True
1,917,940,0.07,rat_movement=True
1,150,180,0.6,rat_movement=True
1,9,20,0.9,rat_movement=True
1,88,80,0.8,rat_movement=True
1,83,160,1.0,rat_movement=True
1,26,20,0.01,rat_movement=True
1,53,200,0.05,rat_movement=True
1,737,960,0.0,rat_movement=True
1,348,560,0.03,rat_movement=True
1,80,80,0.09,rat_movement=True
1,18,20,0.1,rat_movement=True
1,382,660,0.07,rat_movement=True
1,82,100,0.2,rat_movement=True
1,42,80,0.5,rat_movement=True
1,115,160,0.4,rat_movement=True
1,30,20,0.7,rat_movement=True
1,221,200,0.3,rat_movement=True
1,26,60,0.8,rat_movement=True
1,144,140,0.6,rat_movement=True
1,182,300,0.9,rat_movement=True
1,137,300,0.01,rat_movement=True
1,98,180,0.03,rat_movement=True
1,525,640,0.0,rat_movement=True
1,82,120,0.05,rat_movement=True
1,45,120,0.07,rat_movement=True
1,15,20,0.1,rat_movement=True
1,996,920,1.0,rat_movement=True
1,91,120,0.09,rat_movement=True
1,49,100,0.2,rat_movement=True
1,70,60,0.4,rat_movement=True
1,56,60,0.5,rat_movement=True
1,50,20,0.6,rat_movement=True
1,125,140,0.3,rat_movement=True
1,7,20,0.9,rat_movement=True
1,90,220,0.7,rat_movement=True
1,91,100,0.8,rat_movement=True
1,5,20,0.01,rat_movement=True
1,81,60,1.0,rat_movement=True
1,48,60,0.0,rat_movement=True
1,9,60,0.03,rat_movement=True
1,154,140,0.05,rat_movement=True
1,47,160,0.09,rat_movement=True
1,11,20,0.1,rat_movement=True
1,246,420,0.07,rat_movement=True
1,93,140,0.2,rat_movement=True
1,44,80,0.3,rat_movement=True
1,57,120,0.4,rat_movement=True
1,161,280,0.6,rat_movement=True
1,41,40,0.8,rat_movement=True
1,482,420,0.5,rat_movement=True
1,55,80,1.0,rat_movement=True
1,299,420,0.7,rat_movement=True
1,63,100,0.03,rat_movement=True
1,30,40,0.05,rat_movement=True
1,294,460,0.01,rat_movement=True
1,439,480,0.0,rat_movement=True
1,116,220,0.07,rat_movement=True
1,46,40,0.1,rat_movement=True
1,100,120,0.09,rat_movement=True
1,45,80,0.2,rat_movement=True
1,1010,900,0.9,rat_movement=True
1,116,80,0.3,rat_movement=True
1,110,260,0.5,rat_movement=True
1,282,340,0.4,rat_movement=True
1,177,120,0.6,rat_movement=True
1,201,200,0.7,rat_movement=True
1,132,100,0.9,rat_movement=True
1,208,200,0.8,rat_movement=True
1,40,80,0.03,rat_movement=True
1,131,180,0.05,rat_movement=True
1,354,560,0.01,rat_movement=True
1,153,300,0.07,rat_movement=True
1,123,160,0.09,rat_movement=True
1,536,720,0.0,rat_movement=True
1,672,660,1.0,rat_movement=True
1,10,20,0.3,rat_movement=True
1,76,180,0.2,rat_movement=True
1,67,80,0.4,rat_movement=True
1,205,420,0.1,rat_movement=True
1,33,120,0.7,rat_movement=True
1,173,320,0.6,rat_movement=True
1,16,20,0.0,rat_movement=True
1,344,320,0.8,rat_movement=True
1,128,280,0.01,rat_movement=True
1,289,480,1.0,rat_movement=True
1,57,80,0.05,rat_movement=True
1,7,20,0.09,rat_movement=True
1,123,140,0.07,rat_movement=True
1,674,780,0.9,rat_movement=True
1,37,40,0.2,rat_movement=True
1,363,560,0.03,rat_movement=True
1,169,300,0.1,rat_movement=True
1,79,60,0.3,rat_movement=True
1,6,20,0.5,rat_movement=True
1,58,80,0.4,rat_movement=True
1,1253,1640,0.5,rat_movement=True
1,106,100,0.7,rat_movement=True
1,181,180,0.6,rat_movement=True
1,43,100,0.0,rat_movement=True
1,73,60,1.0,rat_movement=True
1,149,380,0.9,rat_movement=True
1,125,140,0.01,rat_movement=True
1,98,240,0.03,rat_movement=True
1,43,20,0.1,rat_movement=True
1,200,180,0.05,rat_movement=True
1,129,260,0.07,rat_movement=True
1,30,100,0.2,rat_movement=True
1,488,460,0.8,rat_movement=True
1,203,340,0.09,rat_movement=True
1,117,140,0.4,rat_movement=True
1,12,20,0.6,rat_movement=True
1,20,40,0.7,rat_movement=True
1,146,180,0.5,rat_movement=True
1,263,180,0.3,rat_movement=True
1,105,160,0.8,rat_movement=True
1,46,60,1.0,rat_movement=True
1,25,20,0.0,rat_movement=True
1,229,320,0.01,rat_movement=True
1,438,420,0.9,rat_movement=True
1,6,20,0.05,rat_movement=True
1,77,160,0.03,rat_movement=True
1,0,0,0.09,rat_movement=True
1,199,420,0.07,rat_movement=True
1,160,320,0.1,rat_movement=True
1,28,80,0.2,rat_movement=True
1,8,20,0.3,rat_movement=True
1,48,40,0.5,rat_movement=True
1,115,260,0.4,rat_movement=True
1,45,40,0.7,rat_movement=True
1,98,180,0.6,rat_movement=True
1,10,40,0.8,rat_movement=True
1,41,120,0.9,rat_movement=True
1,86,180,1.0,rat_movement=True
1,104,180,0.0,rat_movement=True
1,89,120,0.01,rat_movement=True
1,101,120,0.03,rat_movement=True
1,95,80,0.05,rat_movement=True
1,96,140,0.09,rat_movement=True
1,20,20,0.1,rat_movement=True
1,164,340,0.07,rat_movement=True
1,75,260,0.2,rat_movement=True
1,219,400,0.3,rat_movement=True
1,313,560,0.4,rat_movement=True
1,164,160,0.6,rat_movement=True
1,577,380,0.5,rat_movement=True
1,174,200,0.7,rat_movement=True
1,63,60,1.0,rat_movement=True
1,264,240,0.8,rat_movement=True
1,134,180,0.0,rat_movement=True
1,68,60,0.03,rat_movement=True
1,335,380,0.9,rat_movement=True
1,199,180,0.01,rat_movement=True
1,68,80,0.05,rat_movement=True
1,119,140,0.09,rat_movement=True
1,131,260,0.07,rat_movement=True
1,91,160,0.1,rat_movement=True
1,32,20,0.2,rat_movement=True
1,52,80,0.4,rat_movement=True
1,229,160,0.3,rat_movement=True
1,73,80,0.5,rat_movement=True
1,12,20,0.7,rat_movement=True
1,209,320,0.6,rat_movement=True
1,163,200,1.0,rat_movement=True
1,97,180,0.0,rat_movement=True
1,422,360,0.8,rat_movement=True
1,375,320,0.9,rat_movement=True
1,110,140,0.05,rat_movement=True
1,248,320,0.01,rat_movement=True
1,278,340,0.03,rat_movement=True
1,60,100,0.09,rat_movement=True
1,44,80,0.1,rat_movement=True
1,15,40,0.2,rat_movement=True
1,8,20,0.3,rat_movement=True
1,0,0,0.4,rat_movement=True
1,44,80,0.5,rat_movement=True
1,430,860,0.07,rat_movement=True
1,144,300,0.7,rat_movement=True
1,3,20,0.9,rat_movement=True
1,153,140,0.8,rat_movement=True
1,11,20,0.01,rat_movement=True
1,93,300,1.0,rat_movement=True
1,106,160,0.0,rat_movement=True
1,8,20,0.07,rat_movement=True
1,38,100,0.05,rat_movement=True
1,53,160,0.03,rat_movement=True
1,25,20,0.1,rat_movement=True
1,62,100,0.2,rat_movement=True
1,175,220,0.09,rat_movement=True
1,37,40,0.3,rat_movement=True
1,24,120,0.4,rat_movement=True
1,23,40,0.5,rat_movement=True
1,52,40,0.6,rat_movement=True
1,1029,800,0.6,rat_movement=True
1,182,160,0.8,rat_movement=True
1,170,200,0.9,rat_movement=True
1,187,200,0.01,rat_movement=True
1,111,160,0.03,rat_movement=True
1,35,20,0.05,rat_movement=True
1,312,380,1.0,rat_movement=True
1,611,600,0.7,rat_movement=True
1,168,240,0.07,rat_movement=True
1,67,80,0.1,rat_movement=True
1,171,280,0.09,rat_movement=True
1,11,20,0.3,rat_movement=True
1,710,780,0.0,rat_movement=True
1,76,60,0.4,rat_movement=True
1,49,40,0.5,rat_movement=True
1,30,80,0.7,rat_movement=True
1,395,740,0.2,rat_movement=True
1,7,20,0.9,rat_movement=True
1,131,180,0.8,rat_movement=True
1,363,300,0.6,rat_movement=True
1,8,20,0.0,rat_movement=True
1,123,160,1.0,rat_movement=True
1,195,220,0.01,rat_movement=True
1,185,320,0.03,rat_movement=True
1,42,120,0.05,rat_movement=True
1,13,20,0.09,rat_movement=True
1,21,60,0.1,rat_movement=True
1,86,100,0.07,rat_movement=True
1,11,20,0.2,rat_movement=True
1,108,60,0.3,rat_movement=True
1,208,180,0.4,rat_movement=True
1,117,100,0.5,rat_movement=True
1,44,60,0.7,rat_movement=True
1,9,20,0.9,rat_movement=True
1,43,40,0.8,rat_movement=True
1,81,100,0.01,rat_movement=True
1,395,320,0.6,rat_movement=True
1,76,60,0.03,rat_movement=True
1,163,260,0.05,rat_movement=True
1,124,320,0.07,rat_movement=True
1,57,80,0.09,rat_movement=True
1,510,560,1.0,rat_movement=True
1,40,40,0.2,rat_movement=True
1,113,100,0.1,rat_movement=True
1,66,80,0.3,rat_movement=True
1,119,80,0.4,rat_movement=True
1,648,780,0.0,rat_movement=True
1,119,160,0.7,rat_movement=True
1,294,280,0.5,rat_movement=True
1,196,220,0.6,rat_movement=True
1,69,220,0.8,rat_movement=True
1,307,320,1.0,rat_movement=True
1,380,420,0.9,rat_movement=True
1,333,420,0.0,rat_movement=True
1,175,260,0.01,rat_movement=True
1,87,140,0.03,rat_movement=True
1,69,120,0.05,rat_movement=True
1,73,100,0.07,rat_movement=True
1,96,60,0.09,rat_movement=True
1,68,100,0.1,rat_movement=True
1,95,120,0.3,rat_movement=True
1,155,180,0.2,rat_movement=True
1,76,120,0.4,rat_movement=True
1,134,120,0.6,rat_movement=True
1,100,220,0.8,rat_movement=True
1,295,300,0.7,rat_movement=True
1,201,220,0.9,rat_movement=True
1,42,60,0.01,rat_movement=True
1,58,140,0.03,rat_movement=True
1,148,240,0.05,rat_movement=True
1,38,20,0.07,rat_movement=True
1,105,120,0.1,rat_movement=True
1,953,780,1.0,rat_movement=True
1,1276,1340,0.5,rat_movement=True
1,29,20,0.3,rat_movement=True
1,163,100,0.2,rat_movement=True
1,40,40,0.4,rat_movement=True
1,58,40,0.5,rat_movement=True
1,0,0,0.7,rat_movement=True
1,1292,1400,0.0,rat_movement=True
1,652,840,0.09,rat_movement=True
1,61,80,0.8,rat_movement=True
1,96,180,0.9,rat_movement=True
1,69,80,1.0,rat_movement=True
1,21,100,0.01,rat_movement=True
1,3,20,0.05,rat_movement=True
1,54,40,0.07,rat_movement=True
1,231,340,0.03,rat_movement=True
1,68,140,0.09,rat_movement=True
1,1109,1020,0.6,rat_movement=True
1,67,120,0.2,rat_movement=True
1,146,280,0.1,rat_movement=True
1,150,260,0.3,rat_movement=True
1,54,60,0.6,rat_movement=True
1,27,20,0.7,rat_movement=True
1,410,340,0.4,rat_movement=True
1,247,200,0.8,rat_movement=True
1,1218,1760,0.0,rat_movement=True
1,323,280,1.0,rat_movement=True
1,510,480,0.9,rat_movement=True
1,120,180,0.01,rat_movement=True
1,112,200,0.03,rat_movement=True
1,89,180,0.07,rat_movement=True
1,315,420,0.05,rat_movement=True
1,65,100,0.1,rat_movement=True
1,246,380,0.09,rat_movement=True
1,92,100,0.2,rat_movement=True
1,1123,1500,0.0,rat_movement=True
1,140,200,0.3,rat_movement=True
1,113,100,0.4,rat_movement=True
1,4,40,0.7,rat_movement=True
1,2,20,0.8,rat_movement=True
1,170,280,0.6,rat_movement=True
1,255,300,0.5,rat_movement=True
1,21,20,0.01,rat_movement=True
1,60,100,0.03,rat_movement=True
1,73,60,0.05,rat_movement=True
1,93,120,0.07,rat_movement=True
1,381,360,0.9,rat_movement=True
1,77,120,0.09,rat_movement=True
1,100,180,0.1,rat_movement=True
1,98,80,0.2,rat_movement=True
1,650,660,1.0,rat_movement=True
1,74,60,0.3,rat_movement=True
1,18,20,0.6,rat_movement=True
1,51,80,0.4,rat_movement=True
1,179,260,0.7,rat_movement=True
1,7,20,0.9,rat_movement=True
1,986,1040,0.0,rat_movement=True
1,278,480,0.5,rat_movement=True
1,78,120,1.0,rat_movement=True
1,358,560,0.8,rat_movement=True
1,89,80,0.07,rat_movement=True
1,50,100,0.09,rat_movement=True
1,295,580,0.01,rat_movement=True
1,115,140,0.1,rat_movement=True
1,425,620,0.03,rat_movement=True
1,42,60,0.2,rat_movement=True
1,29,20,0.3,rat_movement=True
1,4,20,0.4,rat_movement=True
1,444,780,0.05,rat_movement=True
1,25,20,0.6,rat_movement=True
1,103,180,0.5,rat_movement=True
1,89,80,0.7,rat_movement=True
1,1154,1320,0.0,rat_movement=True
1,125,120,0.9,rat_movement=True
1,425,400,0.8,rat_movement=True
1,428,480,1.0,rat_movement=True
1,166,380,0.01,rat_movement=True
1,40,80,0.05,rat_movement=True
1,36,20,0.07,rat_movement=True
1,429,520,0.03,rat_movement=True
1,69,60,0.09,rat_movement=True
1,28,40,0.1,rat_movement=True
1,81,200,0.2,rat_movement=True
1,42,40,0.4,rat_movement=True
1,258,420,0.3,rat_movement=True
1,1137,1460,0.0,rat_movement=True
1,189,160,0.5,rat_movement=True
1,87,100,0.6,rat_movement=True
1,90,160,0.7,rat_movement=True
1,18,40,1.0,rat_movement=True
1,43,80,0.9,rat_movement=True
1,88,100,0.8,rat_movement=True
1,77,40,0.01,rat_movement=True
1,101,140,0.05,rat_movement=True
1,84,160,0.07,rat_movement=True
1,136,160,0.03,rat_movement=True
1,59,120,0.09,rat_movement=True
1,96,160,0.1,rat_movement=True
1,91,200,0.2,rat_movement=True
1,142,140,0.3,rat_movement=True
1,140,160,0.5,rat_movement=True
1,355,280,0.4,rat_movement=True
1,72,80,0.7,rat_movement=True
1,185,200,0.6,rat_movement=True
1,3,40,0.8,rat_movement=True
1,31,40,0.9,rat_movement=True
1,63,120,0.0,rat_movement=True
1,182,340,0.01,rat_movement=True
1,48,180,0.03,rat_movement=True
1,20,60,0.07,rat_movement=True
1,119,200,0.05,rat_movement=True
1,563,520,1.0,rat_movement=True
1,20,80,0.2,rat_movement=True
1,157,200,0.09,rat_movement=True
1,170,180,0.1,rat_movement=True
1,49,80,0.4,rat_movement=True
1,98,200,0.3,rat_movement=True
1,22,40,0.5,rat_movement=True
1,85,80,0.6,rat_movement=True
1,1938,2400,0.0,rat_movement=True
1,134,140,0.7,rat_movement=True
1,86,120,0.9,rat_movement=True
1,72,80,1.0,rat_movement=True
1,342,360,0.8,rat_movement=True
1,205,400,0.01,rat_movement=True
1,103,160,0.03,rat_movement=True
1,72,80,0.05,rat_movement=True
1,47,60,0.07,rat_movement=True
1,530,680,0.0,rat_movement=True
1,126,180,0.09,rat_movement=True
1,15,40,0.2,rat_movement=True
1,90,160,0.1,rat_movement=True
1,75,120,0.3,rat_movement=True
1,30,80,0.4,rat_movement=True
1,73,60,0.5,rat_movement=True
1,54,40,0.6,rat_movement=True
1,102,100,0.7,rat_movement=True
1,248,300,0.9,rat_movement=True
1,418,700,0.8,rat_movement=True
1,154,320,0.01,rat_movement=True
1,604,680,1.0,rat_movement=True
1,58,60,0.05,rat_movement=True
1,92,80,0.03,rat_movement=True
1,74,140,0.07,rat_movement=True
1,46,60,0.09,rat_movement=True
1,68,140,0.1,rat_movement=True
1,233,340,0.2,rat_movement=True
1,73,60,0.4,rat_movement=True
1,1406,1340,0.0,rat_movement=True
1,12,60,0.5,rat_movement=True
1,194,220,0.3,rat_movement=True
1,17,40,0.9,rat_movement=True
1,188,260,0.6,rat_movement=True
1,495,500,0.7,rat_movement=True
1,501,580,1.0,rat_movement=True
1,21,60,0.03,rat_movement=True
1,49,20,0.05,rat_movement=True
1,538,620,0.01,rat_movement=True
1,103,100,0.07,rat_movement=True
1,1025,1160,0.0,rat_movement=True
1,106,200,0.2,rat_movement=True
1,119,180,0.1,rat_movement=True
1,205,340,0.4,rat_movement=True
1,301,320,0.3,rat_movement=True
1,18,20,0.7,rat_movement=True
1,390,860,0.09,rat_movement=True
1,200,180,0.6,rat_movement=True
1,44,80,1.0,rat_movement=True
1,354,520,0.5,rat_movement=True
1,333,360,0.8,rat_movement=True
1,11,80,0.03,rat_movement=True
1,3,20,0.05,rat_movement=True
1,201,300,0.01,rat_movement=True
1,47,40,0.07,rat_movement=True
1,310,400,0.0,rat_movement=True
1,36,60,0.1,rat_movement=True
1,94,80,0.2,rat_movement=True
1,126,300,0.09,rat_movement=True
1,53,120,0.3,rat_movement=True
1,327,300,0.4,rat_movement=True
1,317,220,0.5,rat_movement=True
1,19,20,0.6,rat_movement=True
1,138,140,0.7,rat_movement=True
1,104,120,0.9,rat_movement=True
1,258,340,1.0,rat_movement=True
1,542,640,0.8,rat_movement=True
1,111,200,0.03,rat_movement=True
1,408,460,0.01,rat_movement=True
1,117,140,0.05,rat_movement=True
1,521,600,0.0,rat_movement=True
1,184,320,0.07,rat_movement=True
1,34,20,0.1,rat_movement=True
1,81,80,0.2,rat_movement=True
1,37,80,0.3,rat_movement=True
1,375,500,0.09,rat_movement=True
1,110,160,0.4,rat_movement=True
1,122,180,0.5,rat_movement=True
1,118,200,0.6,rat_movement=True
1,120,280,0.7,rat_movement=True
1,41,100,0.0,rat_movement=True
1,100,140,0.01,rat_movement=True
1,239,240,1.0,rat_movement=True
1,30,40,0.05,rat_movement=True
1,21,40,0.07,rat_movement=True
1,161,160,0.03,rat_movement=True
1,85,180,0.09,rat_movement=True
1,495,580,0.9,rat_movement=True
1,110,160,0.1,rat_movement=True
1,53,140,0.2,rat_movement=True
1,202,360,0.3,rat_movement=True
1,216,260,0.5,rat_movement=True
1,349,380,0.4,rat_movement=True
1,222,220,0.7,rat_movement=True
1,382,540,0.6,rat_movement=True
1,1946,1580,0.8,rat_movement=True
1,83,100,0.8,rat_movement=True
1,45,40,0.9,rat_movement=True
1,389,360,1.0,rat_movement=True
1,85,160,0.01,rat_movement=True
1,62,60,0.03,rat_movement=True
1,13,40,0.05,rat_movement=True
1,83,100,0.07,rat_movement=True
1,113,180,0.09,rat_movement=True
1,12,20,0.4,rat_movement=True
1,35,20,0.3,rat_movement=True
1,60,80,0.2,rat_movement=True
1,133,280,0.1,rat_movement=True
1,21,20,0.7,rat_movement=True
1,78,100,0.8,rat_movement=True
1,32,40,0.9,rat_movement=True
1,284,340,0.6,rat_movement=True
1,1452,1340,0.0,rat_movement=True
1,93,160,1.0,rat_movement=True
1,90,160,0.0,rat_movement=True
1,545,640,0.5,rat_movement=True
1,171,300,0.03,rat_movement=True
1,134,120,0.07,rat_movement=True
1,100,160,0.09,rat_movement=True
1,418,620,0.01,rat_movement=True
1,96,120,0.2,rat_movement=True
1,187,340,0.1,rat_movement=True
1,125,240,0.3,rat_movement=True
1,133,180,0.4,rat_movement=True
1,175,140,0.5,rat_movement=True
1,43,120,0.6,rat_movement=True
1,20,20,0.7,rat_movement=True
1,819,1180,0.05,rat_movement=True
1,3,20,1.0,rat_movement=True
1,632,640,0.8,rat_movement=True
1,32,60,0.01,rat_movement=True
1,274,340,0.0,rat_movement=True
1,263,380,0.03,rat_movement=True
1,4,20,0.05,rat_movement=True
1,59,120,0.07,rat_movement=True
1,42,40,0.09,rat_movement=True
1,22,20,0.3,rat_movement=True
1,77,100,0.2,rat_movement=True
1,8,20,0.4,rat_movement=True
1,130,140,0.6,rat_movement=True
1,217,300,0.5,rat_movement=True
1,89,80,0.7,rat_movement=True
1,389,780,0.1,rat_movement=True
1,186,200,0.8,rat_movement=True
1,177,200,1.0,rat_movement=True
1,31,20,0.01,rat_movement=True
1,339,380,0.9,rat_movement=True
1,56,60,0.03,rat_movement=True
1,29,20,0.07,rat_movement=True
1,167,340,0.05,rat_movement=True
1,45,60,0.09,rat_movement=True
1,25,60,0.1,rat_movement=True
1,67,40,0.2,rat_movement=True
1,90,120,0.3,rat_movement=True
1,216,180,0.4,rat_movement=True
1,246,320,0.5,rat_movement=True
1,58,60,0.9,rat_movement=True
1,293,260,0.7,rat_movement=True
1,1663,1800,0.0,rat_movement=True
1,386,600,0.6,rat_movement=True
1,40,120,0.01,rat_movement=True
1,85,140,0.0,rat_movement=True
1,276,400,0.8,rat_movement=True
1,147,180,0.03,rat_movement=True
1,46,60,0.07,rat_movement=True
1,126,200,0.05,rat_movement=True
1,41,60,0.1,rat_movement=True
1,117,140,0.09,rat_movement=True
1,145,220,0.3,rat_movement=True
1,59,160,0.4,rat_movement=True
1,778,640,1.0,rat_movement=True
1,10,40,0.6,rat_movement=True
1,118,140,0.8,rat_movement=True
1,38,120,0.9,rat_movement=True
1,25,60,1.0,rat_movement=True
1,325,540,0.5,rat_movement=True
1,600,740,0.2,rat_movement=True
1,88,140,0.01,rat_movement=True
1,131,240,0.0,rat_movement=True
1,52,140,0.03,rat_movement=True
1,72,60,0.07,rat_movement=True
1,143,120,0.05,rat_movement=True
1,24,40,0.1,rat_movement=True
1,91,180,0.09,rat_movement=True
1,5,20,0.2,rat_movement=True
1,932,940,0.7,rat_movement=True
1,18,20,0.3,rat_movement=True
1,97,200,0.4,rat_movement=True
1,51,60,0.6,rat_movement=True
1,177,240,0.5,rat_movement=True
1,142,160,0.8,rat_movement=True
1,168,280,0.9,rat_movement=True
1,273,220,0.7,rat_movement=True
1,47,140,0.03,rat_movement=True
1,12,40,0.05,rat_movement=True
1,338,340,1.0,rat_movement=True
1,19,20,0.07,rat_movement=True
1,330,580,0.0,rat_movement=True
1,30,40,0.1,rat_movement=True
1,106,100,0.09,rat_movement=True
1,138,200,0.2,rat_movement=True
1,103,100,0.4,rat_movement=True
1,217,360,0.3,rat_movement=True
1,38,40,0.7,rat_movement=True
1,790,920,0.01,rat_movement=True
1,213,160,0.6,rat_movement=True
1,281,200,0.5,rat_movement=True
1,41,80,0.9,rat_movement=True
1,12,20,1.0,rat_movement=True
1,290,340,0.8,rat_movement=True
1,142,200,0.0,rat_movement=True
1,98,120,0.03,rat_movement=True
1,116,140,0.05,rat_movement=True
1,161,320,0.01,rat_movement=True
1,54,120,0.09,rat_movement=True
1,31,40,0.1,rat_movement=True
1,19,20,0.3,rat_movement=True
1,122,380,0.07,rat_movement=True
1,122,260,0.2,rat_movement=True
1,94,200,0.4,rat_movement=True
1,50,40,0.7,rat_movement=True
1,137,140,0.6,rat_movement=True
1,262,240,0.5,rat_movement=True
1,328,300,0.9,rat_movement=True
1,269,240,1.0,rat_movement=True
1,21,60,0.01,rat_movement=True
1,410,620,0.8,rat_movement=True
1,126,120,0.03,rat_movement=True
1,131,240,0.05,rat_movement=True
1,99,140,0.07,rat_movement=True
1,331,320,0.0,rat_movement=True
1,117,180,0.09,rat_movement=True
1,120,160,0.1,rat_movement=True
1,10,20,0.3,rat_movement=True
1,120,300,0.2,rat_movement=True
1,97,140,0.4,rat_movement=True
1,133,320,0.5,rat_movement=True
1,19,40,0.7,rat_movement=True
1,74,160,0.8,rat_movement=True
1,484,500,0.6,rat_movement=True
1,281,420,1.0,rat_movement=True
1,172,240,0.0,rat_movement=True
1,61,80,0.01,rat_movement=True
1,790,740,0.9,rat_movement=True
1,4,40,0.03,rat_movement=True
1,85,80,0.05,rat_movement=True
1,62,160,0.07,rat_movement=True
1,13,40,0.09,rat_movement=True
1,110,180,0.1,rat_movement=True
1,17,20,0.3,rat_movement=True
1,160,120,0.2,rat_movement=True
1,40,20,0.5,rat_movement=True
1,148,160,0.4,rat_movement=True
1,90,180,0.6,rat_movement=True
1,111,240,0.8,rat_movement=True
1,44,40,0.9,rat_movement=True
1,30,40,0.03,rat_movement=True
1,84,120,0.01,rat_movement=True
1,286,500,0.0,rat_movement=True
1,72,120,0.05,rat_movement=True
1,43,80,0.07,rat_movement=True
1,495,500,1.0,rat_movement=True
1,75,100,0.1,rat_movement=True
1,98,280,0.09,rat_movement=True
1,31,120,0.2,rat_movement=True
1,61,40,0.4,rat_movement=True
1,181,400,0.3,rat_movement=True
1,67,120,0.6,rat_movement=True
1,175,300,0.5,rat_movement=True
1,160,260,0.7,rat_movement=True
1,62,100,0.8,rat_movement=True
1,14,80,1.0,rat_movement=True
1,372,320,0.9,rat_movement=True
1,29,20,0.03,rat_movement=True
1,127,200,0.01,rat_movement=True
1,42,40,0.05,rat_movement=True
1,74,40,0.09,rat_movement=True
1,155,280,0.07,rat_movement=True
1,120,100,0.2,rat_movement=True
1,156,320,0.1,rat_movement=True
1,37,80,0.3,rat_movement=True
1,87,120,0.4,rat_movement=True
1,59,120,0.5,rat_movement=True
1,9,20,0.7,rat_movement=True
1,92,140,0.8,rat_movement=True
1,5,20,0.9,rat_movement=True
1,511,520,0.6,rat_movement=True
1,174,200,1.0,rat_movement=True
1,139,240,0.01,rat_movement=True
1,236,400,0.0,rat_movement=True
1,1929,2000,0.0,rat_movement=True
1,38,60,0.09,rat_movement=True
1,161,240,0.07,rat_movement=True
1,230,540,0.05,rat_movement=True
1,400,520,0.03,rat_movement=True
1,117,220,0.1,rat_movement=True
1,34,100,0.3,rat_movement=True
1,154,280,0.2,rat_movement=True
1,104,180,0.4,rat_movement=True
1,131,180,0.6,rat_movement=True
1,175,200,0.5,rat_movement=True
1,199,200,0.7,rat_movement=True
1,49,40,0.8,rat_movement=True
1,216,180,0.9,rat_movement=True
1,164,240,1.0,rat_movement=True
1,85,200,0.01,rat_movement=True
1,48,120,0.03,rat_movement=True
1,17,20,0.07,rat_movement=True
1,140,200,0.05,rat_movement=True
1,26,20,0.1,rat_movement=True
1,103,100,0.09,rat_movement=True
1,104,100,0.2,rat_movement=True
1,159,200,0.3,rat_movement=True
1,25,60,0.5,rat_movement=True
1,190,140,0.4,rat_movement=True
1,86,180,0.6,rat_movement=True
1,35,20,0.7,rat_movement=True
1,1204,1380,0.0,rat_movement=True
1,270,300,0.9,rat_movement=True
1,91,100,0.01,rat_movement=True
1,41,80,0.03,rat_movement=True
1,378,380,0.8,rat_movement=True
1,71,120,0.05,rat_movement=True
1,436,420,1.0,rat_movement=True
1,80,60,0.09,rat_movement=True
1,33,60,0.1,rat_movement=True
1,348,480,0.07,rat_movement=True
1,39,40,0.2,rat_movement=True
1,153,100,0.3,rat_movement=True
1,46,60,0.4,rat_movement=True
1,72,60,0.7,rat_movement=True
1,199,240,0.5,rat_movement=True
1,71,60,0.8,rat_movement=True
1,33,80,0.9,rat_movement=True
1,37,100,0.0,rat_movement=True
1,44,80,0.01,rat_movement=True
1,140,200,1.0,rat_movement=True
1,1653,1600,0.0,rat_movement=True
1,83,80,0.05,rat_movement=True
1,76,80,0.09,rat_movement=True
1,152,340,0.07,rat_movement=True
1,107,140,0.1,rat_movement=True
1,14,20,0.2,rat_movement=True
1,35,60,0.3,rat_movement=True
1,419,760,0.03,rat_movement=True
1,962,1340,0.6,rat_movement=True
1,25,20,0.6,rat_movement=True
1,117,140,0.5,rat_movement=True
1,81,140,0.8,rat_movement=True
1,409,300,0.4,rat_movement=True
1,46,40,0.9,rat_movement=True
1,113,100,1.0,rat_movement=True
1,50,80,0.0,rat_movement=True
1,233,300,0.01,rat_movement=True
1,196,280,0.03,rat_movement=True
1,305,340,0.05,rat_movement=True
1,110,220,0.07,rat_movement=True
1,55,100,0.09,rat_movement=True
1,31,20,0.3,rat_movement=True
1,55,40,0.2,rat_movement=True
1,59,60,0.1,rat_movement=True
1,0,20,0.6,rat_movement=True
1,55,40,0.5,rat_movement=True
1,41,80,0.7,rat_movement=True
1,44,60,0.8,rat_movement=True
1,224,440,0.4,rat_movement=True
1,206,420,0.0,rat_movement=True
1,286,460,1.0,rat_movement=True
1,156,120,0.01,rat_movement=True
1,51,120,0.05,rat_movement=True
1,39,80,0.07,rat_movement=True
1,1828,1380,0.7,rat_movement=True
1,160,260,0.03,rat_movement=True
1,75,160,0.09,rat_movement=True
1,56,120,0.1,rat_movement=True
1,66,140,0.2,rat_movement=True
1,50,20,0.4,rat_movement=True
1,109,80,0.3,rat_movement=True
1,31,80,0.5,rat_movement=True
1,30,20,0.8,rat_movement=True
1,57,40,0.7,rat_movement=True
1,1098,1020,0.9,rat_movement=True
1,14,20,1.0,rat_movement=True
1,156,120,0.9,rat_movement=True
1,23,40,0.01,rat_movement=True
1,105,260,0.03,rat_movement=True
1,66,80,0.05,rat_movement=True
1,726,660,0.6,rat_movement=True
1,84,180,0.07,rat_movement=True
1,432,400,0.0,rat_movement=True
1,65,100,0.1,rat_movement=True
1,21,60,0.2,rat_movement=True
1,182,260,0.09,rat_movement=True
1,205,220,0.5,rat_movement=True
1,374,420,0.3,rat_movement=True
1,154,340,0.6,rat_movement=True
1,50,100,0.7,rat_movement=True
1,468,400,0.4,rat_movement=True
1,37,20,0.9,rat_movement=True
1,266,440,0.8,rat_movement=True
1,113,100,1.0,rat_movement=True
1,32,40,0.01,rat_movement=True
1,388,640,0.0,rat_movement=True
1,215,420,0.03,rat_movement=True
1,101,100,0.05,rat_movement=True
1,131,200,0.07,rat_movement=True
1,95,120,0.1,rat_movement=True
1,80,100,0.2,rat_movement=True
1,177,360,0.09,rat_movement=True
1,106,120,0.3,rat_movement=True
1,257,220,0.4,rat_movement=True
1,241,300,0.5,rat_movement=True
1,109,100,0.8,rat_movement=True
1,353,320,0.6,rat_movement=True
1,257,260,0.7,rat_movement=True
1,46,60,1.0,rat_movement=True
1,9,20,0.03,rat_movement=True
1,197,200,0.9,rat_movement=True
1,177,340,0.01,rat_movement=True
1,97,160,0.05,rat_movement=True
1,13,40,0.09,rat_movement=True
1,124,100,0.07,rat_movement=True
1,54,40,0.1,rat_movement=True
1,391,540,0.0,rat_movement=True
1,50,40,0.3,rat_movement=True
1,85,120,0.6,rat_movement=True
1,122,140,0.5,rat_movement=True
1,430,520,0.4,rat_movement=True
1,493,780,0.2,rat_movement=True
1,171,200,0.8,rat_movement=True
1,4,20,0.01,rat_movement=True
1,147,200,1.0,rat_movement=True
1,228,240,0.9,rat_movement=True
1,70,100,0.05,rat_movement=True
1,119,260,0.07,rat_movement=True
1,87,180,0.09,rat_movement=True
1,46,80,0.2,rat_movement=True
1,97,160,0.1,rat_movement=True
1,59,100,0.4,rat_movement=True
1,934,800,0.7,rat_movement=True
1,54,40,0.5,rat_movement=True
1,163,240,0.3,rat_movement=True
1,97,160,0.6,rat_movement=True
1,59,40,0.7,rat_movement=True
1,716,900,0.03,rat_movement=True
1,141,280,0.9,rat_movement=True
1,16,20,1.0,rat_movement=True
1,339,320,0.8,rat_movement=True
1,1344,1180,0.0,rat_movement=True
1,169,260,0.0,rat_movement=True
1,112,180,0.01,rat_movement=True
1,11,40,0.05,rat_movement=True
1,78,140,0.07,rat_movement=True
1,213,360,0.03,rat_movement=True
1,50,60,0.1,rat_movement=True
1,43,80,0.2,rat_movement=True
1,142,240,0.09,rat_movement=True
1,26,20,0.6,rat_movement=True
1,278,380,0.3,rat_movement=True
1,189,340,0.4,rat_movement=True
1,117,100,0.5,rat_movement=True
1,131,160,0.7,rat_movement=True
1,112,180,0.9,rat_movement=True
1,78,160,1.0,rat_movement=True
1,286,340,0.8,rat_movement=True
1,20,40,0.03,rat_movement=True
1,150,200,0.01,rat_movement=True
1,31,20,0.07,rat_movement=True
1,69,80,0.09,rat_movement=True
1,76,140,0.1,rat_movement=True
1,80,100,0.2,rat_movement=True
1,431,620,0.0,rat_movement=True
1,57,80,0.4,rat_movement=True
1,123,160,0.3,rat_movement=True
1,451,560,0.05,rat_movement=True
1,78,180,0.5,rat_movement=True
1,123,120,0.7,rat_movement=True
1,178,280,0.6,rat_movement=True
1,337,260,0.8,rat_movement=True
1,293,400,1.0,rat_movement=True
1,52,100,0.03,rat_movement=True
1,366,600,0.0,rat_movement=True
1,40,140,0.05,rat_movement=True
1,212,280,0.01,rat_movement=True
1,687,600,0.9,rat_movement=True
1,117,180,0.07,rat_movement=True
1,9,20,0.2,rat_movement=True
1,88,140,0.1,rat_movement=True
1,170,180,0.09,rat_movement=True
1,59,40,0.4,rat_movement=True
1,153,140,0.3,rat_movement=True
1,82,160,0.5,rat_movement=True
1,103,100,0.6,rat_movement=True
1,40,40,0.7,rat_movement=True
1,45,60,0.9,rat_movement=True
1,109,100,0.8,rat_movement=True
1,75,60,1.0,rat_movement=True
1,252,420,0.01,rat_movement=True
1,124,240,0.03,rat_movement=True
1,71,60,0.05,rat_movement=True
1,101,220,0.07,rat_movement=True
1,129,80,0.09,rat_movement=True
1,73,60,0.2,rat_movement=True
1,20,20,0.4,rat_movement=True
1,145,340,0.1,rat_movement=True
1,404,400,0.3,rat_movement=True
1,165,160,0.6,rat_movement=True
1,56,40,0.9,rat_movement=True
1,235,200,0.7,rat_movement=True
1,388,340,0.8,rat_movement=True
1,801,900,0.5,rat_movement=True
1,108,120,0.01,rat_movement=True
1,1826,2000,0.0,rat_movement=True
1,82,100,0.03,rat_movement=True
1,30,20,0.05,rat_movement=True
1,331,480,0.0,rat_movement=True
1,127,220,0.07,rat_movement=True
1,41,120,0.09,rat_movement=True
1,24,40,0.3,rat_movement=True
1,91,120,0.1,rat_movement=True
1,63,40,0.4,rat_movement=True
1,147,80,0.2,rat_movement=True
1,68,60,0.6,rat_movement=True
1,104,140,0.8,rat_movement=True
1,54,100,0.9,rat_movement=True
1,1090,860,1.0,rat_movement=True
1,239,200,0.7,rat_movement=True
1,73,100,0.0,rat_movement=True
1,127,140,1.0,rat_movement=True
1,110,120,0.03,rat_movement=True
1,43,100,0.07,rat_movement=True
1,321,380,0.01,rat_movement=True
1,29,40,0.09,rat_movement=True
1,221,280,0.05,rat_movement=True
1,1017,860,0.5,rat_movement=True
1,122,160,0.2,rat_movement=True
1,144,280,0.1,rat_movement=True
1,76,100,0.5,rat_movement=True
1,360,520,0.4,rat_movement=True
1,292,280,0.6,rat_movement=True
1,114,60,0.8,rat_movement=True
1,43,40,1.0,rat_movement=True
1,1158,1260,0.3,rat_movement=True
1,109,240,0.01,rat_movement=True
1,918,820,0.7,rat_movement=True
1,209,280,0.05,rat_movement=True
1,231,400,0.03,rat_movement=True
1,223,280,0.07,rat_movement=True
1,111,180,0.2,rat_movement=True
1,29,80,0.4,rat_movement=True
1,631,920,0.09,rat_movement=True
1,299,460,0.3,rat_movement=True
1,1643,1580,0.9,rat_movement=True
1,29,60,0.6,rat_movement=True
1,583,840,0.1,rat_movement=True
1,94,200,0.5,rat_movement=True
1,50,120,0.8,rat_movement=True
1,2,20,1.0,rat_movement=True
1,1787,1800,0.0,rat_movement=True
1,36,40,0.01,rat_movement=True
1,294,280,0.7,rat_movement=True
1,208,240,0.9,rat_movement=True
1,30,40,0.05,rat_movement=True
1,48,100,0.07,rat_movement=True
1,166,280,0.03,rat_movement=True
1,29,20,0.2,rat_movement=True
1,105,200,0.09,rat_movement=True
1,89,220,0.1,rat_movement=True
1,35,140,0.4,rat_movement=True
1,523,620,0.0,rat_movement=True
1,62,40,0.5,rat_movement=True
1,234,320,0.3,rat_movement=True
1,188,180,0.6,rat_movement=True
1,300,400,0.7,rat_movement=True
1,843,800,0.9,rat_movement=True
1,90,120,0.01,rat_movement=True
1,113,200,0.0,rat_movement=True
1,59,60,0.05,rat_movement=True
1,148,120,0.03,rat_movement=True
1,73,120,0.07,rat_movement=True
1,15,20,0.1,rat_movement=True
1,65,180,0.09,rat_movement=True
1,25,60,0.3,rat_movement=True
1,17,20,0.4,rat_movement=True
1,174,200,0.2,rat_movement=True
1,1356,1280,1.0,rat_movement=True
1,74,80,0.6,rat_movement=True
1,1914,1500,0.8,rat_movement=True
1,305,340,0.5,rat_movement=True
1,0,0,0.8,rat_movement=True
1,91,100,0.7,rat_movement=True
1,153,180,0.9,rat_movement=True
1,18,20,0.03,rat_movement=True
1,105,120,0.01,rat_movement=True
1,312,300,1.0,rat_movement=True
1,58,40,0.05,rat_movement=True
1,126,140,0.07,rat_movement=True
1,70,40,0.09,rat_movement=True
1,20,20,0.1,rat_movement=True
1,44,80,0.2,rat_movement=True
1,97,80,0.3,rat_movement=True
1,31,20,0.6,rat_movement=True
1,93,100,0.7,rat_movement=True
1,324,420,0.4,rat_movement=True
1,325,280,0.5,rat_movement=True
1,958,1100,0.0,rat_movement=True
1,8,20,1.0,rat_movement=True
1,61,60,0.9,rat_movement=True
1,8,40,0.01,rat_movement=True
1,16,20,0.03,rat_movement=True
1,47,40,0.05,rat_movement=True
1,222,220,0.8,rat_movement=True
1,186,200,0.0,rat_movement=True
1,74,100,0.09,rat_movement=True
1,26,40,0.1,rat_movement=True
1,421,680,0.07,rat_movement=True
1,111,200,0.4,rat_movement=True
1,303,500,0.3,rat_movement=True
1,61,80,0.7,rat_movement=True
1,110,160,0.6,rat_movement=True
1,0,20,0.9,rat_movement=True
1,86,220,0.8,rat_movement=True
1,246,240,0.5,rat_movement=True
1,715,840,0.2,rat_movement=True
1,114,180,0.0,rat_movement=True
1,103,120,0.05,rat_movement=True
1,238,380,0.03,rat_movement=True
1,13,40,0.09,rat_movement=True
1,111,140,0.07,rat_movement=True
1,48,60,0.1,rat_movement=True
1,539,600,1.0,rat_movement=True
1,5,20,0.3,rat_movement=True
1,580,640,0.01,rat_movement=True
1,150,240,0.2,rat_movement=True
1,24,40,0.6,rat_movement=True
1,244,540,0.5,rat_movement=True
1,394,380,0.4,rat_movement=True
1,101,100,0.9,rat_movement=True
1,357,380,0.7,rat_movement=True
1,29,20,0.0,rat_movement=True
1,180,220,0.8,rat_movement=True
1,26,80,0.01,rat_movement=True
1,132,180,1.0,rat_movement=True
1,111,140,0.05,rat_movement=True
1,123,160,0.07,rat_movement=True
1,81,120,0.09,rat_movement=True
1,232,520,0.03,rat_movement=True
1,49,60,0.2,rat_movement=True
1,119,140,0.1,rat_movement=True
1,56,60,0.4,rat_movement=True
1,43,40,0.5,rat_movement=True
1,227,320,0.3,rat_movement=True
1,96,80,0.6,rat_movement=True
1,207,400,0.9,rat_movement=True
1,94,220,0.01,rat_movement=True
1,895,700,0.7,rat_movement=True
1,914,800,0.8,rat_movement=True
1,103,80,0.05,rat_movement=True
1,298,500,0.03,rat_movement=True
1,145,300,0.07,rat_movement=True
1,116,240,0.09,rat_movement=True
1,111,160,0.1,rat_movement=True
1,30,20,0.3,rat_movement=True
1,1756,1280,1.0,rat_movement=True
1,1495,1380,0.0,rat_movement=True
1,422,620,0.2,rat_movement=True
1,190,260,0.4,rat_movement=True
1,33,100,0.7,rat_movement=True
1,161,260,0.6,rat_movement=True
1,17,20,0.9,rat_movement=True
1,203,200,0.8,rat_movement=True
1,534,540,0.5,rat_movement=True
1,173,180,1.0,rat_movement=True
1,34,20,0.03,rat_movement=True
1,46,40,0.05,rat_movement=True
1,19,40,0.09,rat_movement=True
1,80,60,0.07,rat_movement=True
1,15,40,0.1,rat_movement=True
1,68,40,0.2,rat_movement=True
1,241,260,0.3,rat_movement=True
1,182,320,0.5,rat_movement=True
1,7,20,0.9,rat_movement=True
1,400,500,0.4,rat_movement=True
1,235,280,0.6,rat_movement=True
1,714,880,0.01,rat_movement=True
1,145,140,0.8,rat_movement=True
1,94,120,0.01,rat_movement=True
1,228,260,1.0,rat_movement=True
1,44,40,0.03,rat_movement=True
1,518,440,0.7,rat_movement=True
1,367,360,0.0,rat_movement=True
1,210,340,0.05,rat_movement=True
1,149,340,0.09,rat_movement=True
1,40,40,0.1,rat_movement=True
1,9,20,0.2,rat_movement=True
1,57,40,0.4,rat_movement=True
1,425,640,0.07,rat_movement=True
1,46,60,0.6,rat_movement=True
1,327,300,0.3,rat_movement=True
1,51,100,0.7,rat_movement=True
1,130,220,0.8,rat_movement=True
1,767,660,0.5,rat_movement=True
1,555,500,0.9,rat_movement=True
1,137,300,0.01,rat_movement=True
1,77,80,0.05,rat_movement=True
1,131,200,0.07,rat_movement=True
1,298,400,0.03,rat_movement=True
1,355,620,0.0,rat_movement=True
1,3,20,0.2,rat_movement=True
1,64,120,0.09,rat_movement=True
1,45,20,0.1,rat_movement=True
1,78,80,0.3,rat_movement=True
1,138,300,0.4,rat_movement=True
1,116,280,0.5,rat_movement=True
1,1169,1140,1.0,rat_movement=True
1,348,460,0.6,rat_movement=True
1,105,140,0.8,rat_movement=True
1,346,380,0.7,rat_movement=True
1,310,280,0.9,rat_movement=True
1,47,100,0.01,rat_movement=True
1,73,80,0.03,rat_movement=True
1,113,160,0.05,rat_movement=True
1,640,700,0.0,rat_movement=True
1,342,580,0.07,rat_movement=True
1,92,140,0.1,rat_movement=True
1,116,140,0.2,rat_movement=True
1,718,1020,0.09,rat_movement=True
1,293,260,0.3,rat_movement=True
1,47,60,0.5,rat_movement=True
1,143,240,0.6,rat_movement=True
1,40,40,0.8,rat_movement=True
1,223,220,0.7,rat_movement=True
1,429,580,0.4,rat_movement=True
1,140,120,0.01,rat_movement=True
1,114,120,0.03,rat_movement=True
1,588,560,0.9,rat_movement=True
1,61,60,0.07,rat_movement=True
1,628,800,1.0,rat_movement=True
1,34,40,0.09,rat_movement=True
1,178,260,0.05,rat_movement=True
1,51,80,0.3,rat_movement=True
1,285,440,0.2,rat_movement=True
1,159,140,0.4,rat_movement=True
1,29,20,0.5,rat_movement=True
1,977,1160,0.0,rat_movement=True
1,382,600,0.1,rat_movement=True
1,77,100,0.8,rat_movement=True
1,132,280,0.7,rat_movement=True
1,52,60,0.9,rat_movement=True
1,56,80,0.01,rat_movement=True
1,5,20,0.03,rat_movement=True
1,303,280,1.0,rat_movement=True
1,116,280,0.05,rat_movement=True
1,848,740,0.6,rat_movement=True
1,15,20,0.09,rat_movement=True
1,43,40,0.1,rat_movement=True
1,361,500,0.07,rat_movement=True
1,146,160,0.2,rat_movement=True
1,36,60,0.3,rat_movement=True
1,30,20,0.4,rat_movement=True
1,72,140,0.5,rat_movement=True
1,65,40,0.6,rat_movement=True
1,28,60,0.7,rat_movement=True
1,11,20,0.8,rat_movement=True
1,289,340,0.9,rat_movement=True
1,48,40,0.01,rat_movement=True
1,177,180,0.0,rat_movement=True
1,1639,1820,0.0,rat_movement=True
1,12,40,0.05,rat_movement=True
1,435,360,1.0,rat_movement=True
1,42,40,0.09,rat_movement=True
1,64,80,0.1,rat_movement=True
1,211,320,0.07,rat_movement=True
1,19,20,0.2,rat_movement=True
1,309,600,0.03,rat_movement=True
1,34,40,0.3,rat_movement=True
1,144,240,0.5,rat_movement=True
1,178,260,0.4,rat_movement=True
1,142,140,0.6,rat_movement=True
1,42,40,1.0,rat_movement=True
1,132,200,0.9,rat_movement=True
1,602,560,0.8,rat_movement=True
1,350,520,0.01,rat_movement=True
1,81,80,0.03,rat_movement=True
1,74,60,0.07,rat_movement=True
1,109,160,0.05,rat_movement=True
1,572,720,0.0,rat_movement=True
1,54,60,0.09,rat_movement=True
1,95,160,0.1,rat_movement=True
1,115,140,0.2,rat_movement=True
1,1359,1240,0.7,rat_movement=True
1,63,120,0.4,rat_movement=True
1,95,80,0.5,rat_movement=True
1,343,380,0.3,rat_movement=True
1,92,100,0.6,rat_movement=True
1,175,320,0.8,rat_movement=True
1,59,60,1.0,rat_movement=True
1,112,140,0.0,rat_movement=True
1,108,140,0.01,rat_movement=True
1,425,620,0.9,rat_movement=True
1,819,860,0.7,rat_movement=True
1,286,440,0.03,rat_movement=True
1,48,80,0.07,rat_movement=True
1,175,340,0.05,rat_movement=True
1,45,60,0.09,rat_movement=True
1,39,20,0.1,rat_movement=True
1,161,180,0.2,rat_movement=True
1,31,120,0.4,rat_movement=True
1,97,140,0.5,rat_movement=True
1,3,20,0.7,rat_movement=True
1,299,240,0.3,rat_movement=True
1,137,180,0.6,rat_movement=True
1,110,100,0.8,rat_movement=True
1,83,140,0.9,rat_movement=True
1,204,260,1.0,rat_movement=True
1,32,60,0.03,rat_movement=True
1,105,200,0.01,rat_movement=True
1,53,80,0.05,rat_movement=True
1,56,60,0.07,rat_movement=True
1,65,100,0.09,rat_movement=True
1,127,160,0.1,rat_movement=True
1,134,140,0.2,rat_movement=True
1,69,160,0.3,rat_movement=True
1,15,20,0.5,rat_movement=True
1,218,240,0.4,rat_movement=True
1,87,60,0.7,rat_movement=True
1,292,340,0.6,rat_movement=True
1,85,60,0.8,rat_movement=True
1,35,20,0.0,rat_movement=True
1,1211,1320,0.0,rat_movement=True
1,39,80,0.03,rat_movement=True
1,116,260,0.01,rat_movement=True
1,302,360,0.9,rat_movement=True
1,108,60,0.07,rat_movement=True
1,64,80,0.09,rat_movement=True
1,137,200,0.05,rat_movement=True
1,72,200,0.1,rat_movement=True
1,177,220,0.3,rat_movement=True
1,943,780,1.0,rat_movement=True
1,34,80,0.5,rat_movement=True
1,119,100,0.4,rat_movement=True
1,107,280,0.6,rat_movement=True
1,96,160,0.7,rat_movement=True
1,22,20,0.8,rat_movement=True
1,693,1040,0.2,rat_movement=True
1,84,80,1.0,rat_movement=True
1,48,40,0.01,rat_movement=True
1,157,200,0.0,rat_movement=True
1,143,220,0.05,rat_movement=True
1,70,140,0.07,rat_movement=True
1,217,380,0.03,rat_movement=True
1,37,60,0.09,rat_movement=True
1,52,60,0.1,rat_movement=True
1,173,320,0.2,rat_movement=True
1,132,140,0.6,rat_movement=True
1,203,240,0.5,rat_movement=True
1,47,60,0.7,rat_movement=True
1,449,380,0.3,rat_movement=True
1,332,540,0.4,rat_movement=True
1,17,20,1.0,rat_movement=True
1,1286,1100,0.9,rat_movement=True
1,157,220,0.9,rat_movement=True
1,262,220,0.8,rat_movement=True
1,42,40,0.01,rat_movement=True
1,86,200,0.05,rat_movement=True
1,72,160,0.07,rat_movement=True
1,47,60,0.09,rat_movement=True
1,68,120,0.1,rat_movement=True
1,454,580,0.03,rat_movement=True
1,116,80,0.2,rat_movement=True
1,757,680,0.0,rat_movement=True
1,32,80,0.4,rat_movement=True
1,47,100,0.5,rat_movement=True
1,87,160,0.6,rat_movement=True
1,328,360,0.7,rat_movement=True
1,347,360,0.8,rat_movement=True
1,247,260,0.9,rat_movement=True
1,638,720,0.3,rat_movement=True
1,116,220,1.0,rat_movement=True
1,107,100,0.01,rat_movement=True
1,73,140,0.03,rat_movement=True
1,81,120,0.05,rat_movement=True
1,88,80,0.07,rat_movement=True
1,108,220,0.09,rat_movement=True
1,48,100,0.2,rat_movement=True
1,392,460,0.0,rat_movement=True
1,70,100,0.3,rat_movement=True
1,143,280,0.1,rat_movement=True
1,95,100,0.4,rat_movement=True
1,39,120,0.6,rat_movement=True
1,60,60,0.8,rat_movement=True
1,252,200,0.5,rat_movement=True
1,367,340,1.0,rat_movement=True
1,645,600,0.9,rat_movement=True
1,194,320,0.01,rat_movement=True
1,1201,1100,0.7,rat_movement=True
1,140,220,0.03,rat_movement=True
1,609,680,0.0,rat_movement=True
1,206,280,0.05,rat_movement=True
1,22,40,0.09,rat_movement=True
1,157,280,0.07,rat_movement=True
1,56,60,0.1,rat_movement=True
1,0,20,0.3,rat_movement=True
1,69,100,0.2,rat_movement=True
1,187,140,0.4,rat_movement=True
1,80,60,0.6,rat_movement=True
1,194,360,0.5,rat_movement=True
1,169,380,0.7,rat_movement=True
1,53,40,1.0,rat_movement=True
1,370,400,0.8,rat_movement=True
1,161,240,0.01,rat_movement=True
1,62,140,0.03,rat_movement=True
1,19,80,0.05,rat_movement=True
1,35,20,0.1,rat_movement=True
1,493,620,0.0,rat_movement=True
1,218,280,0.07,rat_movement=True
1,138,120,0.09,rat_movement=True
1,106,220,0.2,rat_movement=True
1,74,180,0.3,rat_movement=True
1,28,120,0.4,rat_movement=True
1,74,160,0.6,rat_movement=True
1,76,80,0.7,rat_movement=True
1,271,200,0.5,rat_movement=True
1,1646,1380,0.9,rat_movement=True
1,82,80,0.9,rat_movement=True
1,16,20,1.0,rat_movement=True
1,100,140,0.01,rat_movement=True
1,17,20,0.05,rat_movement=True
1,91,180,0.03,rat_movement=True
1,11,100,0.07,rat_movement=True
1,161,340,0.09,rat_movement=True
1,572,580,0.0,rat_movement=True
1,95,120,0.2,rat_movement=True
1,140,200,0.3,rat_movement=True
1,1136,1000,0.8,rat_movement=True
1,470,660,0.1,rat_movement=True
1,65,40,0.4,rat_movement=True
1,73,100,0.5,rat_movement=True
1,71,180,0.6,rat_movement=True
1,72,80,0.9,rat_movement=True
1,142,200,0.8,rat_movement=True
1,178,380,0.7,rat_movement=True
1,68,100,0.01,rat_movement=True
1,42,100,0.05,rat_movement=True
1,66,120,0.07,rat_movement=True
1,245,300,0.0,rat_movement=True
1,263,440,0.03,rat_movement=True
1,91,220,0.1,rat_movement=True
1,225,220,0.09,rat_movement=True
1,65,100,0.2,rat_movement=True
1,142,160,0.3,rat_movement=True
1,86,100,0.5,rat_movement=True
1,965,840,1.0,rat_movement=True
1,35,80,0.8,rat_movement=True
1,151,180,0.6,rat_movement=True
1,82,100,0.7,rat_movement=True
1,87,60,0.9,rat_movement=True
1,477,660,0.4,rat_movement=True
1,3,20,0.03,rat_movement=True
1,118,240,0.01,rat_movement=True
1,258,320,0.0,rat_movement=True
1,174,240,0.07,rat_movement=True
1,244,480,0.05,rat_movement=True
1,55,100,0.09,rat_movement=True
1,697,640,1.0,rat_movement=True
1,152,280,0.1,rat_movement=True
1,111,160,0.2,rat_movement=True
1,5,20,0.4,rat_movement=True
1,37,40,0.5,rat_movement=True
1,179,200,0.3,rat_movement=True
1,59,100,0.7,rat_movement=True
1,87,160,0.6,rat_movement=True
1,43,100,0.9,rat_movement=True
1,68,80,1.0,rat_movement=True
1,96,140,0.0,rat_movement=True
1,83,40,0.03,rat_movement=True
1,176,300,0.01,rat_movement=True
1,102,100,0.05,rat_movement=True
1,72,60,0.07,rat_movement=True
1,48,80,0.09,rat_movement=True
1,80,80,0.3,rat_movement=True
1,660,580,0.8,rat_movement=True
1,130,200,0.2,rat_movement=True
1,84,80,0.4,rat_movement=True
1,366,400,0.1,rat_movement=True
1,146,320,0.5,rat_movement=True
1,238,260,0.6,rat_movement=True
1,209,260,0.8,rat_movement=True
1,153,160,0.01,rat_movement=True
1,79,180,0.03,rat_movement=True
1,18,20,0.05,rat_movement=True
1,313,460,0.9,rat_movement=True
1,39,60,0.07,rat_movement=True
1,443,600,0.7,rat_movement=True
1,66,80,0.09,rat_movement=True
1,459,520,1.0,rat_movement=True
1,91,160,0.1,rat_movement=True
1,179,280,0.3,rat_movement=True
1,75,60,0.4,rat_movement=True
1,263,620,0.2,rat_movement=True
1,83,120,0.5,rat_movement=True
1,81,40,0.7,rat_movement=True
1,322,240,0.6,rat_movement=True
1,279,280,0.8,rat_movement=True
1,272,320,0.9,rat_movement=True
1,69,120,0.03,rat_movement=True
1,164,240,0.01,rat_movement=True
1,1708,1760,0.0,rat_movement=True
1,51,80,0.07,rat_movement=True
1,126,100,0.09,rat_movement=True
1,121,200,0.1,rat_movement=True
1,123,120,0.2,rat_movement=True
1,609,500,1.0,rat_movement=True
1,274,480,0.05,rat_movement=True
1,127,100,0.3,rat_movement=True
1,59,60,0.6,rat_movement=True
1,197,200,0.4,rat_movement=True
1,187,260,0.5,rat_movement=True
1,146,180,0.7,rat_movement=True
1,100,160,0.8,rat_movement=True
1,48,60,1.0,rat_movement=True
1,134,180,0.9,rat_movement=True
1,866,1140,0.0,rat_movement=True
1,71,80,0.01,rat_movement=True
1,111,160,0.03,rat_movement=True
1,91,160,0.05,rat_movement=True
1,108,240,0.07,rat_movement=True
1,35,20,0.1,rat_movement=True
1,111,140,0.09,rat_movement=True
1,120,120,0.2,rat_movement=True
1,104,120,0.4,rat_movement=True
1,19,80,0.5,rat_movement=True
1,40,80,0.6,rat_movement=True
1,252,540,0.3,rat_movement=True
1,723,860,0.0,rat_movement=True
1,49,60,0.8,rat_movement=True
1,74,80,0.9,rat_movement=True
1,367,560,0.7,rat_movement=True
1,96,120,0.03,rat_movement=True
1,421,560,0.01,rat_movement=True
1,740,880,0.0,rat_movement=True
1,272,500,0.05,rat_movement=True
1,96,160,0.07,rat_movement=True
1,99,220,0.09,rat_movement=True
1,31,20,0.1,rat_movement=True
1,128,200,0.2,rat_movement=True
1,166,260,0.3,rat_movement=True
1,145,300,0.4,rat_movement=True
1,67,100,0.5,rat_movement=True
1,38,20,0.7,rat_movement=True
1,196,300,0.6,rat_movement=True
1,36,40,0.01,rat_movement=True
1,350,300,0.8,rat_movement=True
1,359,360,1.0,rat_movement=True
1,182,200,0.03,rat_movement=True
1,138,280,0.05,rat_movement=True
1,792,700,0.9,rat_movement=True
1,306,480,0.07,rat_movement=True
1,102,140,0.2,rat_movement=True
1,122,240,0.3,rat_movement=True
1,301,580,0.1,rat_movement=True
1,82,100,0.5,rat_movement=True
1,656,1020,0.09,rat_movement=True
1,193,340,0.4,rat_movement=True
1,151,180,0.6,rat_movement=True
1,183,260,0.7,rat_movement=True
1,212,220,0.8,rat_movement=True
1,139,180,0.9,rat_movement=True
1,78,80,0.03,rat_movement=True
1,148,320,1.0,rat_movement=True
1,75,60,0.07,rat_movement=True
1,117,320,0.05,rat_movement=True
1,87,120,0.09,rat_movement=True
1,269,400,0.01,rat_movement=True
1,9,40,0.2,rat_movement=True
1,27,20,0.3,rat_movement=True
1,114,100,0.1,rat_movement=True
1,87,120,0.4,rat_movement=True
1,47,120,0.5,rat_movement=True
1,211,220,0.6,rat_movement=True
1,73,80,0.8,rat_movement=True
1,10,20,0.9,rat_movement=True
1,39,20,1.0,rat_movement=True
1,25,60,0.0,rat_movement=True
1,323,500,0.7,rat_movement=True
1,68,80,0.03,rat_movement=True
1,38,140,0.05,rat_movement=True
1,74,40,0.09,rat_movement=True
1,207,400,0.07,rat_movement=True
1,102,160,0.2,rat_movement=True
1,728,860,0.01,rat_movement=True
1,19,20,0.4,rat_movement=True
1,173,300,0.1,rat_movement=True
1,70,60,0.6,rat_movement=True
1,187,140,0.5,rat_movement=True
1,121,120,0.7,rat_movement=True
1,196,200,1.0,rat_movement=True
1,553,780,0.3,rat_movement=True
1,83,100,0.0,rat_movement=True
1,399,460,0.8,rat_movement=True
1,49,120,0.03,rat_movement=True
1,95,160,0.05,rat_movement=True
1,184,400,0.01,rat_movement=True
1,583,540,0.9,rat_movement=True
1,69,200,0.07,rat_movement=True
1,109,100,0.09,rat_movement=True
1,58,40,0.1,rat_movement=True
1,53,40,0.4,rat_movement=True
1,72,120,0.3,rat_movement=True
1,209,220,0.2,rat_movement=True
1,80,120,0.6,rat_movement=True
1,301,260,0.5,rat_movement=True
1,25,40,0.8,rat_movement=True
1,10,20,1.0,rat_movement=True
1,342,360,0.7,rat_movement=True
1,149,280,0.9,rat_movement=True
1,58,60,0.01,rat_movement=True
1,194,280,0.0,rat_movement=True
1,15,40,0.07,rat_movement=True
1,129,200,0.05,rat_movement=True
1,51,60,0.1,rat_movement=True
1,265,440,0.03,rat_movement=True
1,134,160,0.09,rat_movement=True
1,25,40,0.4,rat_movement=True
1,142,140,0.2,rat_movement=True
1,139,100,0.3,rat_movement=True
1,99,80,0.5,rat_movement=True
1,23,40,0.7,rat_movement=True
1,12,60,0.8,rat_movement=True
1,33,40,1.0,rat_movement=True
1,122,200,0.9,rat_movement=True
1,316,360,0.6,rat_movement=True
1,14,20,0.0,rat_movement=True
1,31,20,0.01,rat_movement=True
1,29,20,0.07,rat_movement=True
1,137,300,0.03,rat_movement=True
1,113,80,0.09,rat_movement=True
1,22,20,0.1,rat_movement=True
1,362,560,0.05,rat_movement=True
1,42,60,0.4,rat_movement=True
1,98,200,0.3,rat_movement=True
1,51,40,0.5,rat_movement=True
1,76,60,0.6,rat_movement=True
1,314,500,0.2,rat_movement=True
1,30,140,0.7,rat_movement=True
1,25,100,0.9,rat_movement=True
1,86,140,0.8,rat_movement=True
1,68,100,0.0,rat_movement=True
1,311,220,1.0,rat_movement=True
1,125,260,0.01,rat_movement=True
1,123,140,0.03,rat_movement=True
1,99,220,0.05,rat_movement=True
1,3,20,0.09,rat_movement=True
1,46,100,0.07,rat_movement=True
1,47,40,0.2,rat_movement=True
1,111,80,0.1,rat_movement=True
1,96,100,0.3,rat_movement=True
1,201,180,0.4,rat_movement=True
1,36,20,0.7,rat_movement=True
1,168,340,0.5,rat_movement=True
1,143,180,0.6,rat_movement=True
1,102,140,0.9,rat_movement=True
1,118,120,0.01,rat_movement=True
1,603,560,1.0,rat_movement=True
1,49,40,0.05,rat_movement=True
1,214,300,0.03,rat_movement=True
1,40,40,0.07,rat_movement=True
1,34,40,0.09,rat_movement=True
1,69,80,0.1,rat_movement=True
1,37,80,0.2,rat_movement=True
1,25,20,0.3,rat_movement=True
1,58,120,0.4,rat_movement=True
1,1287,1440,0.0,rat_movement=True
1,1613,1360,0.8,rat_movement=True
1,5,20,0.6,rat_movement=True
1,196,160,0.5,rat_movement=True
1,20,40,1.0,rat_movement=True
1,90,120,0.0,rat_movement=True
1,15,20,0.01,rat_movement=True
1,333,400,0.8,rat_movement=True
1,16,20,0.03,rat_movement=True
1,478,420,0.7,rat_movement=True
1,384,380,0.9,rat_movement=True
1,60,80,0.05,rat_movement=True
1,69,120,0.09,rat_movement=True
1,239,300,0.07,rat_movement=True
1,145,200,0.1,rat_movement=True
1,132,140,0.2,rat_movement=True
1,84,80,0.3,rat_movement=True
1,26,40,0.5,rat_movement=True
1,129,100,0.4,rat_movement=True
1,77,40,0.8,rat_movement=True
1,171,220,0.7,rat_movement=True
1,255,200,0.6,rat_movement=True
1,250,260,1.0,rat_movement=True
1,372,360,0.9,rat_movement=True
1,122,80,0.03,rat_movement=True
1,258,540,0.01,rat_movement=True
1,31,100,0.05,rat_movement=True
1,69,140,0.09,rat_movement=True
1,53,60,0.1,rat_movement=True
1,125,100,0.07,rat_movement=True
1,62,60,0.2,rat_movement=True
1,94,60,0.3,rat_movement=True
1,69,140,0.4,rat_movement=True
1,38,40,0.5,rat_movement=True
1,7,20,0.7,rat_movement=True
1,74,140,0.6,rat_movement=True
1,104,120,0.9,rat_movement=True
1,207,180,0.8,rat_movement=True
1,70,100,1.0,rat_movement=True
1,1132,1060,0.0,rat_movement=True
1,100,140,0.01,rat_movement=True
1,108,180,0.03,rat_movement=True
1,19,40,0.05,rat_movement=True
1,52,40,0.07,rat_movement=True
1,59,80,0.09,rat_movement=True
1,11,40,0.2,rat_movement=True
1,540,660,0.0,rat_movement=True
1,38,40,0.3,rat_movement=True
1,22,20,0.4,rat_movement=True
1,210,240,0.1,rat_movement=True
1,65,160,0.5,rat_movement=True
1,33,60,0.6,rat_movement=True
1,69,120,0.7,rat_movement=True
1,69,100,0.8,rat_movement=True
1,338,360,0.9,rat_movement=True
1,179,240,1.0,rat_movement=True
1,0,20,0.01,rat_movement=True
1,5,40,0.03,rat_movement=True
1,45,40,0.05,rat_movement=True
1,45,120,0.07,rat_movement=True
1,121,200,0.09,rat_movement=True
1,57,60,0.1,rat_movement=True
1,45,40,0.3,rat_movement=True
1,595,760,0.0,rat_movement=True
1,19,40,0.4,rat_movement=True
1,106,120,0.6,rat_movement=True
1,306,440,0.2,rat_movement=True
1,132,180,0.7,rat_movement=True
1,64,40,0.8,rat_movement=True
1,135,180,0.9,rat_movement=True
1,47,140,0.01,rat_movement=True
1,185,180,1.0,rat_movement=True
1,143,160,0.03,rat_movement=True
1,280,320,0.0,rat_movement=True
1,35,80,0.07,rat_movement=True
1,141,280,0.05,rat_movement=True
1,842,840,0.5,rat_movement=True
1,84,140,0.1,rat_movement=True
1,53,40,0.2,rat_movement=True
1,130,140,0.3,rat_movement=True
1,194,360,0.09,rat_movement=True
1,48,40,0.6,rat_movement=True
1,86,140,0.5,rat_movement=True
1,137,220,0.4,rat_movement=True
1,65,80,0.8,rat_movement=True
1,115,280,0.7,rat_movement=True
1,90,160,0.9,rat_movement=True
1,9,20,0.01,rat_movement=True
1,100,60,1.0,rat_movement=True
1,68,80,0.0,rat_movement=True
1,11,20,0.07,rat_movement=True
1,2,20,0.1,rat_movement=True
1,39,120,0.09,rat_movement=True
1,190,160,0.03,rat_movement=True
1,154,240,0.05,rat_movement=True
1,156,300,0.2,rat_movement=True
1,151,240,0.3,rat_movement=True
1,167,180,0.4,rat_movement=True
1,36,40,0.5,rat_movement=True
1,33,20,0.6,rat_movement=True
1,48,40,0.9,rat_movement=True
1,116,100,1.0,rat_movement=True
1,265,340,0.8,rat_movement=True
1,354,440,0.7,rat_movement=True
1,21,40,0.01,rat_movement=True
1,150,200,0.0,rat_movement=True
1,167,180,0.03,rat_movement=True
1,67,140,0.05,rat_movement=True
1,17,60,0.09,rat_movement=True
1,34,20,0.2,rat_movement=True
1,134,240,0.07,rat_movement=True
1,86,180,0.3,rat_movement=True
1,239,360,0.1,rat_movement=True
1,86,80,0.4,rat_movement=True
1,105,120,0.7,rat_movement=True
1,5,20,0.9,rat_movement=True
1,287,300,0.6,rat_movement=True
1,204,220,0.8,rat_movement=True
1,115,100,1.0,rat_movement=True
1,80,100,0.01,rat_movement=True
1,570,820,0.5,rat_movement=True
1,55,80,0.05,rat_movement=True
1,62,100,0.07,rat_movement=True
1,130,300,0.03,rat_movement=True
1,42,100,0.2,rat_movement=True
1,238,440,0.1,rat_movement=True
1,274,460,0.09,rat_movement=True
1,266,260,0.3,rat_movement=True
1,119,100,0.4,rat_movement=True
1,50,160,0.6,rat_movement=True
1,35,40,0.7,rat_movement=True
1,89,120,0.9,rat_movement=True
1,86,80,1.0,rat_movement=True
1,399,420,0.5,rat_movement=True
1,247,260,0.8,rat_movement=True
1,1537,1600,0.0,rat_movement=True
1,87,80,0.05,rat_movement=True
1,87,100,0.07,rat_movement=True
1,315,360,0.01,rat_movement=True
1,23,20,0.1,rat_movement=True
1,363,600,0.03,rat_movement=True
1,229,240,0.09,rat_movement=True
1,115,140,0.3,rat_movement=True
1,194,340,0.2,rat_movement=True
1,58,100,0.5,rat_movement=True
1,19,60,0.6,rat_movement=True
1,51,60,0.8,rat_movement=True
1,1013,960,0.0,rat_movement=True
1,106,120,0.7,rat_movement=True
1,231,240,0.4,rat_movement=True
1,83,40,0.9,rat_movement=True
1,23,40,0.01,rat_movement=True
1,173,320,1.0,rat_movement=True
1,30,20,0.05,rat_movement=True
1,88,140,0.07,rat_movement=True
1,395,560,0.03,rat_movement=True
1,14,20,0.09,rat_movement=True
1,92,120,0.1,rat_movement=True
1,28,20,0.3,rat_movement=True
1,81,120,0.2,rat_movement=True
1,100,220,0.4,rat_movement=True
1,73,160,0.5,rat_movement=True
1,62,120,0.7,rat_movement=True
1,70,180,1.0,rat_movement=True
1,542,480,0.6,rat_movement=True
1,2021,2000,0.0,rat_movement=True
1,673,720,0.8,rat_movement=True
1,265,320,0.01,rat_movement=True
1,183,160,0.03,rat_movement=True
1,50,40,0.05,rat_movement=True
1,40,120,0.07,rat_movement=True
1,751,960,0.0,rat_movement=True
1,93,80,0.09,rat_movement=True
1,49,120,0.1,rat_movement=True
1,71,40,0.2,rat_movement=True
1,26,20,0.4,rat_movement=True
1,87,100,0.3,rat_movement=True
1,60,40,0.5,rat_movement=True
1,103,140,0.6,rat_movement=True
1,1800,1360,0.9,rat_movement=True
1,81,100,0.8,rat_movement=True
1,85,100,1.0,rat_movement=True
1,385,380,0.7,rat_movement=True
1,24,80,0.05,rat_movement=True
1,125,300,0.03,rat_movement=True
1,56,40,0.09,rat_movement=True
1,162,320,0.07,rat_movement=True
1,70,160,0.1,rat_movement=True
1,33,100,0.3,rat_movement=True
1,108,80,0.2,rat_movement=True
1,613,660,0.01,rat_movement=True
1,137,140,0.4,rat_movement=True
1,29,40,0.6,rat_movement=True
1,178,180,0.5,rat_movement=True
1,10,20,0.7,rat_movement=True
1,1146,1080,0.9,rat_movement=True
1,141,220,0.8,rat_movement=True
1,1270,1360,0.0,rat_movement=True
1,17,20,0.03,rat_movement=True
1,110,180,0.0,rat_movement=True
1,187,340,0.01,rat_movement=True
1,155,240,0.05,rat_movement=True
1,102,140,0.07,rat_movement=True
1,457,440,0.9,rat_movement=True
1,80,160,0.1,rat_movement=True
1,209,260,0.09,rat_movement=True
1,156,160,0.2,rat_movement=True
1,130,140,0.3,rat_movement=True
1,17,20,0.5,rat_movement=True
1,161,180,0.4,rat_movement=True
1,147,160,0.7,rat_movement=True
1,116,280,0.8,rat_movement=True
1,101,120,0.9,rat_movement=True
1,58,60,1.0,rat_movement=True
1,1154,1080,1.0,rat_movement=True
1,113,100,0.01,rat_movement=True
1,621,600,0.6,rat_movement=True
1,91,140,0.03,rat_movement=True
1,73,120,0.05,rat_movement=True
1,50,40,0.07,rat_movement=True
1,28,60,0.09,rat_movement=True
1,260,360,0.1,rat_movement=True
1,700,880,0.0,rat_movement=True
1,65,120,0.2,rat_movement=True
1,82,80,0.3,rat_movement=True
1,250,400,0.4,rat_movement=True
1,23,60,0.7,rat_movement=True
1,469,380,0.5,rat_movement=True
1,107,120,0.8,rat_movement=True
1,176,240,0.9,rat_movement=True
1,175,160,1.0,rat_movement=True
1,61,80,0.0,rat_movement=True
1,25,40,0.01,rat_movement=True
1,723,640,0.6,rat_movement=True
1,81,120,0.05,rat_movement=True
1,6,20,0.09,rat_movement=True
1,19,60,0.1,rat_movement=True
1,15,20,0.2,rat_movement=True
1,38,60,0.3,rat_movement=True
1,119,180,0.4,rat_movement=True
1,259,480,0.07,rat_movement=True
1,414,560,0.03,rat_movement=True
1,267,340,0.5,rat_movement=True
1,225,260,0.9,rat_movement=True
1,709,600,0.7,rat_movement=True
1,706,840,0.6,rat_movement=True
1,41,80,0.01,rat_movement=True
1,255,240,1.0,rat_movement=True
1,719,600,0.8,rat_movement=True
1,9,20,0.05,rat_movement=True
1,28,100,0.07,rat_movement=True
1,147,320,0.03,rat_movement=True
1,22,20,0.1,rat_movement=True
1,60,80,0.09,rat_movement=True
1,57,60,0.2,rat_movement=True
1,4,20,0.4,rat_movement=True
1,92,80,0.5,rat_movement=True
1,88,140,0.6,rat_movement=True
1,119,100,0.7,rat_movement=True
1,383,580,0.3,rat_movement=True
1,905,1020,0.0,rat_movement=True
1,61,100,1.0,rat_movement=True
1,273,340,0.8,rat_movement=True
1,15,40,0.0,rat_movement=True
1,13,40,0.03,rat_movement=True
1,44,80,0.01,rat_movement=True
1,274,340,0.9,rat_movement=True
1,49,60,0.05,rat_movement=True
1,81,180,0.07,rat_movement=True
1,48,40,0.2,rat_movement=True
1,144,200,0.1,rat_movement=True
1,1,20,0.3,rat_movement=True
1,77,40,0.5,rat_movement=True
1,305,320,0.4,rat_movement=True
1,174,280,0.6,rat_movement=True
1,130,220,0.8,rat_movement=True
1,52,40,1.0,rat_movement=True
1,64,80,0.0,rat_movement=True
1,282,440,0.7,rat_movement=True
1,70,60,0.01,rat_movement=True
1,50,80,0.03,rat_movement=True
1,896,1240,0.09,rat_movement=True
1,419,540,0.9,rat_movement=True
1,82,200,0.07,rat_movement=True
1,195,180,0.05,rat_movement=True
1,32,20,0.2,rat_movement=True
1,75,140,0.1,rat_movement=True
1,222,400,0.09,rat_movement=True
1,155,220,0.3,rat_movement=True
1,34,80,0.6,rat_movement=True
1,122,100,0.5,rat_movement=True
1,85,100,0.7,rat_movement=True
1,145,220,0.8,rat_movement=True
1,82,100,1.0,rat_movement=True
1,25,20,0.03,rat_movement=True
1,57,60,0.05,rat_movement=True
1,177,440,0.01,rat_movement=True
1,77,80,0.07,rat_movement=True
1,62,80,0.09,rat_movement=True
1,702,980,0.4,rat_movement=True
1,395,560,0.0,rat_movement=True
1,34,40,0.2,rat_movement=True
1,133,160,0.1,rat_movement=True
1,20,60,0.4,rat_movement=True
1,53,120,0.3,rat_movement=True
1,55,100,0.6,rat_movement=True
1,120,140,0.7,rat_movement=True
1,245,200,0.5,rat_movement=True
1,91,120,0.8,rat_movement=True
1,1196,1020,0.9,rat_movement=True
1,147,300,1.0,rat_movement=True
1,231,280,0.9,rat_movement=True
1,15,40,0.03,rat_movement=True
1,166,240,0.01,rat_movement=True
1,288,380,0.0,rat_movement=True
1,37,80,0.07,rat_movement=True
1,90,140,0.05,rat_movement=True
1,61,60,0.09,rat_movement=True
1,71,160,0.1,rat_movement=True
1,47,140,0.2,rat_movement=True
1,181,160,0.3,rat_movement=True
1,130,180,0.4,rat_movement=True
1,70,120,0.6,rat_movement=True
1,192,220,0.5,rat_movement=True
1,36,40,0.8,rat_movement=True
1,90,120,0.7,rat_movement=True
1,25,20,0.9,rat_movement=True
1,81,120,1.0,rat_movement=True
1,4,20,0.03,rat_movement=True
1,221,280,0.0,rat_movement=True
1,69,100,0.05,rat_movement=True
1,70,140,0.07,rat_movement=True
1,3,20,0.09,rat_movement=True
1,53,80,0.1,rat_movement=True
1,337,640,0.01,rat_movement=True
1,81,80,0.2,rat_movement=True
1,30,20,0.3,rat_movement=True
1,55,120,0.4,rat_movement=True
1,34,80,0.5,rat_movement=True
1,44,100,0.6,rat_movement=True
1,154,220,0.7,rat_movement=True
1,66,100,0.8,rat_movement=True
1,303,320,0.0,rat_movement=True
1,146,140,0.01,rat_movement=True
1,80,60,0.03,rat_movement=True
1,40,60,0.07,rat_movement=True
1,44,80,0.09,rat_movement=True
1,907,920,1.0,rat_movement=True
1,327,540,0.05,rat_movement=True
1,62,80,0.1,rat_movement=True
1,85,100,0.2,rat_movement=True
1,9,20,0.3,rat_movement=True
1,60,140,0.4,rat_movement=True
1,79,140,0.5,rat_movement=True
1,22,20,0.6,rat_movement=True
1,78,80,0.8,rat_movement=True
1,223,380,0.7,rat_movement=True
1,276,480,0.01,rat_movement=True
1,130,160,0.03,rat_movement=True
1,170,200,0.05,rat_movement=True
1,766,660,1.0,rat_movement=True
1,116,180,0.07,rat_movement=True
1,89,120,0.1,rat_movement=True
1,997,1200,0.9,rat_movement=True
1,149,220,0.2,rat_movement=True
1,145,100,0.3,rat_movement=True
1,103,260,0.4,rat_movement=True
1,328,540,0.09,rat_movement=True
1,1056,1300,0.0,rat_movement=True
1,117,140,0.6,rat_movement=True
1,186,160,0.5,rat_movement=True
1,32,20,0.9,rat_movement=True
1,13,20,1.0,rat_movement=True
1,85,120,0.01,rat_movement=True
1,347,280,0.7,rat_movement=True
1,31,100,0.03,rat_movement=True
1,87,140,0.05,rat_movement=True
1,41,60,0.07,rat_movement=True
1,556,580,0.0,rat_movement=True
1,146,280,0.09,rat_movement=True
1,85,160,0.1,rat_movement=True
1,121,180,0.2,rat_movement=True
1,90,60,0.3,rat_movement=True
1,28,20,0.6,rat_movement=True
1,99,220,0.4,rat_movement=True
1,25,20,0.7,rat_movement=True
1,143,220,0.5,rat_movement=True
1,98,80,0.9,rat_movement=True
1,1531,1180,0.8,rat_movement=True
1,329,320,1.0,rat_movement=True
1,136,160,0.03,rat_movement=True
1,135,220,0.05,rat_movement=True
1,648,580,0.8,rat_movement=True
1,340,480,0.01,rat_movement=True
1,28,40,0.09,rat_movement=True
1,182,180,0.07,rat_movement=True
1,92,200,0.1,rat_movement=True
1,28,60,0.2,rat_movement=True
1,32,60,0.3,rat_movement=True
1,652,860,0.0,rat_movement=True
1,133,180,0.5,rat_movement=True
1,136,120,0.6,rat_movement=True
1,99,100,0.8,rat_movement=True
1,434,520,0.4,rat_movement=True
1,299,460,0.7,rat_movement=True
1,60,140,0.0,rat_movement=True
1,151,260,1.0,rat_movement=True
1,52,220,0.03,rat_movement=True
1,60,40,0.05,rat_movement=True
1,268,460,0.01,rat_movement=True
1,640,580,0.9,rat_movement=True
1,83,100,0.09,rat_movement=True
1,87,160,0.1,rat_movement=True
1,132,240,0.2,rat_movement=True
1,142,260,0.3,rat_movement=True
1,61,60,0.4,rat_movement=True
1,397,580,0.07,rat_movement=True
1,51,60,0.5,rat_movement=True
1,66,60,0.7,rat_movement=True
1,158,280,0.6,rat_movement=True
1,57,80,0.8,rat_movement=True
1,39,20,1.0,rat_movement=True
1,223,240,0.01,rat_movement=True
1,116,160,0.05,rat_movement=True
1,264,380,0.03,rat_movement=True
1,98,60,0.07,rat_movement=True
1,36,40,0.1,rat_movement=True
1,18,40,0.2,rat_movement=True
1,194,220,0.09,rat_movement=True
1,740,900,0.0,rat_movement=True
1,159,280,0.3,rat_movement=True
1,94,100,0.4,rat_movement=True
1,182,180,0.5,rat_movement=True
1,121,160,0.7,rat_movement=True
1,160,280,0.6,rat_movement=True
1,1558,1340,0.9,rat_movement=True
1,352,360,0.8,rat_movement=True
1,259,440,0.0,rat_movement=True
1,332,380,1.0,rat_movement=True
1,70,120,0.07,rat_movement=True
1,74,160,0.05,rat_movement=True
1,250,440,0.01,rat_movement=True
1,162,340,0.03,rat_movement=True
1,90,100,0.1,rat_movement=True
1,29,40,0.2,rat_movement=True
1,148,340,0.09,rat_movement=True
1,30,20,0.3,rat_movement=True
1,150,180,0.4,rat_movement=True
1,1041,1000,0.9,rat_movement=True
1,235,240,0.5,rat_movement=True
1,59,60,0.7,rat_movement=True
1,165,180,0.6,rat_movement=True
1,20,20,1.0,rat_movement=True
1,112,160,0.9,rat_movement=True
1,398,360,0.8,rat_movement=True
1,106,260,0.03,rat_movement=True
1,321,400,0.01,rat_movement=True
1,120,160,0.05,rat_movement=True
1,63,100,0.07,rat_movement=True
1,17,40,0.1,rat_movement=True
1,55,140,0.09,rat_movement=True
1,15,20,0.2,rat_movement=True
1,670,960,0.0,rat_movement=True
1,81,60,0.3,rat_movement=True
1,49,40,0.4,rat_movement=True
1,211,280,0.5,rat_movement=True
1,201,320,0.6,rat_movement=True
1,104,180,0.8,rat_movement=True
1,126,80,0.9,rat_movement=True
1,17,60,0.0,rat_movement=True
1,91,140,1.0,rat_movement=True
1,35,20,0.05,rat_movement=True
1,81,160,0.03,rat_movement=True
1,194,320,0.01,rat_movement=True
1,617,560,0.7,rat_movement=True
1,158,320,0.07,rat_movement=True
1,24,80,0.1,rat_movement=True
1,127,200,0.09,rat_movement=True
1,49,80,0.3,rat_movement=True
1,128,160,0.2,rat_movement=True
1,75,100,0.4,rat_movement=True
1,39,60,0.5,rat_movement=True
1,19,80,0.8,rat_movement=True
1,70,100,0.7,rat_movement=True
1,105,200,0.6,rat_movement=True
1,30,20,1.0,rat_movement=True
1,137,280,0.9,rat_movement=True
1,20,40,0.03,rat_movement=True
1,44,120,0.01,rat_movement=True
1,104,180,0.07,rat_movement=True
1,348,380,0.0,rat_movement=True
1,180,280,0.05,rat_movement=True
1,23,40,0.1,rat_movement=True
1,32,20,0.3,rat_movement=True
1,23,20,0.4,rat_movement=True
1,64,40,0.5,rat_movement=True
1,493,740,0.09,rat_movement=True
1,83,160,0.6,rat_movement=True
1,12,20,0.9,rat_movement=True
1,438,640,0.2,rat_movement=True
1,84,60,1.0,rat_movement=True
1,174,260,0.8,rat_movement=True
1,122,240,0.03,rat_movement=True
1,165,200,0.05,rat_movement=True
1,22,20,0.09,rat_movement=True
1,711,660,0.7,rat_movement=True
1,347,680,0.01,rat_movement=True
1,182,440,0.07,rat_movement=True
1,88,120,0.2,rat_movement=True
1,154,260,0.1,rat_movement=True
1,0,0,0.5,rat_movement=True
1,80,160,0.3,rat_movement=True
1,64,160,0.4,rat_movement=True
1,362,540,0.7,rat_movement=True
1,439,400,0.6,rat_movement=True
1,355,320,0.8,rat_movement=True
1,42,20,0.01,rat_movement=True
1,5,20,0.03,rat_movement=True
1,409,460,0.9,rat_movement=True
1,251,340,0.0,rat_movement=True
1,39,20,0.07,rat_movement=True
1,270,440,0.05,rat_movement=True
1,84,80,0.09,rat_movement=True
1,52,80,0.1,rat_movement=True
1,8,20,0.3,rat_movement=True
1,104,60,0.2,rat_movement=True
1,1145,960,1.0,rat_movement=True
1,102,120,0.4,rat_movement=True
1,22,20,0.6,rat_movement=True
1,168,140,0.5,rat_movement=True
1,31,80,1.0,rat_movement=True
1,48,40,0.0,rat_movement=True
1,376,360,0.7,rat_movement=True
1,99,180,0.03,rat_movement=True
1,152,140,0.01,rat_movement=True
1,128,300,0.05,rat_movement=True
1,90,140,0.07,rat_movement=True
1,607,520,0.9,rat_movement=True
1,71,100,0.09,rat_movement=True
1,784,620,0.8,rat_movement=True
1,73,100,0.1,rat_movement=True
1,55,60,0.2,rat_movement=True
1,63,100,0.3,rat_movement=True
1,168,300,0.4,rat_movement=True
1,200,360,0.5,rat_movement=True
1,21,20,0.8,rat_movement=True
1,201,340,0.6,rat_movement=True
1,136,100,1.0,rat_movement=True
1,158,160,0.9,rat_movement=True
1,90,120,0.01,rat_movement=True
1,131,160,0.03,rat_movement=True
1,463,480,0.7,rat_movement=True
1,103,200,0.05,rat_movement=True
1,146,300,0.09,rat_movement=True
1,10,20,0.2,rat_movement=True
1,282,560,0.07,rat_movement=True
1,114,200,0.1,rat_movement=True
1,68,140,0.3,rat_movement=True
1,32,80,0.4,rat_movement=True
1,372,380,0.5,rat_movement=True
1,171,180,0.8,rat_movement=True
1,256,280,0.7,rat_movement=True
1,1412,1660,0.0,rat_movement=True
1,814,700,0.6,rat_movement=True
1,20,20,0.03,rat_movement=True
1,149,160,0.01,rat_movement=True
1,418,460,1.0,rat_movement=True
1,35,40,0.05,rat_movement=True
1,49,60,0.07,rat_movement=True
1,48,180,0.09,rat_movement=True
1,54,120,0.1,rat_movement=True
1,115,200,0.3,rat_movement=True
1,155,400,0.2,rat_movement=True
1,26,40,0.5,rat_movement=True
1,58,100,0.6,rat_movement=True
1,73,180,0.7,rat_movement=True
1,40,100,0.8,rat_movement=True
1,374,520,0.4,rat_movement=True
1,1110,1460,0.0,rat_movement=True
1,159,220,0.9,rat_movement=True
1,52,40,0.0,rat_movement=True
1,1591,1460,0.9,rat_movement=True
1,56,80,0.03,rat_movement=True
1,30,60,0.05,rat_movement=True
1,161,280,0.01,rat_movement=True
1,42,160,0.07,rat_movement=True
1,363,360,1.0,rat_movement=True
1,18,20,0.1,rat_movement=True
1,113,280,0.09,rat_movement=True
1,20,40,0.2,rat_movement=True
1,5,20,0.4,rat_movement=True
1,63,60,0.5,rat_movement=True
1,155,140,0.7,rat_movement=True
1,171,240,0.6,rat_movement=True
1,271,400,0.3,rat_movement=True
1,118,180,0.8,rat_movement=True
1,10,60,0.01,rat_movement=True
1,59,60,0.03,rat_movement=True
1,431,440,1.0,rat_movement=True
1,182,220,0.05,rat_movement=True
1,20,20,0.09,rat_movement=True
1,66,180,0.07,rat_movement=True
1,66,140,0.1,rat_movement=True
1,102,140,0.2,rat_movement=True
1,53,40,0.3,rat_movement=True
1,106,100,0.4,rat_movement=True
1,40,100,0.7,rat_movement=True
1,83,120,0.6,rat_movement=True
1,381,340,0.5,rat_movement=True
1,24,60,1.0,rat_movement=True
1,1600,1620,0.0,rat_movement=True
1,1694,1500,0.9,rat_movement=True
1,379,600,0.9,rat_movement=True
1,28,20,0.05,rat_movement=True
1,243,520,0.01,rat_movement=True
1,768,720,0.8,rat_movement=True
1,257,260,0.03,rat_movement=True
1,19,40,0.1,rat_movement=True
1,76,80,0.09,rat_movement=True
1,23,40,0.2,rat_movement=True
1,138,280,0.07,rat_movement=True
1,648,740,0.0,rat_movement=True
1,32,20,0.6,rat_movement=True
1,204,260,0.3,rat_movement=True
1,31,100,0.7,rat_movement=True
1,43,180,0.8,rat_movement=True
1,50,60,1.0,rat_movement=True
1,409,540,0.4,rat_movement=True
1,505,420,0.5,rat_movement=True
1,52,100,0.03,rat_movement=True
1,148,280,0.01,rat_movement=True
1,329,320,0.9,rat_movement=True
1,22,20,0.09,rat_movement=True
1,153,120,0.07,rat_movement=True
1,26,40,0.2,rat_movement=True
1,132,220,0.1,rat_movement=True
1,511,600,0.0,rat_movement=True
1,60,100,0.3,rat_movement=True
1,342,580,0.05,rat_movement=True
1,17,20,0.6,rat_movement=True
1,65,160,0.5,rat_movement=True
1,146,280,0.4,rat_movement=True
1,54,120,0.7,rat_movement=True
1,65,120,0.9,rat_movement=True
1,30,40,0.01,rat_movement=True
1,4,20,0.03,rat_movement=True
1,227,240,0.8,rat_movement=True
1,26,40,0.07,rat_movement=True
1,101,160,0.05,rat_movement=True
1,71,60,0.1,rat_movement=True
1,32,60,0.2,rat_movement=True
1,204,480,0.09,rat_movement=True
1,128,100,0.3,rat_movement=True
1,589,520,1.0,rat_movement=True
1,16,20,0.5,rat_movement=True
1,543,660,0.0,rat_movement=True
1,110,300,0.4,rat_movement=True
1,76,80,0.7,rat_movement=True
1,80,100,0.8,rat_movement=True
1,166,180,0.6,rat_movement=True
1,39,40,0.0,rat_movement=True
1,46,60,0.01,rat_movement=True
1,18,20,0.03,rat_movement=True
1,5,20,0.05,rat_movement=True
1,377,320,0.9,rat_movement=True
1,123,220,0.07,rat_movement=True
1,529,520,1.0,rat_movement=True
1,19,80,0.1,rat_movement=True
1,24,20,0.2,rat_movement=True
1,221,320,0.09,rat_movement=True
1,267,220,0.3,rat_movement=True
1,27,20,0.6,rat_movement=True
1,242,280,0.4,rat_movement=True
1,5,40,0.7,rat_movement=True
1,292,340,0.5,rat_movement=True
1,44,80,0.8,rat_movement=True
1,9,20,0.9,rat_movement=True
1,39,40,1.0,rat_movement=True
1,18,20,0.03,rat_movement=True
1,158,280,0.01,rat_movement=True
1,70,160,0.05,rat_movement=True
1,27,40,0.1,rat_movement=True
1,409,420,0.0,rat_movement=True
1,45,180,0.2,rat_movement=True
1,99,120,0.3,rat_movement=True
1,88,100,0.4,rat_movement=True
1,282,520,0.07,rat_movement=True
1,298,500,0.09,rat_movement=True
1,140,280,0.5,rat_movement=True
1,43,60,0.8,rat_movement=True
1,170,220,0.7,rat_movement=True
1,152,300,0.0,rat_movement=True
1,359,820,0.6,rat_movement=True
1,224,360,1.0,rat_movement=True
1,76,100,0.01,rat_movement=True
1,127,220,0.03,rat_movement=True
1,42,60,0.07,rat_movement=True
1,126,180,0.05,rat_movement=True
1,61,120,0.1,rat_movement=True
1,144,260,0.09,rat_movement=True
1,108,160,0.2,rat_movement=True
1,64,100,0.4,rat_movement=True
1,107,100,0.3,rat_movement=True
1,83,120,0.5,rat_movement=True
1,233,220,0.7,rat_movement=True
1,161,140,0.8,rat_movement=True
1,1320,1080,0.9,rat_movement=True
1,75,60,1.0,rat_movement=True
1,534,440,0.6,rat_movement=True
1,156,260,0.01,rat_movement=True
1,620,540,0.9,rat_movement=True
1,10,20,0.07,rat_movement=True
1,110,260,0.05,rat_movement=True
1,294,400,0.03,rat_movement=True
1,29,20,0.1,rat_movement=True
1,90,100,0.09,rat_movement=True
1,965,880,0.0,rat_movement=True
1,246,320,0.2,rat_movement=True
1,95,100,0.3,rat_movement=True
1,23,20,0.4,rat_movement=True
1,15,20,0.5,rat_movement=True
1,54,40,0.7,rat_movement=True
1,40,40,0.8,rat_movement=True
1,207,420,0.6,rat_movement=True
1,111,160,0.01,rat_movement=True
1,9,20,0.03,rat_movement=True
1,348,420,0.9,rat_movement=True
1,105,140,0.05,rat_movement=True
1,90,100,0.09,rat_movement=True
1,100,180,0.1,rat_movement=True
1,60,120,0.2,rat_movement=True
1,17,40,0.3,rat_movement=True
1,144,180,0.4,rat_movement=True
1,375,680,0.07,rat_movement=True
1,25,20,0.7,rat_movement=True
1,362,520,0.5,rat_movement=True
1,38,100,0.9,rat_movement=True
1,414,440,0.6,rat_movement=True
1,1307,1300,1.0,rat_movement=True
1,1255,1540,0.0,rat_movement=True
1,101,100,1.0,rat_movement=True
1,61,60,0.01,rat_movement=True
1,79,120,0.03,rat_movement=True
1,53,100,0.05,rat_movement=True
1,27,20,0.07,rat_movement=True
1,868,640,0.8,rat_movement=True
1,67,120,0.09,rat_movement=True
1,360,480,0.0,rat_movement=True
1,67,100,0.1,rat_movement=True
1,140,180,0.2,rat_movement=True
1,147,180,0.3,rat_movement=True
1,251,220,0.5,rat_movement=True
1,338,300,0.4,rat_movement=True
1,22,20,0.8,rat_movement=True
1,34,80,1.0,rat_movement=True
1,207,180,0.9,rat_movement=True
1,41,100,0.01,rat_movement=True
1,35,80,0.03,rat_movement=True
1,521,460,0.6,rat_movement=True
1,25,40,0.05,rat_movement=True
1,343,300,0.7,rat_movement=True
1,128,180,0.09,rat_movement=True
1,91,160,0.2,rat_movement=True
1,8,20,0.4,rat_movement=True
1,312,520,0.07,rat_movement=True
1,63,60,0.3,rat_movement=True
1,296,300,0.1,rat_movement=True
1,179,420,0.5,rat_movement=True
1,73,80,0.8,rat_movement=True
1,275,240,0.6,rat_movement=True
1,21,20,0.0,rat_movement=True
1,1021,1160,0.0,rat_movement=True
1,141,200,0.01,rat_movement=True
1,379,360,0.9,rat_movement=True
1,79,100,0.03,rat_movement=True
1,605,540,0.7,rat_movement=True
1,85,140,0.05,rat_movement=True
1,34,80,0.1,rat_movement=True
1,59,60,0.09,rat_movement=True
1,105,260,0.3,rat_movement=True
1,306,280,0.07,rat_movement=True
1,76,60,0.4,rat_movement=True
1,871,880,1.0,rat_movement=True
1,15,20,0.6,rat_movement=True
1,46,40,0.5,rat_movement=True
1,228,240,0.8,rat_movement=True
1,282,260,0.7,rat_movement=True
1,32,40,1.0,rat_movement=True
1,152,140,0.9,rat_movement=True
1,106,260,0.01,rat_movement=True
1,48,60,0.03,rat_movement=True
1,94,60,0.05,rat_movement=True
1,263,380,0.0,rat_movement=True
1,166,200,0.07,rat_movement=True
1,177,260,0.1,rat_movement=True
1,161,400,0.09,rat_movement=True
1,142,100,0.2,rat_movement=True
1,44,40,0.3,rat_movement=True
1,38,40,0.4,rat_movement=True
1,1178,1680,0.2,rat_movement=True
1,77,60,0.5,rat_movement=True
1,21,20,0.6,rat_movement=True
1,13,60,0.7,rat_movement=True
1,209,480,0.8,rat_movement=True
1,182,200,0.9,rat_movement=True
1,175,200,1.0,rat_movement=True
1,113,160,0.01,rat_movement=True
1,101,260,0.03,rat_movement=True
1,115,180,0.07,rat_movement=True
1,59,60,0.09,rat_movement=True
1,458,560,0.0,rat_movement=True
1,90,80,0.2,rat_movement=True
1,13,20,0.4,rat_movement=True
1,174,160,0.1,rat_movement=True
1,37,80,0.5,rat_movement=True
1,42,40,0.6,rat_movement=True
1,401,620,0.05,rat_movement=True
1,287,540,0.3,rat_movement=True
1,24,20,0.8,rat_movement=True
1,136,180,0.9,rat_movement=True
1,182,200,1.0,rat_movement=True
1,143,220,0.03,rat_movement=True
1,303,340,0.0,rat_movement=True
1,144,240,0.05,rat_movement=True
1,248,240,0.01,rat_movement=True
1,10,20,0.1,rat_movement=True
1,44,100,0.2,rat_movement=True
1,159,240,0.09,rat_movement=True
1,98,100,0.3,rat_movement=True
1,353,580,0.07,rat_movement=True
1,126,80,0.4,rat_movement=True
1,39,100,0.6,rat_movement=True
1,32,20,0.7,rat_movement=True
1,167,160,0.5,rat_movement=True
1,67,120,0.8,rat_movement=True
1,118,140,0.9,rat_movement=True
1,221,220,1.0,rat_movement=True
1,95,140,0.03,rat_movement=True
1,94,120,0.05,rat_movement=True
1,37,40,0.09,rat_movement=True
1,61,100,0.1,rat_movement=True
1,220,280,0.07,rat_movement=True
1,373,520,0.01,rat_movement=True
1,178,360,0.2,rat_movement=True
1,66,80,0.4,rat_movement=True
1,627,620,0.0,rat_movement=True
1,10,20,0.7,rat_movement=True
1,48,40,0.8,rat_movement=True
1,293,220,0.3,rat_movement=True
1,63,60,0.9,rat_movement=True
1,314,480,0.5,rat_movement=True
1,331,280,0.6,rat_movement=True
1,4,20,0.03,rat_movement=True
1,69,120,0.01,rat_movement=True
1,155,160,0.0,rat_movement=True
1,26,60,0.05,rat_movement=True
1,25,20,0.07,rat_movement=True
1,173,160,0.09,rat_movement=True
1,112,140,0.2,rat_movement=True
1,146,240,0.1,rat_movement=True
1,433,500,1.0,rat_movement=True
1,26,80,0.3,rat_movement=True
1,113,180,0.4,rat_movement=True
1,95,80,0.5,rat_movement=True
1,57,80,0.8,rat_movement=True
1,187,200,0.6,rat_movement=True
1,273,280,0.7,rat_movement=True
1,16,40,1.0,rat_movement=True
1,216,240,0.9,rat_movement=True
1,138,140,0.0,rat_movement=True
1,99,120,0.01,rat_movement=True
1,76,100,0.03,rat_movement=True
1,83,200,0.05,rat_movement=True
1,129,280,0.07,rat_movement=True
1,71,80,0.09,rat_movement=True
1,74,120,0.1,rat_movement=True
1,73,100,0.2,rat_movement=True
1,58,40,0.4,rat_movement=True
1,76,100,0.6,rat_movement=True
1,320,460,0.3,rat_movement=True
1,52,80,0.8,rat_movement=True
1,18,20,1.0,rat_movement=True
1,21,20,0.0,rat_movement=True
1,137,200,0.7,rat_movement=True
1,360,300,0.5,rat_movement=True
1,59,100,0.01,rat_movement=True
1,171,140,0.9,rat_movement=True
1,50,160,0.05,rat_movement=True
1,38,20,0.09,rat_movement=True
1,107,180,0.07,rat_movement=True
1,57,80,0.1,rat_movement=True
1,23,20,0.3,rat_movement=True
1,223,520,0.03,rat_movement=True
1,10,20,0.5,rat_movement=True
1,107,140,0.2,rat_movement=True
1,42,60,0.7,rat_movement=True
1,231,340,0.4,rat_movement=True
1,98,100,0.8,rat_movement=True
1,46,40,1.0,rat_movement=True
1,162,260,0.9,rat_movement=True
1,350,420,0.6,rat_movement=True
1,293,420,0.03,rat_movement=True
1,102,200,0.07,rat_movement=True
1,158,200,0.05,rat_movement=True
1,41,60,0.09,rat_movement=True
1,367,600,0.01,rat_movement=True
1,21,20,0.1,rat_movement=True
1,41,40,0.3,rat_movement=True
1,94,160,0.2,rat_movement=True
1,7,20,0.6,rat_movement=True
1,336,260,0.4,rat_movement=True
1,57,60,0.7,rat_movement=True
1,43,40,0.9,rat_movement=True
1,1223,1540,0.0,rat_movement=True
1,164,320,0.8,rat_movement=True
1,554,800,0.5,rat_movement=True
1,40,40,0.01,rat_movement=True
1,255,280,1.0,rat_movement=True
1,36,80,0.05,rat_movement=True
1,70,200,0.03,rat_movement=True
1,33,40,0.07,rat_movement=True
1,85,120,0.09,rat_movement=True
1,93,180,0.1,rat_movement=True
1,64,120,0.3,rat_movement=True
1,62,60,0.4,rat_movement=True
1,144,260,0.2,rat_movement=True
1,536,540,0.0,rat_movement=True
1,26,80,0.6,rat_movement=True
1,20,20,0.7,rat_movement=True
1,113,120,0.5,rat_movement=True
1,49,100,0.8,rat_movement=True
1,126,160,0.9,rat_movement=True
1,99,100,1.0,rat_movement=True
1,39,60,0.01,rat_movement=True
1,83,140,0.03,rat_movement=True
1,322,380,0.0,rat_movement=True
1,140,260,0.05,rat_movement=True
1,39,60,0.2,rat_movement=True
1,105,200,0.1,rat_movement=True
1,216,340,0.07,rat_movement=True
1,147,300,0.09,rat_movement=True
1,51,40,0.4,rat_movement=True
1,30,20,0.5,rat_movement=True
1,142,260,0.3,rat_movement=True
1,98,80,0.6,rat_movement=True
1,46,60,0.7,rat_movement=True
1,154,280,0.8,rat_movement=True
1,89,80,0.0,rat_movement=True
1,183,240,0.03,rat_movement=True
1,135,200,0.05,rat_movement=True
1,817,740,0.9,rat_movement=True
1,89,120,0.07,rat_movement=True
1,37,40,0.1,rat_movement=True
1,99,160,0.09,rat_movement=True
1,66,160,0.2,rat_movement=True
1,921,800,1.0,rat_movement=True
1,147,100,0.3,rat_movement=True
1,85,80,0.4,rat_movement=True
1,669,900,0.01,rat_movement=True
1,160,160,0.5,rat_movement=True
1,12,20,0.7,rat_movement=True
1,112,100,0.6,rat_movement=True
1,27,20,0.9,rat_movement=True
1,123,140,0.8,rat_movement=True
1,60,160,0.0,rat_movement=True
1,34,20,0.01,rat_movement=True
1,241,360,1.0,rat_movement=True
1,343,440,0.03,rat_movement=True
1,72,120,0.07,rat_movement=True
1,12,20,0.1,rat_movement=True
1,8,20,0.2,rat_movement=True
1,367,380,0.05,rat_movement=True
1,105,220,0.09,rat_movement=True
1,47,80,0.3,rat_movement=True
1,186,260,0.5,rat_movement=True
1,256,340,0.4,rat_movement=True
1,153,160,0.7,rat_movement=True
1,250,240,0.6,rat_movement=True
1,42,40,0.9,rat_movement=True
1,103,100,0.8,rat_movement=True
1,0,20,1.0,rat_movement=True
1,85,120,0.01,rat_movement=True
1,28,60,0.05,rat_movement=True
1,7,40,0.07,rat_movement=True
1,236,280,0.0,rat_movement=True
1,171,260,0.03,rat_movement=True
1,62,80,0.1,rat_movement=True
1,24,20,0.4,rat_movement=True
1,54,160,0.3,rat_movement=True
1,74,160,0.2,rat_movement=True
1,238,400,0.09,rat_movement=True
1,91,120,0.6,rat_movement=True
1,141,180,0.5,rat_movement=True
1,150,180,0.7,rat_movement=True
1,8,20,1.0,rat_movement=True
1,247,300,0.8,rat_movement=True
1,261,300,0.9,rat_movement=True
1,56,40,0.03,rat_movement=True
1,166,160,0.01,rat_movement=True
1,27,20,0.07,rat_movement=True
1,53,40,0.05,rat_movement=True
1,154,360,0.09,rat_movement=True
1,30,20,0.2,rat_movement=True
1,112,200,0.1,rat_movement=True
1,81,60,0.3,rat_movement=True
1,53,120,0.4,rat_movement=True
1,50,40,0.5,rat_movement=True
1,60,40,0.7,rat_movement=True
1,907,980,0.0,rat_movement=True
1,98,240,0.6,rat_movement=True
1,392,360,0.9,rat_movement=True
1,113,140,0.01,rat_movement=True
1,77,200,0.05,rat_movement=True
1,40,60,0.07,rat_movement=True
1,70,60,0.09,rat_movement=True
1,730,820,0.0,rat_movement=True
1,476,660,0.03,rat_movement=True
1,186,300,0.1,rat_movement=True
1,1056,900,0.8,rat_movement=True
1,58,80,0.2,rat_movement=True
1,1087,920,1.0,rat_movement=True
1,59,60,0.4,rat_movement=True
1,22,20,0.5,rat_movement=True
1,175,200,0.3,rat_movement=True
1,87,160,0.7,rat_movement=True
1,94,140,0.9,rat_movement=True
1,423,360,0.6,rat_movement=True
1,24,100,0.01,rat_movement=True
1,6,20,0.03,rat_movement=True
1,3,40,0.05,rat_movement=True
1,218,400,0.0,rat_movement=True
1,69,140,0.07,rat_movement=True
1,809,760,0.8,rat_movement=True
1,77,100,0.1,rat_movement=True
1,276,360,0.09,rat_movement=True
1,29,80,0.2,rat_movement=True
1,110,120,0.3,rat_movement=True
1,37,120,0.4,rat_movement=True
1,37,40,0.5,rat_movement=True
1,1028,900,1.0,rat_movement=True
1,74,120,0.6,rat_movement=True
1,112,200,0.7,rat_movement=True
1,179,160,0.8,rat_movement=True
1,43,60,1.0,rat_movement=True
1,83,140,0.01,rat_movement=True
1,669,620,0.9,rat_movement=True
1,42,40,0.03,rat_movement=True
1,59,60,0.05,rat_movement=True
1,14,40,0.09,rat_movement=True
1,123,60,0.07,rat_movement=True
1,26,60,0.1,rat_movement=True
1,37,40,0.2,rat_movement=True
1,78,60,0.3,rat_movement=True
1,73,160,0.4,rat_movement=True
1,16,20,0.6,rat_movement=True
1,1223,1640,0.0,rat_movement=True
1,336,320,0.5,rat_movement=True
1,314,540,0.7,rat_movement=True
1,419,420,0.8,rat_movement=True
1,28,120,0.01,rat_movement=True
1,217,220,1.0,rat_movement=True
1,215,360,0.0,rat_movement=True
1,44,100,0.05,rat_movement=True
1,13,20,0.07,rat_movement=True
1,161,220,0.03,rat_movement=True
1,75,60,0.09,rat_movement=True
1,29,120,0.1,rat_movement=True
1,55,40,0.2,rat_movement=True
1,140,380,0.3,rat_movement=True
1,1234,1100,0.9,rat_movement=True
1,77,140,0.5,rat_movement=True
1,21,20,0.7,rat_movement=True
1,241,420,0.4,rat_movement=True
1,52,180,0.6,rat_movement=True
1,74,200,1.0,rat_movement=True
1,148,160,0.01,rat_movement=True
1,285,240,0.8,rat_movement=True
1,79,160,0.03,rat_movement=True
1,35,80,0.05,rat_movement=True
1,88,160,0.07,rat_movement=True
1,64,80,0.09,rat_movement=True
1,58,40,0.1,rat_movement=True
1,32,40,0.3,rat_movement=True
1,136,100,0.2,rat_movement=True
1,808,960,0.0,rat_movement=True
1,233,540,0.4,rat_movement=True
1,1,20,0.7,rat_movement=True
1,50,160,0.6,rat_movement=True
1,190,180,0.8,rat_movement=True
1,422,640,0.5,rat_movement=True
1,1457,1300,0.9,rat_movement=True
1,50,60,1.0,rat_movement=True
1,148,220,0.9,rat_movement=True
1,30,60,0.01,rat_movement=True
1,130,320,0.03,rat_movement=True
1,115,200,0.05,rat_movement=True
1,47,100,0.07,rat_movement=True
1,105,100,0.09,rat_movement=True
1,60,140,0.1,rat_movement=True
1,152,220,0.3,rat_movement=True
1,294,240,0.2,rat_movement=True
1,29,20,0.4,rat_movement=True
1,76,180,0.5,rat_movement=True
1,27,20,0.7,rat_movement=True
1,163,120,0.6,rat_movement=True
1,1197,1260,0.0,rat_movement=True
1,234,280,1.0,rat_movement=True
1,32,60,0.03,rat_movement=True
1,125,120,0.01,rat_movement=True
1,424,420,0.8,rat_movement=True
1,96,60,0.09,rat_movement=True
1,359,460,0.0,rat_movement=True
1,151,240,0.07,rat_movement=True
1,205,300,0.05,rat_movement=True
1,54,80,0.1,rat_movement=True
1,43,60,0.2,rat_movement=True
1,66,40,0.3,rat_movement=True
1,104,100,0.4,rat_movement=True
1,62,40,0.6,rat_movement=True
1,200,240,0.5,rat_movement=True
1,148,240,0.7,rat_movement=True
1,60,120,0.9,rat_movement=True
1,394,340,0.8,rat_movement=True
1,5,40,0.0,rat_movement=True
1,102,280,0.03,rat_movement=True
1,283,300,0.01,rat_movement=True
1,51,40,0.05,rat_movement=True
1,69,60,0.09,rat_movement=True
1,122,200,0.07,rat_movement=True
1,50,60,0.1,rat_movement=True
1,700,740,1.0,rat_movement=True
1,94,260,0.2,rat_movement=True
1,202,280,0.4,rat_movement=True
1,203,260,0.5,rat_movement=True
1,252,220,0.6,rat_movement=True
1,875,1100,0.3,rat_movement=True
1,337,320,0.7,rat_movement=True
1,49,40,0.9,rat_movement=True
1,289,260,0.8,rat_movement=True
1,121,240,1.0,rat_movement=True
1,51,120,0.03,rat_movement=True
1,83,100,0.07,rat_movement=True
1,52,100,0.09,rat_movement=True
1,168,400,0.05,rat_movement=True
1,45,60,0.1,rat_movement=True
1,344,580,0.01,rat_movement=True
1,9,20,0.3,rat_movement=True
1,103,120,0.2,rat_movement=True
1,200,180,0.4,rat_movement=True
1,60,140,0.5,rat_movement=True
1,46,60,0.6,rat_movement=True
1,112,100,0.7,rat_movement=True
1,139,140,0.9,rat_movement=True
1,1249,1420,0.0,rat_movement=True
1,258,240,0.8,rat_movement=True
1,134,220,1.0,rat_movement=True
1,167,300,0.0,rat_movement=True
1,90,160,0.03,rat_movement=True
1,89,120,0.05,rat_movement=True
1,79,180,0.07,rat_movement=True
1,19,40,0.1,rat_movement=True
1,9,40,0.2,rat_movement=True
1,105,120,0.09,rat_movement=True
1,420,480,0.01,rat_movement=True
1,169,300,0.3,rat_movement=True
1,182,140,0.4,rat_movement=True
1,35,20,0.6,rat_movement=True
1,136,140,0.7,rat_movement=True
1,27,40,1.0,rat_movement=True
1,185,280,0.9,rat_movement=True
1,191,440,0.01,rat_movement=True
1,957,1000,0.5,rat_movement=True
1,6,20,0.07,rat_movement=True
1,69,200,0.05,rat_movement=True
1,599,560,0.8,rat_movement=True
1,31,60,0.1,rat_movement=True
1,444,440,0.0,rat_movement=True
1,55,40,0.2,rat_movement=True
1,198,400,0.09,rat_movement=True
1,64,60,0.4,rat_movement=True
1,67,60,0.5,rat_movement=True
1,598,780,0.03,rat_movement=True
1,12,40,0.7,rat_movement=True
1,309,400,0.3,rat_movement=True
1,69,80,0.8,rat_movement=True
1,155,200,0.6,rat_movement=True
1,55,40,0.0,rat_movement=True
1,200,180,1.0,rat_movement=True
1,84,180,0.01,rat_movement=True
1,261,520,0.9,rat_movement=True
1,210,320,0.03,rat_movement=True
1,107,140,0.07,rat_movement=True
1,10,20,0.1,rat_movement=True
1,70,80,0.09,rat_movement=True
1,282,460,0.05,rat_movement=True
1,81,140,0.2,rat_movement=True
1,42,20,0.3,rat_movement=True
1,120,120,0.4,rat_movement=True
1,73,60,0.6,rat_movement=True
1,39,120,0.7,rat_movement=True
1,280,260,0.5,rat_movement=True
1,65,100,0.8,rat_movement=True
1,65,60,0.9,rat_movement=True
1,19,20,0.01,rat_movement=True
1,48,120,0.03,rat_movement=True
1,236,420,1.0,rat_movement=True
1,258,380,0.0,rat_movement=True
1,77,160,0.05,rat_movement=True
1,85,140,0.09,rat_movement=True
1,31,60,0.2,rat_movement=True
1,72,200,0.1,rat_movement=True
1,0,20,0.3,rat_movement=True
1,251,380,0.07,rat_movement=True
1,158,240,0.4,rat_movement=True
1,90,180,0.6,rat_movement=True
1,280,360,0.5,rat_movement=True
1,102,80,1.0,rat_movement=True
1,237,200,0.7,rat_movement=True
1,132,240,0.03,rat_movement=True
1,280,380,0.0,rat_movement=True
1,539,460,0.8,rat_movement=True
1,86,280,0.05,rat_movement=True
1,91,140,0.09,rat_movement=True
1,194,200,0.07,rat_movement=True
1,447,680,0.01,rat_movement=True
1,94,160,0.1,rat_movement=True
1,75,160,0.2,rat_movement=True
1,95,200,0.4,rat_movement=True
1,1063,940,0.9,rat_movement=True
1,246,300,0.3,rat_movement=True
1,8,40,0.7,rat_movement=True
1,106,80,0.6,rat_movement=True
1,25,20,0.9,rat_movement=True
1,197,300,0.8,rat_movement=True
1,542,440,0.5,rat_movement=True
1,252,220,1.0,rat_movement=True
1,34,40,0.03,rat_movement=True
1,131,280,0.01,rat_movement=True
1,107,140,0.05,rat_movement=True
1,3,20,0.07,rat_movement=True
1,5,20,0.09,rat_movement=True
1,33,60,0.1,rat_movement=True
1,654,720,0.0,rat_movement=True
1,78,60,0.2,rat_movement=True
1,45,60,0.4,rat_movement=True
1,78,140,0.5,rat_movement=True
1,67,180,0.6,rat_movement=True
1,262,300,0.7,rat_movement=True
1,285,360,0.8,rat_movement=True
1,28,40,0.01,rat_movement=True
1,388,340,0.9,rat_movement=True
1,165,300,0.0,rat_movement=True
1,43,100,0.05,rat_movement=True
1,706,1080,0.3,rat_movement=True
1,330,420,1.0,rat_movement=True
1,178,280,0.03,rat_movement=True
1,95,280,0.07,rat_movement=True
1,47,60,0.09,rat_movement=True
1,14,20,0.1,rat_movement=True
1,116,140,0.3,rat_movement=True
1,65,80,0.4,rat_movement=True
1,319,580,0.2,rat_movement=True
1,40,40,0.8,rat_movement=True
1,161,300,0.6,rat_movement=True
1,217,340,0.7,rat_movement=True
1,19,40,0.0,rat_movement=True
1,197,180,0.9,rat_movement=True
1,499,380,0.5,rat_movement=True
1,4,20,0.03,rat_movement=True
1,103,140,0.01,rat_movement=True
1,101,140,0.05,rat_movement=True
1,4,20,0.07,rat_movement=True
1,12,60,0.1,rat_movement=True
1,194,360,0.09,rat_movement=True
1,82,120,0.3,rat_movement=True
1,108,240,0.2,rat_movement=True
1,78,220,0.5,rat_movement=True
1,111,140,0.6,rat_movement=True
1,99,80,0.7,rat_movement=True
1,17,40,0.9,rat_movement=True
1,417,320,0.4,rat_movement=True
1,196,260,0.8,rat_movement=True
1,26,20,0.01,rat_movement=True
1,1494,1340,1.0,rat_movement=True
1,30,40,0.03,rat_movement=True
1,22,60,0.05,rat_movement=True
1,255,320,1.0,rat_movement=True
1,71,200,0.07,rat_movement=True
1,296,420,0.0,rat_movement=True
1,51,120,0.09,rat_movement=True
1,14,40,0.2,rat_movement=True
1,80,60,0.1,rat_movement=True
1,170,200,0.3,rat_movement=True
1,83,160,0.5,rat_movement=True
1,250,240,0.4,rat_movement=True
1,27,100,1.0,rat_movement=True
1,264,260,0.7,rat_movement=True
1,159,200,0.9,rat_movement=True
1,60,200,0.01,rat_movement=True
1,327,440,0.0,rat_movement=True
1,752,640,0.6,rat_movement=True
1,612,560,0.8,rat_movement=True
1,81,60,0.05,rat_movement=True
1,87,280,0.07,rat_movement=True
1,122,240,0.1,rat_movement=True
1,77,100,0.2,rat_movement=True
1,39,60,0.3,rat_movement=True
1,562,960,0.03,rat_movement=True
1,371,600,0.09,rat_movement=True
1,175,260,0.4,rat_movement=True
1,83,80,0.7,rat_movement=True
1,249,260,0.5,rat_movement=True
1,312,400,0.9,rat_movement=True
1,465,580,0.6,rat_movement=True
1,318,300,1.0,rat_movement=True
1,99,240,0.01,rat_movement=True
1,76,180,0.03,rat_movement=True
1,53,80,0.07,rat_movement=True
1,532,680,0.0,rat_movement=True
1,82,160,0.09,rat_movement=True
1,794,700,0.8,rat_movement=True
1,36,140,0.1,rat_movement=True
1,71,100,0.2,rat_movement=True
1,41,60,0.3,rat_movement=True
1,34,80,0.4,rat_movement=True
1,445,640,0.05,rat_movement=True
1,61,160,0.5,rat_movement=True
1,11,20,0.7,rat_movement=True
1,265,300,0.8,rat_movement=True
1,69,60,0.9,rat_movement=True
1,404,620,0.6,rat_movement=True
1,25,20,0.0,rat_movement=True
1,71,120,0.01,rat_movement=True
1,58,120,0.03,rat_movement=True
1,237,220,1.0,rat_movement=True
1,29,60,0.09,rat_movement=True
1,20,20,0.1,rat_movement=True
1,167,340,0.07,rat_movement=True
1,10,20,0.2,rat_movement=True
1,258,480,0.05,rat_movement=True
1,50,100,0.3,rat_movement=True
1,88,240,0.4,rat_movement=True
1,8,20,0.5,rat_movement=True
1,182,140,0.6,rat_movement=True
1,140,160,0.7,rat_movement=True
1,39,60,0.9,rat_movement=True
1,114,120,0.8,rat_movement=True
1,190,160,1.0,rat_movement=True
1,108,60,0.03,rat_movement=True
1,22,40,0.05,rat_movement=True
1,81,60,0.07,rat_movement=True
1,238,380,0.01,rat_movement=True
1,64,60,0.09,rat_movement=True
1,73,160,0.1,rat_movement=True
1,122,120,0.2,rat_movement=True
1,930,940,0.0,rat_movement=True
1,92,180,0.4,rat_movement=True
1,516,400,0.3,rat_movement=True
1,27,20,0.7,rat_movement=True
1,56,100,0.6,rat_movement=True
1,142,360,0.5,rat_movement=True
1,96,80,1.0,rat_movement=True
1,20,20,0.01,rat_movement=True
1,156,220,0.8,rat_movement=True
1,27,60,0.05,rat_movement=True
1,168,400,0.9,rat_movement=True
1,112,220,0.03,rat_movement=True
1,174,340,0.07,rat_movement=True
1,14,40,0.1,rat_movement=True
1,59,120,0.2,rat_movement=True
1,326,460,0.09,rat_movement=True
1,127,160,0.3,rat_movement=True
1,841,920,0.0,rat_movement=True
1,193,160,0.4,rat_movement=True
1,178,180,0.6,rat_movement=True
1,14,20,0.9,rat_movement=True
1,296,340,0.7,rat_movement=True
1,531,420,0.5,rat_movement=True
1,349,340,0.8,rat_movement=True
1,139,220,0.01,rat_movement=True
1,127,240,0.03,rat_movement=True
1,263,360,0.0,rat_movement=True
1,82,60,0.07,rat_movement=True
1,167,280,0.05,rat_movement=True
1,55,120,0.09,rat_movement=True
1,39,20,0.2,rat_movement=True
1,98,140,0.1,rat_movement=True
1,505,620,1.0,rat_movement=True
1,36,60,0.3,rat_movement=True
1,37,40,0.4,rat_movement=True
1,185,240,0.5,rat_movement=True
1,146,140,0.6,rat_movement=True
1,9,20,0.8,rat_movement=True
1,20,20,1.0,rat_movement=True
1,15,80,0.0,rat_movement=True
1,150,160,0.01,rat_movement=True
1,48,60,0.05,rat_movement=True
1,440,420,0.9,rat_movement=True
1,567,580,0.7,rat_movement=True
1,50,120,0.07,rat_movement=True
1,54,120,0.09,rat_movement=True
1,60,160,0.1,rat_movement=True
1,9,40,0.3,rat_movement=True
1,326,460,0.03,rat_movement=True
1,116,160,0.6,rat_movement=True
1,216,220,0.4,rat_movement=True
1,61,160,0.7,rat_movement=True
1,25,60,0.9,rat_movement=True
1,272,380,0.5,rat_movement=True
1,138,300,0.8,rat_movement=True
1,602,920,0.2,rat_movement=True
1,210,340,1.0,rat_movement=True
1,146,280,0.01,rat_movement=True
1,133,240,0.03,rat_movement=True
1,131,260,0.07,rat_movement=True
1,260,460,0.05,rat_movement=True
1,21,20,0.2,rat_movement=True
1,102,140,0.1,rat_movement=True
1,294,500,0.09,rat_movement=True
1,147,160,0.3,rat_movement=True
1,46,100,0.4,rat_movement=True
1,70,80,0.6,rat_movement=True
1,172,160,0.5,rat_movement=True
1,25,40,0.7,rat_movement=True
1,35,40,0.8,rat_movement=True
1,20,40,0.9,rat_movement=True
1,33,80,1.0,rat_movement=True
1,82,140,0.01,rat_movement=True
1,54,100,0.03,rat_movement=True
1,534,760,0.0,rat_movement=True
1,24,20,0.1,rat_movement=True
1,83,160,0.09,rat_movement=True
1,55,60,0.3,rat_movement=True
1,306,460,0.05,rat_movement=True
1,212,500,0.07,rat_movement=True
1,79,160,0.5,rat_movement=True
1,238,260,0.2,rat_movement=True
1,29,40,0.7,rat_movement=True
1,0,20,0.8,rat_movement=True
1,197,420,0.4,rat_movement=True
1,108,120,0.6,rat_movement=True
1,121,140,0.9,rat_movement=True
1,25,40,0.0,rat_movement=True
1,82,120,0.03,rat_movement=True
1,126,160,0.01,rat_movement=True
1,41,40,0.05,rat_movement=True
1,63,40,0.07,rat_movement=True
1,125,260,0.09,rat_movement=True
1,38,80,0.3,rat_movement=True
1,535,500,1.0,rat_movement=True
1,141,200,0.2,rat_movement=True
1,91,120,0.4,rat_movement=True
1,47,40,0.7,rat_movement=True
1,12,20,0.9,rat_movement=True
1,131,120,0.8,rat_movement=True
1,238,200,0.5,rat_movement=True
1,19,60,1.0,rat_movement=True
1,297,300,0.6,rat_movement=True
1,14,20,0.01,rat_movement=True
1,86,80,0.03,rat_movement=True
1,31,20,0.05,rat_movement=True
1,27,20,0.09,rat_movement=True
1,660,1080,0.1,rat_movement=True
1,102,240,0.07,rat_movement=True
1,82,160,0.1,rat_movement=True
1,355,460,0.0,rat_movement=True
1,121,160,0.3,rat_movement=True
1,165,300,0.2,rat_movement=True
1,32,80,0.6,rat_movement=True
1,123,160,0.5,rat_movement=True
1,27,40,0.8,rat_movement=True
1,64,80,0.9,rat_movement=True
1,522,760,0.4,rat_movement=True
1,327,380,1.0,rat_movement=True
1,175,240,0.01,rat_movement=True
1,32,60,0.05,rat_movement=True
1,712,680,0.7,rat_movement=True
1,136,200,0.03,rat_movement=True
1,62,220,0.09,rat_movement=True
1,60,40,0.1,rat_movement=True
1,618,700,0.0,rat_movement=True
1,74,80,0.2,rat_movement=True
1,107,160,0.3,rat_movement=True
1,96,80,0.5,rat_movement=True
1,33,80,0.7,rat_movement=True
1,238,280,0.4,rat_movement=True
1,433,820,0.07,rat_movement=True
1,109,120,0.8,rat_movement=True
1,165,260,0.01,rat_movement=True
1,332,320,0.9,rat_movement=True
1,205,220,0.03,rat_movement=True
1,118,180,0.05,rat_movement=True
1,141,180,0.07,rat_movement=True
1,709,1100,0.6,rat_movement=True
1,18,80,0.09,rat_movement=True
1,724,900,0.0,rat_movement=True
1,104,200,0.1,rat_movement=True
1,169,220,0.2,rat_movement=True
1,58,180,0.3,rat_movement=True
1,36,60,0.4,rat_movement=True
1,169,140,0.5,rat_movement=True
1,169,160,0.6,rat_movement=True
1,163,220,0.7,rat_movement=True
1,1688,1400,1.0,rat_movement=True
1,118,120,0.9,rat_movement=True
1,27,20,0.01,rat_movement=True
1,64,140,0.03,rat_movement=True
1,59,100,0.05,rat_movement=True
1,52,40,0.07,rat_movement=True
1,645,540,0.8,rat_movement=True
1,108,180,0.09,rat_movement=True
1,5,20,0.2,rat_movement=True
1,93,200,0.1,rat_movement=True
1,630,580,1.0,rat_movement=True
1,105,180,0.3,rat_movement=True
1,72,160,0.4,rat_movement=True
1,80,160,0.5,rat_movement=True
1,98,160,0.6,rat_movement=True
1,42,40,0.9,rat_movement=True
1,56,100,0.0,rat_movement=True
1,1504,1660,0.0,rat_movement=True
1,198,280,1.0,rat_movement=True
1,725,680,0.8,rat_movement=True
1,847,740,0.7,rat_movement=True
1,143,160,0.05,rat_movement=True
1,10,20,0.07,rat_movement=True
1,263,480,0.03,rat_movement=True
1,410,700,0.01,rat_movement=True
1,80,200,0.1,rat_movement=True
1,111,360,0.09,rat_movement=True
1,75,160,0.03,rat_movement=True
1,142,200,0.01,rat_movement=True
1,12,20,0.1,rat_movement=True
1,179,300,0.05,rat_movement=True
1,88,180,0.07,rat_movement=True
1,69,100,0.09,rat_movement=True
1,65,60,0.2,rat_movement=True
1,64,140,0.3,rat_movement=True
1,480,560,0.0,rat_movement=True
1,51,140,0.5,rat_movement=True
1,33,40,0.7,rat_movement=True
1,0,0,0.8,rat_movement=True
1,167,360,0.4,rat_movement=True
1,27,20,0.0,rat_movement=True
1,175,200,0.9,rat_movement=True
1,39,40,0.03,rat_movement=True
1,421,420,0.6,rat_movement=True
1,184,220,0.01,rat_movement=True
1,5,40,0.07,rat_movement=True
1,63,100,0.05,rat_movement=True
1,30,120,0.09,rat_movement=True
1,77,60,0.1,rat_movement=True
1,50,80,0.3,rat_movement=True
1,96,80,0.4,rat_movement=True
1,2,40,0.6,rat_movement=True
1,82,60,0.5,rat_movement=True
1,57,140,0.7,rat_movement=True
1,387,720,0.2,rat_movement=True
1,804,820,1.0,rat_movement=True
1,273,380,0.9,rat_movement=True
1,406,380,0.8,rat_movement=True
1,98,80,0.03,rat_movement=True
1,384,440,1.0,rat_movement=True
1,11,20,0.07,rat_movement=True
1,88,200,0.05,rat_movement=True
1,81,160,0.09,rat_movement=True
1,90,160,0.1,rat_movement=True
1,168,220,0.2,rat_movement=True
1,62,60,0.3,rat_movement=True
1,683,760,0.01,rat_movement=True
1,91,80,0.5,rat_movement=True
1,167,200,0.4,rat_movement=True
1,69,60,0.7,rat_movement=True
1,139,120,0.6,rat_movement=True
1,91,60,0.8,rat_movement=True
1,1413,1260,0.0,rat_movement=True
1,145,320,1.0,rat_movement=True
1,198,260,0.0,rat_movement=True
1,95,160,0.01,rat_movement=True
1,165,240,0.03,rat_movement=True
1,187,400,0.05,rat_movement=True
1,634,540,0.9,rat_movement=True
1,33,60,0.09,rat_movement=True
1,144,300,0.07,rat_movement=True
1,73,60,0.1,rat_movement=True
1,83,120,0.2,rat_movement=True
1,287,380,0.3,rat_movement=True
1,134,120,0.7,rat_movement=True
1,316,420,0.5,rat_movement=True
1,437,520,0.4,rat_movement=True
1,178,180,0.8,rat_movement=True
1,462,400,0.6,rat_movement=True
1,144,160,0.03,rat_movement=True
1,28,60,0.07,rat_movement=True
1,323,420,0.01,rat_movement=True
1,28,40,0.1,rat_movement=True
1,780,800,0.9,rat_movement=True
1,48,140,0.2,rat_movement=True
1,165,300,0.09,rat_movement=True
1,96,100,0.3,rat_movement=True
1,91,80,0.5,rat_movement=True
1,524,880,0.05,rat_movement=True
1,185,280,0.4,rat_movement=True
1,915,1020,0.0,rat_movement=True
1,61,40,0.7,rat_movement=True
1,73,60,0.8,rat_movement=True
1,1314,1140,1.0,rat_movement=True
1,32,20,1.0,rat_movement=True
1,1,20,0.01,rat_movement=True
1,65,80,0.0,rat_movement=True
1,19,20,0.05,rat_movement=True
1,39,100,0.03,rat_movement=True
1,49,40,0.07,rat_movement=True
1,4,20,0.09,rat_movement=True
1,67,60,0.1,rat_movement=True
1,24,60,0.2,rat_movement=True
1,856,800,0.6,rat_movement=True
1,99,80,0.3,rat_movement=True
1,537,440,0.9,rat_movement=True
1,165,180,0.4,rat_movement=True
1,30,40,0.7,rat_movement=True
1,10,20,0.8,rat_movement=True
1,128,160,0.6,rat_movement=True
1,175,200,0.5,rat_movement=True
1,72,40,1.0,rat_movement=True
1,153,140,0.03,rat_movement=True
1,525,640,0.01,rat_movement=True
1,47,40,0.09,rat_movement=True
1,140,120,0.07,rat_movement=True
1,43,60,0.1,rat_movement=True
1,567,780,0.05,rat_movement=True
1,33,60,0.3,rat_movement=True
1,124,160,0.2,rat_movement=True
1,73,80,0.5,rat_movement=True
1,1432,1500,0.9,rat_movement=True
1,214,140,0.4,rat_movement=True
1,54,40,0.7,rat_movement=True
1,119,140,0.6,rat_movement=True
1,4,20,1.0,rat_movement=True
1,256,240,0.8,rat_movement=True
1,57,60,0.01,rat_movement=True
1,1659,1880,0.0,rat_movement=True
1,56,120,0.05,rat_movement=True
1,466,400,0.9,rat_movement=True
1,84,80,0.07,rat_movement=True
1,67,160,0.09,rat_movement=True
1,51,100,0.1,rat_movement=True
1,123,160,0.2,rat_movement=True
1,149,140,0.3,rat_movement=True
1,102,80,0.5,rat_movement=True
1,1260,1300,0.0,rat_movement=True
1,35,20,0.7,rat_movement=True
1,784,1140,0.03,rat_movement=True
1,49,100,0.9,rat_movement=True
1,118,100,0.8,rat_movement=True
1,57,60,1.0,rat_movement=True
1,314,500,0.6,rat_movement=True
1,15,60,0.03,rat_movement=True
1,65,40,0.05,rat_movement=True
1,103,200,0.01,rat_movement=True
1,64,100,0.07,rat_movement=True
1,55,140,0.09,rat_movement=True
1,37,80,0.1,rat_movement=True
1,8,40,0.2,rat_movement=True
1,39,40,0.5,rat_movement=True
1,700,820,0.0,rat_movement=True
1,380,420,0.3,rat_movement=True
1,160,180,0.4,rat_movement=True
1,12,20,0.6,rat_movement=True
1,66,60,0.7,rat_movement=True
1,35,40,0.9,rat_movement=True
1,191,340,0.8,rat_movement=True
1,379,400,1.0,rat_movement=True
1,7,20,0.03,rat_movement=True
1,86,140,0.01,rat_movement=True
1,30,60,0.07,rat_movement=True
1,48,40,0.05,rat_movement=True
1,42,80,0.09,rat_movement=True
1,128,280,0.2,rat_movement=True
1,142,300,0.1,rat_movement=True
1,81,100,0.3,rat_movement=True
1,111,80,0.4,rat_movement=True
1,62,40,0.5,rat_movement=True
1,132,200,0.7,rat_movement=True
1,105,120,0.9,rat_movement=True
1,118,120,1.0,rat_movement=True
1,1056,1220,0.0,rat_movement=True
1,125,180,0.01,rat_movement=True
1,18,20,0.05,rat_movement=True
1,83,140,0.03,rat_movement=True
1,87,100,0.09,rat_movement=True
1,181,200,0.07,rat_movement=True
1,957,720,0.6,rat_movement=True
1,65,60,0.2,rat_movement=True
1,558,700,0.0,rat_movement=True
1,54,40,0.3,rat_movement=True
1,22,60,0.5,rat_movement=True
1,22,20,0.6,rat_movement=True
1,130,100,0.4,rat_movement=True
1,8,40,0.8,rat_movement=True
1,149,100,0.7,rat_movement=True
1,452,540,0.1,rat_movement=True
1,93,60,0.9,rat_movement=True
1,160,320,0.01,rat_movement=True
1,116,140,0.03,rat_movement=True
1,612,540,1.0,rat_movement=True
1,179,140,0.05,rat_movement=True
1,583,680,0.0,rat_movement=True
1,113,200,0.07,rat_movement=True
1,23,40,0.2,rat_movement=True
1,22,40,0.3,rat_movement=True
1,31,20,0.4,rat_movement=True
1,67,40,0.5,rat_movement=True
1,230,220,0.1,rat_movement=True
1,214,220,0.7,rat_movement=True
1,654,880,0.09,rat_movement=True
1,315,280,0.6,rat_movement=True
1,68,60,1.0,rat_movement=True
1,184,200,0.9,rat_movement=True
1,18,20,0.01,rat_movement=True
1,27,80,0.03,rat_movement=True
1,1188,940,0.8,rat_movement=True
1,9,20,0.07,rat_movement=True
1,73,100,0.09,rat_movement=True
1,33,20,0.2,rat_movement=True
1,34,20,0.3,rat_movement=True
1,185,340,0.1,rat_movement=True
1,0,0,0.4,rat_movement=True
1,99,120,0.5,rat_movement=True
1,737,1120,0.05,rat_movement=True
1,53,40,0.7,rat_movement=True
1,227,260,0.6,rat_movement=True
1,1785,1820,0.0,rat_movement=True
1,60,40,1.0,rat_movement=True
1,392,380,0.8,rat_movement=True
1,327,420,0.9,rat_movement=True
1,95,120,0.01,rat_movement=True
1,50,120,0.05,rat_movement=True
1,183,300,0.03,rat_movement=True
1,105,80,0.09,rat_movement=True
1,34,60,0.1,rat_movement=True
1,193,160,0.07,rat_movement=True
1,80,120,0.2,rat_movement=True
1,201,260,0.3,rat_movement=True
1,120,140,0.5,rat_movement=True
1,65,80,0.7,rat_movement=True
1,465,380,0.4,rat_movement=True
1,232,180,0.6,rat_movement=True
1,137,160,0.8,rat_movement=True
1,89,100,0.9,rat_movement=True
1,96,80,1.0,rat_movement=True
1,16,20,0.05,rat_movement=True
1,1533,1540,0.0,rat_movement=True
1,266,360,0.01,rat_movement=True
1,12,40,0.07,rat_movement=True
1,191,280,0.03,rat_movement=True
1,57,180,0.2,rat_movement=True
1,148,240,0.1,rat_movement=True
1,240,300,0.09,rat_movement=True
1,29,60,0.5,rat_movement=True
1,249,180,0.4,rat_movement=True
1,368,440,0.3,rat_movement=True
1,142,200,0.6,rat_movement=True
1,47,60,0.8,rat_movement=True
1,30,20,1.0,rat_movement=True
1,70,60,0.9,rat_movement=True
1,163,180,0.7,rat_movement=True
1,55,100,0.01,rat_movement=True
1,69,100,0.03,rat_movement=True
1,1241,1180,0.0,rat_movement=True
1,88,140,0.05,rat_movement=True
1,44,100,0.07,rat_movement=True
1,83,120,0.09,rat_movement=True
1,59,120,0.1,rat_movement=True
1,22,20,0.3,rat_movement=True
1,156,260,0.2,rat_movement=True
1,126,120,0.4,rat_movement=True
1,115,120,0.7,rat_movement=True
1,1504,1480,0.0,rat_movement=True
1,105,100,0.8,rat_movement=True
1,99,80,0.9,rat_movement=True
1,16,20,0.0,rat_movement=True
1,31,40,0.01,rat_movement=True
1,749,580,0.6,rat_movement=True
1,1048,940,0.5,rat_movement=True
1,93,180,0.03,rat_movement=True
1,59,100,0.05,rat_movement=True
1,68,40,0.09,rat_movement=True
1,122,200,0.07,rat_movement=True
1,37,60,0.1,rat_movement=True
1,73,60,0.3,rat_movement=True
1,739,700,1.0,rat_movement=True
1,79,160,0.2,rat_movement=True
1,142,180,0.4,rat_movement=True
1,50,40,0.6,rat_movement=True
1,32,20,0.7,rat_movement=True
1,310,260,0.5,rat_movement=True
1,192,240,0.9,rat_movement=True
1,174,200,0.0,rat_movement=True
1,109,140,0.01,rat_movement=True
1,111,220,0.03,rat_movement=True
1,363,340,1.0,rat_movement=True
1,99,80,0.07,rat_movement=True
1,184,260,0.05,rat_movement=True
1,611,580,0.8,rat_movement=True
1,135,160,0.2,rat_movement=True
1,208,220,0.1,rat_movement=True
1,41,40,0.3,rat_movement=True
1,337,440,0.09,rat_movement=True
1,60,40,0.5,rat_movement=True
1,168,300,0.4,rat_movement=True
1,48,120,0.7,rat_movement=True
1,52,140,0.8,rat_movement=True
1,257,400,0.6,rat_movement=True
1,157,140,0.9,rat_movement=True
1,42,80,0.0,rat_movement=True
1,135,200,0.03,rat_movement=True
1,4,20,0.07,rat_movement=True
1,206,320,0.01,rat_movement=True
1,95,180,0.05,rat_movement=True
1,26,120,0.09,rat_movement=True
1,147,160,0.2,rat_movement=True
1,110,180,0.3,rat_movement=True
1,0,20,0.5,rat_movement=True
1,663,620,1.0,rat_movement=True
1,10,40,0.7,rat_movement=True
1,5,20,0.8,rat_movement=True
1,71,60,0.9,rat_movement=True
1,395,600,0.1,rat_movement=True
1,295,340,0.6,rat_movement=True
1,108,120,0.0,rat_movement=True
1,7,40,0.01,rat_movement=True
1,501,420,0.4,rat_movement=True
1,94,100,0.03,rat_movement=True
1,35,60,0.05,rat_movement=True
1,75,60,0.07,rat_movement=True
1,93,140,0.09,rat_movement=True
1,85,100,0.1,rat_movement=True
1,122,100,0.2,rat_movement=True
1,47,40,0.4,rat_movement=True
1,160,200,0.3,rat_movement=True
1,888,760,1.0,rat_movement=True
1,86,80,0.7,rat_movement=True
1,237,240,0.5,rat_movement=True
1,120,260,0.6,rat_movement=True
1,247,240,0.8,rat_movement=True
1,266,260,0.9,rat_movement=True
1,35,40,0.03,rat_movement=True
1,87,180,0.01,rat_movement=True
1,75,120,0.05,rat_movement=True
1,154,260,0.07,rat_movement=True
1,71,160,0.09,rat_movement=True
1,335,480,0.0,rat_movement=True
1,54,60,0.1,rat_movement=True
1,37,20,0.3,rat_movement=True
1,41,100,0.4,rat_movement=True
1,142,140,0.2,rat_movement=True
1,102,120,0.6,rat_movement=True
1,96,140,0.7,rat_movement=True
1,179,320,0.5,rat_movement=True
1,40,60,1.0,rat_movement=True
1,362,320,0.8,rat_movement=True
1,556,560,0.9,rat_movement=True
1,88,100,0.03,rat_movement=True
1,216,340,0.01,rat_movement=True
1,78,140,0.05,rat_movement=True
1,77,100,0.07,rat_movement=True
1,45,60,0.09,rat_movement=True
1,627,740,0.0,rat_movement=True
1,2118,1740,1.0,rat_movement=True
1,25,20,0.2,rat_movement=True
1,10,20,0.4,rat_movement=True
1,42,80,0.3,rat_movement=True
1,129,100,0.6,rat_movement=True
1,185,180,0.5,rat_movement=True
1,33,80,0.8,rat_movement=True
1,277,560,0.1,rat_movement=True
1,36,20,0.9,rat_movement=True
1,230,280,1.0,rat_movement=True
1,522,460,0.7,rat_movement=True
1,116,160,0.03,rat_movement=True
1,31,20,0.05,rat_movement=True
1,262,420,0.01,rat_movement=True
1,89,180,0.07,rat_movement=True
1,72,120,0.09,rat_movement=True
1,81,120,0.1,rat_movement=True
1,61,60,0.2,rat_movement=True
1,35,20,0.5,rat_movement=True
1,63,100,0.3,rat_movement=True
1,112,140,0.6,rat_movement=True
1,310,220,0.4,rat_movement=True
1,141,140,0.9,rat_movement=True
1,410,540,0.7,rat_movement=True
1,30,20,0.01,rat_movement=True
1,293,360,1.0,rat_movement=True
1,533,500,0.8,rat_movement=True
1,114,100,0.03,rat_movement=True
1,140,80,0.05,rat_movement=True
1,41,80,0.09,rat_movement=True
1,42,120,0.1,rat_movement=True
1,139,320,0.2,rat_movement=True
1,35,40,0.3,rat_movement=True
1,25,60,0.4,rat_movement=True
1,135,120,0.6,rat_movement=True
1,820,980,0.0,rat_movement=True
1,39,60,0.7,rat_movement=True
1,307,280,0.5,rat_movement=True
1,131,100,0.8,rat_movement=True
1,62,60,1.0,rat_movement=True
1,26,20,0.03,rat_movement=True
1,158,160,0.01,rat_movement=True
1,24,20,0.05,rat_movement=True
1,277,480,0.9,rat_movement=True
1,14,20,0.07,rat_movement=True
1,1076,1400,0.07,rat_movement=True
1,46,60,0.09,rat_movement=True
1,9,40,0.1,rat_movement=True
1,110,140,0.2,rat_movement=True
1,92,180,0.3,rat_movement=True
1,38,20,0.4,rat_movement=True
1,274,260,0.6,rat_movement=True
1,307,240,0.5,rat_movement=True
1,115,200,0.9,rat_movement=True
1,270,280,0.7,rat_movement=True
1,27,80,1.0,rat_movement=True
1,241,300,0.0,rat_movement=True
1,1699,1720,0.0,rat_movement=True
1,756,640,0.8,rat_movement=True
1,75,140,0.05,rat_movement=True
1,315,400,0.01,rat_movement=True
1,50,100,0.09,rat_movement=True
1,61,80,0.1,rat_movement=True
1,380,580,0.03,rat_movement=True
1,253,400,0.07,rat_movement=True
1,229,200,0.2,rat_movement=True
1,201,300,0.3,rat_movement=True
1,55,100,0.7,rat_movement=True
1,337,260,0.4,rat_movement=True
1,76,60,0.8,rat_movement=True
1,313,300,0.6,rat_movement=True
1,432,500,0.5,rat_movement=True
1,39,60,0.03,rat_movement=True
1,43,20,0.05,rat_movement=True
1,171,300,0.01,rat_movement=True
1,353,540,0.0,rat_movement=True
1,128,240,0.07,rat_movement=True
1,57,40,0.09,rat_movement=True
1,73,80,0.1,rat_movement=True
1,14,20,0.4,rat_movement=True
1,891,720,0.9,rat_movement=True
1,201,260,0.2,rat_movement=True
1,176,160,0.3,rat_movement=True
1,872,760,1.0,rat_movement=True
1,49,40,0.6,rat_movement=True
1,46,120,0.7,rat_movement=True
1,159,160,0.8,rat_movement=True
1,41,60,1.0,rat_movement=True
1,285,560,0.5,rat_movement=True
1,67,40,0.03,rat_movement=True
1,55,80,0.07,rat_movement=True
1,189,220,0.05,rat_movement=True
1,577,520,0.9,rat_movement=True
1,353,500,0.01,rat_movement=True
1,66,40,0.1,rat_movement=True
1,69,120,0.09,rat_movement=True
1,46,20,0.2,rat_movement=True
1,13,80,0.3,rat_movement=True
1,56,60,0.6,rat_movement=True
1,283,200,0.4,rat_movement=True
1,374,300,0.5,rat_movement=True
1,172,160,0.7,rat_movement=True
1,380,360,0.8,rat_movement=True
1,147,160,0.0,rat_movement=True
1,59,80,0.01,rat_movement=True
1,891,720,0.9,rat_movement=True
1,98,140,0.03,rat_movement=True
1,67,120,0.05,rat_movement=True
1,101,260,0.07,rat_movement=True
1,82,120,0.09,rat_movement=True
1,82,80,0.1,rat_movement=True
1,162,240,0.2,rat_movement=True
1,23,20,0.3,rat_movement=True
1,134,100,0.4,rat_movement=True
1,8,20,0.8,rat_movement=True
1,197,220,0.6,rat_movement=True
1,15,60,0.9,rat_movement=True
1,359,460,0.5,rat_movement=True
1,89,100,1.0,rat_movement=True
1,205,220,0.0,rat_movement=True
1,491,380,0.7,rat_movement=True
1,200,240,0.03,rat_movement=True
1,284,420,0.05,rat_movement=True
1,153,320,0.09,rat_movement=True
1,35,40,0.2,rat_movement=True
1,572,700,0.01,rat_movement=True
1,20,20,0.3,rat_movement=True
1,142,120,0.1,rat_movement=True
1,380,660,0.07,rat_movement=True
1,80,100,0.5,rat_movement=True
1,133,140,0.4,rat_movement=True
1,72,60,0.9,rat_movement=True
1,310,320,0.6,rat_movement=True
1,247,400,0.7,rat_movement=True
1,70,140,0.01,rat_movement=True
1,186,160,1.0,rat_movement=True
1,44,100,0.07,rat_movement=True
1,273,300,0.03,rat_movement=True
1,109,240,0.09,rat_movement=True
1,1005,880,0.8,rat_movement=True
1,522,740,0.05,rat_movement=True
1,320,440,0.1,rat_movement=True
1,8,20,0.4,rat_movement=True
1,128,120,0.2,rat_movement=True
1,72,40,0.3,rat_movement=True
1,52,40,0.5,rat_movement=True
1,51,40,0.7,rat_movement=True
1,1360,1320,0.0,rat_movement=True
1,460,360,0.8,rat_movement=True
1,295,300,0.9,rat_movement=True
1,293,300,1.0,rat_movement=True
1,59,120,0.01,rat_movement=True
1,61,40,0.03,rat_movement=True
1,874,860,0.6,rat_movement=True
1,74,60,0.07,rat_movement=True
1,171,360,0.05,rat_movement=True
1,385,480,0.0,rat_movement=True
1,133,180,0.09,rat_movement=True
1,77,80,0.1,rat_movement=True
1,11,20,0.2,rat_movement=True
1,27,20,0.4,rat_movement=True
1,155,140,0.3,rat_movement=True
1,42,80,0.7,rat_movement=True
1,129,160,0.6,rat_movement=True
1,62,40,0.8,rat_movement=True
1,280,320,0.5,rat_movement=True
1,59,60,1.0,rat_movement=True
1,63,60,0.0,rat_movement=True
1,25,40,0.03,rat_movement=True
1,266,340,0.9,rat_movement=True
1,47,100,0.07,rat_movement=True
1,140,260,0.01,rat_movement=True
1,38,60,0.09,rat_movement=True
1,68,60,0.1,rat_movement=True
1,180,240,0.05,rat_movement=True
1,110,160,0.3,rat_movement=True
1,298,420,0.2,rat_movement=True
1,194,200,0.4,rat_movement=True
1,216,260,0.5,rat_movement=True
1,204,280,0.6,rat_movement=True
1,52,80,0.7,rat_movement=True
1,34,40,0.8,rat_movement=True
1,10,20,0.9,rat_movement=True
1,25,60,0.01,rat_movement=True
1,129,120,0.0,rat_movement=True
1,30,20,0.03,rat_movement=True
1,80,100,0.05,rat_movement=True
1,43,40,0.07,rat_movement=True
1,47,60,0.09,rat_movement=True
1,63,100,0.1,rat_movement=True
1,16,20,0.3,rat_movement=True
1,198,340,0.2,rat_movement=True
1,188,180,0.4,rat_movement=True
1,5,20,0.6,rat_movement=True
1,169,180,0.5,rat_movement=True
1,41,40,0.8,rat_movement=True
1,1152,880,1.0,rat_movement=True
1,41,60,0.01,rat_movement=True
1,319,280,0.7,rat_movement=True
1,83,80,0.03,rat_movement=True
1,81,140,0.05,rat_movement=True
1,352,420,1.0,rat_movement=True
1,417,380,0.9,rat_movement=True
1,50,60,0.09,rat_movement=True
1,110,240,0.1,rat_movement=True
1,38,60,0.3,rat_movement=True
1,8,20,0.4,rat_movement=True
1,642,780,0.0,rat_movement=True
1,449,460,0.07,rat_movement=True
1,298,340,0.2,rat_movement=True
1,159,180,0.5,rat_movement=True
1,198,240,0.6,rat_movement=True
1,301,260,0.7,rat_movement=True
1,74,60,0.9,rat_movement=True
1,98,100,1.0,rat_movement=True
1,143,260,0.0,rat_movement=True
1,93,100,0.03,rat_movement=True
1,599,520,0.8,rat_movement=True
1,282,300,0.01,rat_movement=True
1,34,100,0.07,rat_movement=True
1,131,220,0.05,rat_movement=True
1,14,60,0.09,rat_movement=True
1,169,180,0.1,rat_movement=True
1,45,120,0.2,rat_movement=True
1,113,140,0.3,rat_movement=True
1,138,240,0.4,rat_movement=True
1,338,280,0.6,rat_movement=True
1,191,220,0.8,rat_movement=True
1,346,320,0.7,rat_movement=True
1,612,480,0.5,rat_movement=True
1,109,100,0.9,rat_movement=True
1,47,100,0.03,rat_movement=True
1,150,180,0.0,rat_movement=True
1,134,220,0.01,rat_movement=True
1,17,20,0.07,rat_movement=True
1,120,180,0.05,rat_movement=True
1,28,60,0.09,rat_movement=True
1,13,20,0.1,rat_movement=True
1,392,340,1.0,rat_movement=True
1,137,160,0.2,rat_movement=True
1,138,120,0.3,rat_movement=True
1,67,100,0.5,rat_movement=True
1,7,20,0.7,rat_movement=True
1,235,260,0.4,rat_movement=True
1,205,220,0.8,rat_movement=True
1,302,260,0.6,rat_movement=True
1,115,120,1.0,rat_movement=True
1,156,120,0.9,rat_movement=True
1,28,100,0.03,rat_movement=True
1,192,200,0.0,rat_movement=True
1,138,260,0.01,rat_movement=True
1,126,160,0.05,rat_movement=True
1,74,120,0.09,rat_movement=True
1,166,300,0.07,rat_movement=True
1,26,40,0.1,rat_movement=True
1,103,140,0.2,rat_movement=True
1,33,20,0.4,rat_movement=True
1,247,180,0.3,rat_movement=True
1,118,200,0.5,rat_movement=True
1,81,100,0.6,rat_movement=True
1,221,280,0.7,rat_movement=True
1,2,20,1.0,rat_movement=True
1,213,220,0.8,rat_movement=True
1,281,360,0.9,rat_movement=True
1,161,180,0.03,rat_movement=True
1,93,200,0.05,rat_movement=True
1,122,120,0.07,rat_movement=True
1,557,780,0.01,rat_movement=True
1,702,640,0.0,rat_movement=True
1,16,20,0.3,rat_movement=True
1,164,160,0.1,rat_movement=True
1,371,460,0.09,rat_movement=True
1,67,60,0.5,rat_movement=True
1,268,400,0.2,rat_movement=True
1,257,280,0.4,rat_movement=True
1,98,180,0.6,rat_movement=True
1,87,100,0.7,rat_movement=True
1,110,200,0.8,rat_movement=True
1,160,140,1.0,rat_movement=True
1,185,360,0.01,rat_movement=True
1,64,180,0.03,rat_movement=True
1,560,480,0.9,rat_movement=True
1,6,20,0.05,rat_movement=True
1,32,40,0.07,rat_movement=True
1,19,40,0.09,rat_movement=True
1,123,180,0.1,rat_movement=True
1,47,60,0.3,rat_movement=True
1,28,60,0.4,rat_movement=True
1,115,160,0.2,rat_movement=True
1,87,140,0.5,rat_movement=True
1,65,80,0.6,rat_movement=True
1,1228,1420,0.0,rat_movement=True
1,155,160,0.7,rat_movement=True
1,43,40,1.0,rat_movement=True
1,166,180,0.8,rat_movement=True
1,32,40,0.01,rat_movement=True
1,26,40,0.03,rat_movement=True
1,268,240,0.9,rat_movement=True
1,53,80,0.05,rat_movement=True
1,209,260,0.0,rat_movement=True
1,68,80,0.07,rat_movement=True
1,53,40,0.1,rat_movement=True
1,123,100,0.09,rat_movement=True
1,51,100,0.2,rat_movement=True
1,51,100,0.3,rat_movement=True
1,85,120,0.4,rat_movement=True
1,25,20,0.5,rat_movement=True
1,285,300,0.6,rat_movement=True
1,344,300,0.8,rat_movement=True
1,457,660,0.7,rat_movement=True
1,245,340,0.9,rat_movement=True
1,304,380,1.0,rat_movement=True
1,38,60,0.05,rat_movement=True
1,204,420,0.03,rat_movement=True
1,108,120,0.07,rat_movement=True
1,508,620,0.0,rat_movement=True
1,68,80,0.1,rat_movement=True
1,142,220,0.09,rat_movement=True
1,16,40,0.3,rat_movement=True
1,37,120,0.4,rat_movement=True
1,143,400,0.2,rat_movement=True
1,265,220,0.6,rat_movement=True
1,102,220,0.7,rat_movement=True
1,19,20,0.9,rat_movement=True
1,1012,1220,0.01,rat_movement=True
1,457,580,0.5,rat_movement=True
1,119,260,0.0,rat_movement=True
1,97,180,0.03,rat_movement=True
1,179,320,0.01,rat_movement=True
1,29,20,0.09,rat_movement=True
1,84,80,0.05,rat_movement=True
1,7,20,0.1,rat_movement=True
1,96,80,0.07,rat_movement=True
1,41,40,0.2,rat_movement=True
1,654,600,0.8,rat_movement=True
1,19,20,0.4,rat_movement=True
1,120,140,0.3,rat_movement=True
1,25,20,0.6,rat_movement=True
1,267,400,0.5,rat_movement=True
1,12,20,0.9,rat_movement=True
1,95,240,0.7,rat_movement=True
1,101,120,0.8,rat_movement=True
1,89,60,1.0,rat_movement=True
1,55,60,0.0,rat_movement=True
1,129,240,0.01,rat_movement=True
1,24,40,0.05,rat_movement=True
1,8,20,0.07,rat_movement=True
1,131,140,0.03,rat_movement=True
1,58,60,0.09,rat_movement=True
1,1658,1340,1.0,rat_movement=True
1,100,140,0.1,rat_movement=True
1,185,120,0.3,rat_movement=True
1,228,160,0.4,rat_movement=True
1,42,40,0.6,rat_movement=True
1,93,80,0.7,rat_movement=True
1,107,120,0.8,rat_movement=True
1,328,360,0.5,rat_movement=True
1,25,60,0.9,rat_movement=True
1,477,820,0.2,rat_movement=True
1,120,100,0.01,rat_movement=True
1,35,60,0.03,rat_movement=True
1,50,40,0.07,rat_movement=True
1,23,80,0.09,rat_movement=True
1,46,40,0.1,rat_movement=True
1,118,140,0.2,rat_movement=True
1,309,600,0.05,rat_movement=True
1,4,20,0.4,rat_movement=True
1,646,740,0.0,rat_movement=True
1,73,60,0.6,rat_movement=True
1,58,80,0.7,rat_movement=True
1,1,20,0.8,rat_movement=True
1,96,120,0.9,rat_movement=True
1,365,340,0.5,rat_movement=True
1,492,480,0.3,rat_movement=True
1,1186,960,1.0,rat_movement=True
1,96,140,0.03,rat_movement=True
1,196,340,0.01,rat_movement=True
1,286,340,1.0,rat_movement=True
1,59,60,0.09,rat_movement=True
1,35,120,0.1,rat_movement=True
1,212,300,0.05,rat_movement=True
1,156,260,0.07,rat_movement=True
1,103,80,0.2,rat_movement=True
1,134,100,0.3,rat_movement=True
1,88,80,0.5,rat_movement=True
1,109,300,0.4,rat_movement=True
1,114,80,0.6,rat_movement=True
1,174,140,0.7,rat_movement=True
1,857,1060,0.0,rat_movement=True
1,152,160,1.0,rat_movement=True
1,109,120,0.0,rat_movement=True
1,79,160,0.03,rat_movement=True
1,105,140,0.05,rat_movement=True
1,250,360,0.01,rat_movement=True
1,548,460,0.9,rat_movement=True
1,106,160,0.07,rat_movement=True
1,39,40,0.2,rat_movement=True
1,44,40,0.1,rat_movement=True
1,681,560,0.8,rat_movement=True
1,118,160,0.09,rat_movement=True
1,75,100,0.4,rat_movement=True
1,173,140,0.3,rat_movement=True
1,123,100,0.5,rat_movement=True
1,24,20,0.7,rat_movement=True
1,115,100,1.0,rat_movement=True
1,280,260,0.8,rat_movement=True
1,382,300,0.9,rat_movement=True
1,233,340,0.01,rat_movement=True
1,131,220,0.03,rat_movement=True
1,74,180,0.05,rat_movement=True
1,65,120,0.07,rat_movement=True
1,0,0,0.09,rat_movement=True
1,1091,940,0.6,rat_movement=True
1,43,100,0.1,rat_movement=True
1,118,100,0.2,rat_movement=True
1,129,100,0.3,rat_movement=True
1,905,800,0.0,rat_movement=True
1,56,40,0.6,rat_movement=True
1,252,200,0.4,rat_movement=True
1,102,180,0.9,rat_movement=True
1,59,60,1.0,rat_movement=True
1,329,440,0.7,rat_movement=True
1,473,580,0.5,rat_movement=True
1,297,300,0.8,rat_movement=True
1,18,60,0.03,rat_movement=True
1,160,180,0.0,rat_movement=True
1,46,80,0.09,rat_movement=True
1,149,220,0.07,rat_movement=True
1,58,100,0.1,rat_movement=True
1,20,60,0.3,rat_movement=True
1,228,560,0.05,rat_movement=True
1,410,500,0.01,rat_movement=True
1,83,180,0.5,rat_movement=True
1,156,340,0.4,rat_movement=True
1,54,40,0.6,rat_movement=True
1,329,380,0.2,rat_movement=True
1,66,60,0.9,rat_movement=True
1,146,160,0.7,rat_movement=True
1,115,160,0.0,rat_movement=True
1,58,140,0.01,rat_movement=True
1,315,500,0.8,rat_movement=True
1,107,160,0.03,rat_movement=True
1,70,120,0.05,rat_movement=True
1,264,380,1.0,rat_movement=True
1,76,140,0.1,rat_movement=True
1,138,300,0.09,rat_movement=True
1,174,320,0.07,rat_movement=True
1,35,60,0.3,rat_movement=True
1,90,120,0.2,rat_movement=True
1,229,200,0.5,rat_movement=True
1,49,100,0.7,rat_movement=True
1,197,180,0.6,rat_movement=True
1,324,340,0.4,rat_movement=True
1,217,260,0.8,rat_movement=True
1,154,100,1.0,rat_movement=True
1,65,80,0.05,rat_movement=True
1,137,200,0.01,rat_movement=True
1,154,180,0.03,rat_movement=True
1,62,100,0.07,rat_movement=True
1,140,240,0.09,rat_movement=True
1,88,60,0.2,rat_movement=True
1,32,100,0.3,rat_movement=True
1,53,40,0.4,rat_movement=True
1,2,20,0.6,rat_movement=True
1,95,60,0.7,rat_movement=True
1,174,200,0.5,rat_movement=True
1,204,340,0.8,rat_movement=True
1,221,240,0.9,rat_movement=True
1,314,340,1.0,rat_movement=True
1,28,80,0.01,rat_movement=True
1,1282,1340,0.0,rat_movement=True
1,81,60,0.03,rat_movement=True
1,71,100,0.05,rat_movement=True
1,9,40,0.09,rat_movement=True
1,26,40,0.1,rat_movement=True
1,1930,1480,0.9,rat_movement=True
1,166,280,0.07,rat_movement=True
1,1187,1560,0.1,rat_movement=True
1,128,140,0.2,rat_movement=True
1,146,100,0.3,rat_movement=True
1,130,160,0.5,rat_movement=True
1,250,320,0.4,rat_movement=True
1,927,1020,0.0,rat_movement=True
1,46,60,0.8,rat_movement=True
1,309,280,0.6,rat_movement=True
1,125,180,0.9,rat_movement=True
1,151,140,1.0,rat_movement=True
1,183,200,0.0,rat_movement=True
1,44,60,0.05,rat_movement=True
1,61,80,0.07,rat_movement=True
1,207,220,0.03,rat_movement=True
1,819,620,0.7,rat_movement=True
1,155,80,0.1,rat_movement=True
1,2,20,0.3,rat_movement=True
1,542,540,0.01,rat_movement=True
1,46,80,0.4,rat_movement=True
1,181,260,0.2,rat_movement=True
1,196,420,0.09,rat_movement=True
1,40,100,0.5,rat_movement=True
1,18,20,0.7,rat_movement=True
1,120,260,0.6,rat_movement=True
1,129,80,0.8,rat_movement=True
1,121,140,0.9,rat_movement=True
1,97,100,1.0,rat_movement=True
1,63,60,0.01,rat_movement=True
1,89,60,0.05,rat_movement=True
1,151,260,0.03,rat_movement=True
1,60,60,0.09,rat_movement=True
1,205,260,0.07,rat_movement=True
1,53,60,0.1,rat_movement=True
1,39,120,0.2,rat_movement=True
1,124,100,0.4,rat_movement=True
1,17,20,0.5,rat_movement=True
1,285,340,0.3,rat_movement=True
1,34,100,0.7,rat_movement=True
1,98,80,0.6,rat_movement=True
1,88,100,0.8,rat_movement=True
1,37,60,1.0,rat_movement=True
1,136,180,0.9,rat_movement=True
1,38,40,0.03,rat_movement=True
1,6,20,0.05,rat_movement=True
1,1316,1220,0.0,rat_movement=True
1,256,380,0.01,rat_movement=True
1,75,200,0.07,rat_movement=True
1,46,20,0.09,rat_movement=True
1,413,440,0.0,rat_movement=True
1,58,100,0.2,rat_movement=True
1,141,180,0.1,rat_movement=True
1,155,220,0.3,rat_movement=True
1,84,60,0.6,rat_movement=True
1,252,220,0.4,rat_movement=True
1,216,240,0.5,rat_movement=True
1,7,20,1.0,rat_movement=True
1,198,160,0.7,rat_movement=True
1,132,160,0.9,rat_movement=True
1,184,220,0.8,rat_movement=True
1,80,100,0.01,rat_movement=True
1,113,200,0.03,rat_movement=True
1,48,60,0.05,rat_movement=True
1,42,160,0.07,rat_movement=True
1,111,180,0.09,rat_movement=True
1,51,60,0.1,rat_movement=True
1,55,40,0.2,rat_movement=True
1,34,40,0.3,rat_movement=True
1,60,40,0.5,rat_movement=True
1,154,180,0.4,rat_movement=True
1,1273,1380,0.0,rat_movement=True
1,49,140,0.8,rat_movement=True
1,34,20,1.0,rat_movement=True
1,500,360,0.7,rat_movement=True
1,235,260,0.9,rat_movement=True
1,90,200,0.01,rat_movement=True
1,832,680,0.6,rat_movement=True
1,27,40,0.05,rat_movement=True
1,94,80,0.03,rat_movement=True
1,48,40,0.09,rat_movement=True
1,91,160,0.07,rat_movement=True
1,78,60,0.1,rat_movement=True
1,47,100,0.3,rat_movement=True
1,57,40,0.4,rat_movement=True
1,156,180,0.2,rat_movement=True
1,91,100,0.5,rat_movement=True
1,737,860,0.0,rat_movement=True
1,41,40,0.8,rat_movement=True
1,176,220,0.9,rat_movement=True
1,344,280,0.7,rat_movement=True
1,51,160,0.01,rat_movement=True
1,179,220,1.0,rat_movement=True
1,556,680,0.6,rat_movement=True
1,57,60,0.03,rat_movement=True
1,141,140,0.0,rat_movement=True
1,66,60,0.07,rat_movement=True
1,116,220,0.05,rat_movement=True
1,30,20,0.1,rat_movement=True
1,128,260,0.09,rat_movement=True
1,151,300,0.3,rat_movement=True
1,296,360,0.2,rat_movement=True
1,130,260,0.5,rat_movement=True
1,247,280,0.4,rat_movement=True
1,83,60,0.8,rat_movement=True
1,262,260,0.6,rat_movement=True
1,214,300,0.7,rat_movement=True
1,166,220,0.9,rat_movement=True
1,87,60,1.0,rat_movement=True
1,57,80,0.0,rat_movement=True
1,71,60,0.01,rat_movement=True
1,122,120,0.05,rat_movement=True
1,30,40,0.07,rat_movement=True
1,273,440,0.03,rat_movement=True
1,41,100,0.09,rat_movement=True
1,40,60,0.1,rat_movement=True
1,155,80,0.2,rat_movement=True
1,4,20,0.4,rat_movement=True
1,14,20,0.5,rat_movement=True
1,18,20,0.7,rat_movement=True
1,169,260,0.3,rat_movement=True
1,136,160,1.0,rat_movement=True
1,369,280,0.6,rat_movement=True
1,281,360,0.8,rat_movement=True
1,56,40,0.01,rat_movement=True
1,180,160,0.03,rat_movement=True
1,589,520,0.9,rat_movement=True
1,130,240,0.05,rat_movement=True
1,66,120,0.07,rat_movement=True
1,15,40,0.09,rat_movement=True
1,24,60,0.2,rat_movement=True
1,601,660,0.0,rat_movement=True
1,108,120,0.4,rat_movement=True
1,271,400,0.1,rat_movement=True
1,272,460,0.3,rat_movement=True
1,118,100,0.6,rat_movement=True
1,268,400,0.5,rat_movement=True
1,13,20,0.9,rat_movement=True
1,271,260,0.8,rat_movement=True
1,228,340,1.0,rat_movement=True
1,109,60,0.01,rat_movement=True
1,231,300,0.0,rat_movement=True
1,186,380,0.03,rat_movement=True
1,75,120,0.05,rat_movement=True
1,169,320,0.07,rat_movement=True
1,1283,1020,0.7,rat_movement=True
1,32,60,0.1,rat_movement=True
1,100,200,0.09,rat_movement=True
1,122,200,0.2,rat_movement=True
1,134,140,0.3,rat_movement=True
1,36,20,0.5,rat_movement=True
1,147,140,0.4,rat_movement=True
1,22,20,0.7,rat_movement=True
1,297,240,0.6,rat_movement=True
1,119,220,0.9,rat_movement=True
1,120,240,1.0,rat_movement=True
1,227,200,0.01,rat_movement=True
1,612,580,0.8,rat_movement=True
1,136,240,0.03,rat_movement=True
1,169,160,0.05,rat_movement=True
1,151,180,0.07,rat_movement=True
1,189,260,0.09,rat_movement=True
1,94,200,0.1,rat_movement=True
1,34,60,0.3,rat_movement=True
1,91,100,0.2,rat_movement=True
1,30,20,0.4,rat_movement=True
1,1120,1060,0.0,rat_movement=True
1,31,20,0.6,rat_movement=True
1,116,200,0.7,rat_movement=True
1,343,320,0.5,rat_movement=True
1,175,160,0.8,rat_movement=True
1,12,20,0.0,rat_movement=True
1,171,300,0.9,rat_movement=True
1,113,140,0.01,rat_movement=True
1,89,120,0.03,rat_movement=True
1,46,80,0.05,rat_movement=True
1,34,80,0.07,rat_movement=True
1,92,120,0.09,rat_movement=True
1,67,160,0.1,rat_movement=True
1,79,100,0.2,rat_movement=True
1,140,160,0.3,rat_movement=True
1,91,100,0.4,rat_movement=True
1,86,140,0.6,rat_movement=True
1,15,20,0.8,rat_movement=True
1,66,160,0.7,rat_movement=True
1,270,300,0.5,rat_movement=True
1,1349,1080,1.0,rat_movement=True
1,113,80,1.0,rat_movement=True
1,16,60,0.03,rat_movement=True
1,242,240,0.9,rat_movement=True
1,64,80,0.05,rat_movement=True
1,79,60,0.07,rat_movement=True
1,90,80,0.09,rat_movement=True
1,440,600,0.01,rat_movement=True
1,614,760,0.0,rat_movement=True
1,163,440,0.1,rat_movement=True
1,143,280,0.2,rat_movement=True
1,139,200,0.3,rat_movement=True
1,78,100,0.4,rat_movement=True
1,8,20,0.6,rat_movement=True
1,58,40,0.5,rat_movement=True
1,114,100,0.8,rat_movement=True
1,148,260,0.9,rat_movement=True
1,329,320,0.7,rat_movement=True
1,88,100,0.0,rat_movement=True
1,169,200,1.0,rat_movement=True
1,22,20,0.03,rat_movement=True
1,72,60,0.05,rat_movement=True
1,105,240,0.09,rat_movement=True
1,2,20,0.2,rat_movement=True
1,268,420,0.01,rat_movement=True
1,114,140,0.1,rat_movement=True
1,87,200,0.3,rat_movement=True
1,290,420,0.07,rat_movement=True
1,269,180,0.5,rat_movement=True
1,258,240,0.6,rat_movement=True
1,43,120,0.7,rat_movement=True
1,602,460,0.4,rat_movement=True
1,267,240,1.0,rat_movement=True
1,291,260,0.9,rat_movement=True
1,52,40,0.05,rat_movement=True
1,227,260,0.01,rat_movement=True
1,548,420,0.8,rat_movement=True
1,366,540,0.0,rat_movement=True
1,211,240,0.03,rat_movement=True
1,14,20,0.1,rat_movement=True
1,57,40,0.09,rat_movement=True
1,113,260,0.07,rat_movement=True
1,19,40,0.4,rat_movement=True
1,186,200,0.2,rat_movement=True
1,131,80,0.5,rat_movement=True
1,37,100,0.6,rat_movement=True
1,236,320,0.8,rat_movement=True
1,96,100,0.9,rat_movement=True
1,111,100,0.0,rat_movement=True
1,112,140,0.01,rat_movement=True
1,29,20,0.03,rat_movement=True
1,403,380,1.0,rat_movement=True
1,1098,1220,0.3,rat_movement=True
1,10,40,0.07,rat_movement=True
1,959,840,0.7,rat_movement=True
1,194,260,0.05,rat_movement=True
1,110,160,0.1,rat_movement=True
1,126,260,0.09,rat_movement=True
1,41,20,0.2,rat_movement=True
1,59,140,0.4,rat_movement=True
1,35,120,0.5,rat_movement=True
1,74,60,0.7,rat_movement=True
1,22,100,0.8,rat_movement=True
1,50,40,0.9,rat_movement=True
1,252,200,0.6,rat_movement=True
1,617,560,0.3,rat_movement=True
1,86,120,0.01,rat_movement=True
1,17,20,0.05,rat_movement=True
1,75,120,0.03,rat_movement=True
1,386,380,1.0,rat_movement=True
1,199,400,0.07,rat_movement=True
1,165,200,0.09,rat_movement=True
1,44,40,0.1,rat_movement=True
1,30,20,0.2,rat_movement=True
1,83,280,0.3,rat_movement=True
1,63,60,0.4,rat_movement=True
1,93,60,0.5,rat_movement=True
1,804,880,0.0,rat_movement=True
1,82,100,0.8,rat_movement=True
1,185,120,0.7,rat_movement=True
1,7,20,1.0,rat_movement=True
1,56,160,0.9,rat_movement=True
1,108,80,0.01,rat_movement=True
1,132,240,0.03,rat_movement=True
1,42,100,0.07,rat_movement=True
1,666,600,0.6,rat_movement=True
1,100,160,0.05,rat_movement=True
1,33,60,0.2,rat_movement=True
1,171,200,0.09,rat_movement=True
1,24,60,0.3,rat_movement=True
1,3,20,0.4,rat_movement=True
1,229,420,0.1,rat_movement=True
1,631,740,0.0,rat_movement=True
1,170,240,0.5,rat_movement=True
1,10,20,0.8,rat_movement=True
1,268,320,0.6,rat_movement=True
1,93,100,1.0,rat_movement=True
1,17,20,0.0,rat_movement=True
1,612,500,0.7,rat_movement=True
1,45,40,0.01,rat_movement=True
1,11,60,0.03,rat_movement=True
1,90,100,0.05,rat_movement=True
1,803,900,0.9,rat_movement=True
1,212,260,0.07,rat_movement=True
1,58,120,0.09,rat_movement=True
1,81,60,0.1,rat_movement=True
1,111,140,0.2,rat_movement=True
1,191,320,0.3,rat_movement=True
1,149,180,0.4,rat_movement=True
1,125,120,0.5,rat_movement=True
1,52,40,0.8,rat_movement=True
1,242,200,0.7,rat_movement=True
1,349,480,0.6,rat_movement=True
1,184,180,0.9,rat_movement=True
1,72,60,0.01,rat_movement=True
1,155,140,1.0,rat_movement=True
1,32,60,0.07,rat_movement=True
1,82,80,0.05,rat_movement=True
1,89,120,0.03,rat_movement=True
1,57,140,0.09,rat_movement=True
1,86,240,0.2,rat_movement=True
1,162,160,0.4,rat_movement=True
1,463,520,0.0,rat_movement=True
1,266,500,0.1,rat_movement=True
1,55,40,0.6,rat_movement=True
1,176,160,0.5,rat_movement=True
1,72,80,0.8,rat_movement=True
1,110,100,0.7,rat_movement=True
1,107,220,0.9,rat_movement=True
1,369,540,0.3,rat_movement=True
1,58,120,0.03,rat_movement=True
1,154,180,1.0,rat_movement=True
1,31,140,0.07,rat_movement=True
1,173,180,0.05,rat_movement=True
1,136,300,0.09,rat_movement=True
1,24,100,0.1,rat_movement=True
1,44,20,0.2,rat_movement=True
1,56,40,0.4,rat_movement=True
1,148,140,0.3,rat_movement=True
1,630,1080,0.01,rat_movement=True
1,751,880,0.0,rat_movement=True
1,11,20,0.7,rat_movement=True
1,67,60,0.6,rat_movement=True
1,44,40,0.8,rat_movement=True
1,47,40,0.9,rat_movement=True
1,256,280,0.5,rat_movement=True
1,24,20,0.03,rat_movement=True
1,268,240,1.0,rat_movement=True
1,68,120,0.07,rat_movement=True
1,140,320,0.05,rat_movement=True
1,35,40,0.09,rat_movement=True
1,57,120,0.2,rat_movement=True
1,120,120,0.1,rat_movement=True
1,646,700,0.0,rat_movement=True
1,563,580,0.01,rat_movement=True
1,90,120,0.3,rat_movement=True
1,102,140,0.4,rat_movement=True
1,150,120,0.5,rat_movement=True
1,36,60,0.8,rat_movement=True
1,145,140,0.7,rat_movement=True
1,46,60,0.9,rat_movement=True
1,316,360,0.6,rat_movement=True
1,114,120,0.0,rat_movement=True
1,43,80,0.05,rat_movement=True
1,21,40,0.07,rat_movement=True
1,117,120,0.03,rat_movement=True
1,102,120,0.09,rat_movement=True
1,288,380,0.01,rat_movement=True
1,51,60,0.2,rat_movement=True
1,134,140,0.1,rat_movement=True
1,64,60,0.4,rat_movement=True
1,271,360,0.3,rat_movement=True
1,109,220,0.6,rat_movement=True
1,42,40,0.7,rat_movement=True
1,123,200,0.8,rat_movement=True
1,70,80,0.9,rat_movement=True
1,979,900,0.5,rat_movement=True
1,55,40,0.05,rat_movement=True
1,1985,1580,1.0,rat_movement=True
1,203,160,0.01,rat_movement=True
1,541,620,1.0,rat_movement=True
1,63,60,0.07,rat_movement=True
1,54,60,0.09,rat_movement=True
1,89,60,0.1,rat_movement=True
1,25,120,0.2,rat_movement=True
1,312,400,0.03,rat_movement=True
1,36,100,0.4,rat_movement=True
1,106,100,0.3,rat_movement=True
1,88,80,0.5,rat_movement=True
1,148,140,0.6,rat_movement=True
1,161,260,0.7,rat_movement=True
1,1121,1160,0.0,rat_movement=True
1,94,60,0.8,rat_movement=True
1,40,40,0.0,rat_movement=True
1,324,300,0.9,rat_movement=True
1,75,160,0.01,rat_movement=True
1,62,100,0.03,rat_movement=True
1,15,20,0.07,rat_movement=True
1,294,280,1.0,rat_movement=True
1,115,280,0.05,rat_movement=True
1,70,40,0.09,rat_movement=True
1,39,60,0.1,rat_movement=True
1,44,100,0.2,rat_movement=True
1,107,100,0.3,rat_movement=True
1,20,100,0.6,rat_movement=True
1,225,360,0.4,rat_movement=True
1,2,20,1.0,rat_movement=True
1,210,260,0.8,rat_movement=True
1,415,360,0.7,rat_movement=True
1,226,240,0.0,rat_movement=True
1,489,380,0.9,rat_movement=True
1,689,520,0.5,rat_movement=True
1,69,100,0.05,rat_movement=True
1,50,80,0.09,rat_movement=True
1,16,60,0.1,rat_movement=True
1,208,420,0.03,rat_movement=True
1,129,300,0.07,rat_movement=True
1,70,140,0.3,rat_movement=True
1,173,180,0.2,rat_movement=True
1,516,800,0.01,rat_movement=True
1,50,40,0.5,rat_movement=True
1,171,120,0.4,rat_movement=True
1,30,40,0.7,rat_movement=True
1,210,180,0.6,rat_movement=True
1,499,520,0.9,rat_movement=True
1,775,780,0.8,rat_movement=True
1,215,260,0.03,rat_movement=True
1,162,220,0.05,rat_movement=True
1,871,1040,1.0,rat_movement=True
1,542,500,0.01,rat_movement=True
1,795,1020,0.0,rat_movement=True
1,8,20,0.2,rat_movement=True
1,68,40,0.09,rat_movement=True
1,69,40,0.1,rat_movement=True
1,149,240,0.07,rat_movement=True
1,122,140,0.4,rat_movement=True
1,100,80,0.6,rat_movement=True
1,168,140,0.5,rat_movement=True
1,95,140,0.7,rat_movement=True
1,207,220,0.3,rat_movement=True
1,60,60,0.8,rat_movement=True
1,71,100,1.0,rat_movement=True
1,11,20,0.0,rat_movement=True
1,37,20,0.03,rat_movement=True
1,99,140,0.01,rat_movement=True
1,58,80,0.07,rat_movement=True
1,129,100,0.09,rat_movement=True
1,754,660,0.9,rat_movement=True
1,157,100,0.1,rat_movement=True
1,29,120,0.2,rat_movement=True
1,53,80,0.3,rat_movement=True
1,653,700,0.05,rat_movement=True
1,59,40,0.5,rat_movement=True
1,102,80,0.4,rat_movement=True
1,120,120,0.6,rat_movement=True
1,8,40,0.8,rat_movement=True
1,525,380,0.7,rat_movement=True
1,89,220,1.0,rat_movement=True
1,93,120,0.03,rat_movement=True
1,52,120,0.05,rat_movement=True
1,556,820,0.9,rat_movement=True
1,127,200,0.07,rat_movement=True
1,37,40,0.09,rat_movement=True
1,677,840,0.01,rat_movement=True
1,18,20,0.2,rat_movement=True
1,115,100,0.1,rat_movement=True
1,43,40,0.4,rat_movement=True
1,79,220,0.3,rat_movement=True
1,25,40,0.6,rat_movement=True
1,104,120,0.5,rat_movement=True
1,150,200,0.8,rat_movement=True
1,1470,1520,0.0,rat_movement=True
1,146,200,1.0,rat_movement=True
1,115,120,0.0,rat_movement=True
1,266,340,0.9,rat_movement=True
1,441,340,0.7,rat_movement=True
1,83,100,0.01,rat_movement=True
1,96,200,0.03,rat_movement=True
1,75,140,0.09,rat_movement=True
1,126,180,0.05,rat_movement=True
1,76,60,0.1,rat_movement=True
1,7,20,0.2,rat_movement=True
1,192,380,0.07,rat_movement=True
1,136,100,0.3,rat_movement=True
1,111,220,0.5,rat_movement=True
1,300,280,0.4,rat_movement=True
1,71,80,0.8,rat_movement=True
1,278,480,0.6,rat_movement=True
1,44,140,1.0,rat_movement=True
1,33,20,0.01,rat_movement=True
1,93,220,0.03,rat_movement=True
1,695,540,0.7,rat_movement=True
1,77,180,0.07,rat_movement=True
1,9,40,0.1,rat_movement=True
1,6,20,0.3,rat_movement=True
1,496,480,0.9,rat_movement=True
1,125,180,0.09,rat_movement=True
1,76,160,0.2,rat_movement=True
1,61,40,0.4,rat_movement=True
1,538,500,0.0,rat_movement=True
1,345,500,0.05,rat_movement=True
1,124,80,0.7,rat_movement=True
1,59,40,0.8,rat_movement=True
1,107,80,0.9,rat_movement=True
1,276,280,0.5,rat_movement=True
1,152,220,1.0,rat_movement=True
1,414,420,0.6,rat_movement=True
1,186,220,0.03,rat_movement=True
1,74,60,0.05,rat_movement=True
1,82,100,0.07,rat_movement=True
1,82,100,0.09,rat_movement=True
1,653,740,0.0,rat_movement=True
1,11,20,0.4,rat_movement=True
1,567,860,0.01,rat_movement=True
1,118,140,0.2,rat_movement=True
1,6,20,0.6,rat_movement=True
1,133,180,0.3,rat_movement=True
1,112,80,0.5,rat_movement=True
1,248,260,0.1,rat_movement=True
1,109,80,0.8,rat_movement=True
1,25,20,1.0,rat_movement=True
1,312,280,0.7,rat_movement=True
1,30,60,0.01,rat_movement=True
1,115,100,0.03,rat_movement=True
1,115,180,0.05,rat_movement=True
1,34,20,0.09,rat_movement=True
1,215,280,0.0,rat_movement=True
1,116,160,0.07,rat_movement=True
1,84,160,0.1,rat_movement=True
1,89,80,0.2,rat_movement=True
1,152,100,0.3,rat_movement=True
1,70,160,0.6,rat_movement=True
1,734,680,0.9,rat_movement=True
1,234,320,0.4,rat_movement=True
1,192,160,0.7,rat_movement=True
1,358,440,0.5,rat_movement=True
1,111,80,0.03,rat_movement=True
1,78,140,0.05,rat_movement=True
1,174,260,0.01,rat_movement=True
1,120,140,0.07,rat_movement=True
1,45,40,0.09,rat_movement=True
1,105,140,0.1,rat_movement=True
1,686,940,0.8,rat_movement=True
1,772,600,1.0,rat_movement=True
1,48,100,0.2,rat_movement=True
1,777,940,0.0,rat_movement=True
1,13,40,0.4,rat_movement=True
1,89,220,0.3,rat_movement=True
1,73,100,0.5,rat_movement=True
1,1155,960,0.9,rat_movement=True
1,28,20,0.8,rat_movement=True
1,178,240,0.7,rat_movement=True
1,128,120,1.0,rat_movement=True
1,86,100,0.01,rat_movement=True
1,475,660,0.9,rat_movement=True
1,651,800,0.6,rat_movement=True
1,141,220,0.03,rat_movement=True
1,40,120,0.05,rat_movement=True
1,73,100,0.07,rat_movement=True
1,67,60,0.09,rat_movement=True
1,33,40,0.1,rat_movement=True
1,554,640,0.0,rat_movement=True
1,48,100,0.2,rat_movement=True
1,52,40,0.3,rat_movement=True
1,142,100,0.4,rat_movement=True
1,135,100,0.6,rat_movement=True
1,42,40,0.9,rat_movement=True
1,253,320,0.8,rat_movement=True
1,485,460,0.5,rat_movement=True
1,258,360,0.01,rat_movement=True
1,194,240,0.03,rat_movement=True
1,159,240,0.05,rat_movement=True
1,26,20,0.07,rat_movement=True
1,74,120,0.09,rat_movement=True
1,99,100,0.1,rat_movement=True
1,629,700,1.0,rat_movement=True
1,87,200,0.2,rat_movement=True
1,809,860,0.0,rat_movement=True
1,1142,980,0.7,rat_movement=True
1,137,140,0.3,rat_movement=True
1,96,140,0.4,rat_movement=True
1,14,20,0.6,rat_movement=True
1,128,200,0.5,rat_movement=True
1,91,100,0.7,rat_movement=True
1,8,20,0.9,rat_movement=True
1,32,20,1.0,rat_movement=True
1,45,60,0.0,rat_movement=True
1,203,140,0.8,rat_movement=True
1,86,120,0.01,rat_movement=True
1,0,0,0.07,rat_movement=True
1,50,20,0.05,rat_movement=True
1,94,160,0.03,rat_movement=True
1,13,60,0.09,rat_movement=True
1,40,40,0.1,rat_movement=True
1,100,160,0.2,rat_movement=True
1,51,40,0.3,rat_movement=True
1,5,40,0.5,rat_movement=True
1,131,160,0.4,rat_movement=True
1,133,140,0.7,rat_movement=True
1,7,40,0.9,rat_movement=True
1,59,180,0.8,rat_movement=True
1,204,300,0.6,rat_movement=True
1,11,20,0.03,rat_movement=True
1,151,200,0.01,rat_movement=True
1,10,40,0.05,rat_movement=True
1,830,760,1.0,rat_movement=True
1,54,60,0.07,rat_movement=True
1,38,20,0.09,rat_movement=True
1,177,200,0.1,rat_movement=True
1,218,320,0.2,rat_movement=True
1,182,240,0.3,rat_movement=True
1,0,0,0.8,rat_movement=True
1,144,120,0.4,rat_movement=True
1,14,20,0.9,rat_movement=True
1,111,80,0.6,rat_movement=True
1,98,120,0.7,rat_movement=True
1,72,120,1.0,rat_movement=True
1,70,120,0.0,rat_movement=True
1,11,80,0.03,rat_movement=True
1,406,340,0.5,rat_movement=True
1,16,80,0.09,rat_movement=True
1,195,220,0.05,rat_movement=True
1,284,500,0.01,rat_movement=True
1,91,100,0.1,rat_movement=True
1,90,140,0.2,rat_movement=True
1,272,480,0.07,rat_movement=True
1,84,80,0.3,rat_movement=True
1,120,120,0.4,rat_movement=True
1,105,60,0.6,rat_movement=True
1,224,320,0.5,rat_movement=True
1,95,80,0.8,rat_movement=True
1,224,400,0.7,rat_movement=True
1,207,260,0.9,rat_movement=True
1,152,120,1.0,rat_movement=True
1,304,320,0.0,rat_movement=True
1,60,60,0.05,rat_movement=True
1,150,160,0.03,rat_movement=True
1,98,180,0.07,rat_movement=True
1,83,100,0.09,rat_movement=True
1,476,860,0.01,rat_movement=True
1,64,180,0.1,rat_movement=True
1,153,280,0.2,rat_movement=True
1,138,220,0.3,rat_movement=True
1,14,20,0.5,rat_movement=True
1,5,20,0.7,rat_movement=True
1,176,160,0.6,rat_movement=True
1,337,380,0.4,rat_movement=True
1,175,240,1.0,rat_movement=True
1,131,120,0.01,rat_movement=True
1,209,360,0.03,rat_movement=True
1,29,40,0.07,rat_movement=True
1,249,340,0.05,rat_movement=True
1,74,60,0.1,rat_movement=True
1,963,760,0.9,rat_movement=True
1,337,580,0.09,rat_movement=True
1,156,280,0.4,rat_movement=True
1,23,40,0.5,rat_movement=True
1,394,700,0.2,rat_movement=True
1,25,20,0.6,rat_movement=True
1,73,60,0.7,rat_movement=True
1,1514,1620,0.0,rat_movement=True
1,3,20,1.0,rat_movement=True
1,151,440,0.8,rat_movement=True
1,779,820,0.3,rat_movement=True
1,97,160,0.01,rat_movement=True
1,2179,1600,0.8,rat_movement=True
1,16,20,0.07,rat_movement=True
1,142,200,0.05,rat_movement=True
1,72,120,0.09,rat_movement=True
1,98,160,0.1,rat_movement=True
1,294,480,0.03,rat_movement=True
1,26,40,0.3,rat_movement=True
1,535,600,0.0,rat_movement=True
1,95,100,0.2,rat_movement=True
1,67,60,0.5,rat_movement=True
1,109,160,0.4,rat_movement=True
1,115,80,0.6,rat_movement=True
1,1161,940,0.9,rat_movement=True
1,221,200,0.8,rat_movement=True
1,246,240,1.0,rat_movement=True
1,379,320,0.9,rat_movement=True
1,329,400,0.0,rat_movement=True
1,20,80,0.05,rat_movement=True
1,771,660,0.7,rat_movement=True
1,308,400,0.03,rat_movement=True
1,133,280,0.07,rat_movement=True
1,24,40,0.1,rat_movement=True
1,24,40,0.2,rat_movement=True
1,68,40,0.3,rat_movement=True
1,97,100,0.4,rat_movement=True
1,336,500,0.09,rat_movement=True
1,32,40,0.5,rat_movement=True
1,85,100,0.6,rat_movement=True
1,97,80,0.7,rat_movement=True
1,60,60,0.8,rat_movement=True
1,24,20,1.0,rat_movement=True
1,1141,1080,0.01,rat_movement=True
1,166,180,0.9,rat_movement=True
1,133,200,0.0,rat_movement=True
1,181,360,0.03,rat_movement=True
1,245,400,0.05,rat_movement=True
1,288,500,0.01,rat_movement=True
1,62,100,0.09,rat_movement=True
1,78,140,0.1,rat_movement=True
1,61,120,0.2,rat_movement=True
1,174,300,0.07,rat_movement=True
1,65,40,0.3,rat_movement=True
1,115,80,0.4,rat_movement=True
1,61,80,0.5,rat_movement=True
1,46,40,0.7,rat_movement=True
1,182,280,0.6,rat_movement=True
1,43,40,0.9,rat_movement=True
1,213,220,0.8,rat_movement=True
1,67,60,0.01,rat_movement=True
1,238,280,1.0,rat_movement=True
1,29,40,0.05,rat_movement=True
1,59,40,0.07,rat_movement=True
1,5,20,0.09,rat_movement=True
1,201,260,0.03,rat_movement=True
1,143,220,0.1,rat_movement=True
1,7,20,0.2,rat_movement=True
1,869,960,0.0,rat_movement=True
1,256,260,0.3,rat_movement=True
1,57,60,0.4,rat_movement=True
1,147,260,0.5,rat_movement=True
1,164,340,0.6,rat_movement=True
1,229,220,0.9,rat_movement=True
1,113,100,0.01,rat_movement=True
1,287,340,0.0,rat_movement=True
1,15,20,0.03,rat_movement=True
1,552,480,1.0,rat_movement=True
1,75,100,0.05,rat_movement=True
1,52,40,0.07,rat_movement=True
1,11,20,0.1,rat_movement=True
1,135,140,0.09,rat_movement=True
1,97,80,0.2,rat_movement=True
1,113,140,0.3,rat_movement=True
1,158,160,0.4,rat_movement=True
1,252,200,0.5,rat_movement=True
1,40,80,0.7,rat_movement=True
1,144,160,0.6,rat_movement=True
1,1976,1560,0.8,rat_movement=True
1,20,20,0.8,rat_movement=True
1,22,20,0.9,rat_movement=True
1,24,40,0.0,rat_movement=True
1,38,60,0.03,rat_movement=True
1,28,40,0.05,rat_movement=True
1,15,20,0.07,rat_movement=True
1,172,220,1.0,rat_movement=True
1,188,180,0.01,rat_movement=True
1,116,160,0.09,rat_movement=True
1,87,120,0.2,rat_movement=True
1,168,200,0.3,rat_movement=True
1,300,440,0.1,rat_movement=True
1,158,180,0.4,rat_movement=True
1,50,120,0.6,rat_movement=True
1,135,160,0.5,rat_movement=True
1,60,60,0.7,rat_movement=True
1,75,80,0.8,rat_movement=True
1,21,100,1.0,rat_movement=True
1,65,80,0.9,rat_movement=True
1,50,80,0.03,rat_movement=True
1,61,120,0.01,rat_movement=True
1,107,140,0.0,rat_movement=True
1,40,60,0.07,rat_movement=True
1,68,80,0.05,rat_movement=True
1,76,140,0.09,rat_movement=True
1,128,300,0.1,rat_movement=True
1,203,220,0.2,rat_movement=True
1,42,60,0.4,rat_movement=True
1,287,600,0.3,rat_movement=True
1,31,60,0.7,rat_movement=True
1,666,560,0.5,rat_movement=True
1,75,40,0.9,rat_movement=True
1,592,640,0.6,rat_movement=True
1,175,140,1.0,rat_movement=True
1,368,300,0.8,rat_movement=True
1,104,260,0.01,rat_movement=True
1,98,60,0.03,rat_movement=True
1,51,60,0.05,rat_movement=True
1,354,480,0.0,rat_movement=True
1,125,180,0.07,rat_movement=True
1,33,80,0.2,rat_movement=True
1,159,200,0.09,rat_movement=True
1,150,200,0.1,rat_movement=True
1,9,20,0.5,rat_movement=True
1,83,140,0.6,rat_movement=True
1,86,60,0.7,rat_movement=True
1,185,160,0.4,rat_movement=True
1,216,340,0.9,rat_movement=True
1,241,420,0.8,rat_movement=True
1,171,360,0.01,rat_movement=True
1,808,580,0.3,rat_movement=True
1,65,80,0.05,rat_movement=True
1,244,400,0.03,rat_movement=True
1,304,620,0.09,rat_movement=True
1,42,20,0.2,rat_movement=True
1,451,640,0.07,rat_movement=True
1,47,80,0.3,rat_movement=True
1,17,20,0.4,rat_movement=True
1,1043,1240,0.0,rat_movement=True
1,253,460,0.1,rat_movement=True
1,46,60,0.5,rat_movement=True
1,38,40,0.6,rat_movement=True
1,42,100,0.8,rat_movement=True
1,196,200,0.7,rat_movement=True
1,33,20,1.0,rat_movement=True
1,1993,1520,1.0,rat_movement=True
1,195,260,0.9,rat_movement=True
1,74,140,0.03,rat_movement=True
1,26,60,0.07,rat_movement=True
1,158,120,0.05,rat_movement=True
1,276,340,0.0,rat_movement=True
1,48,120,0.1,rat_movement=True
1,120,160,0.09,rat_movement=True
1,36,40,0.3,rat_movement=True
1,40,40,0.4,rat_movement=True
1,344,580,0.01,rat_movement=True
1,132,120,0.5,rat_movement=True
1,130,100,0.6,rat_movement=True
1,145,160,0.7,rat_movement=True
1,148,240,0.9,rat_movement=True
1,260,260,0.8,rat_movement=True
1,131,160,1.0,rat_movement=True
1,112,60,0.0,rat_movement=True
1,32,40,0.05,rat_movement=True
1,90,180,0.03,rat_movement=True
1,34,60,0.07,rat_movement=True
1,194,360,0.01,rat_movement=True
1,704,1100,0.2,rat_movement=True
1,18,40,0.1,rat_movement=True
1,24,40,0.2,rat_movement=True
1,145,160,0.09,rat_movement=True
1,21,20,0.5,rat_movement=True
1,68,200,0.4,rat_movement=True
1,29,40,0.6,rat_movement=True
1,326,320,0.3,rat_movement=True
1,70,60,0.7,rat_movement=True
1,88,100,0.9,rat_movement=True
1,164,120,1.0,rat_movement=True
1,117,140,0.0,rat_movement=True
1,79,180,0.03,rat_movement=True
1,166,220,0.01,rat_movement=True
1,24,60,0.05,rat_movement=True
1,128,240,0.07,rat_movement=True
1,225,300,0.09,rat_movement=True
1,56,80,0.3,rat_movement=True
1,269,380,0.1,rat_movement=True
1,56,100,0.4,rat_movement=True
1,181,300,0.2,rat_movement=True
1,152,140,0.5,rat_movement=True
1,15,20,0.8,rat_movement=True
1,39,120,0.9,rat_movement=True
1,60,80,0.0,rat_movement=True
1,1993,1480,0.8,rat_movement=True
1,50,40,0.03,rat_movement=True
1,123,240,0.01,rat_movement=True
1,52,100,0.07,rat_movement=True
1,9,20,0.09,rat_movement=True
1,459,380,1.0,rat_movement=True
1,21,20,0.1,rat_movement=True
1,296,580,0.05,rat_movement=True
1,115,220,0.2,rat_movement=True
1,70,100,0.4,rat_movement=True
1,1458,1220,0.7,rat_movement=True
1,567,500,0.3,rat_movement=True
1,58,100,0.7,rat_movement=True
1,442,500,0.5,rat_movement=True
1,200,160,0.6,rat_movement=True
1,76,160,0.8,rat_movement=True
1,257,320,0.9,rat_movement=True
1,31,40,0.05,rat_movement=True
1,67,120,0.03,rat_movement=True
1,21,60,0.07,rat_movement=True
1,172,480,0.01,rat_movement=True
1,85,120,0.09,rat_movement=True
1,87,160,0.1,rat_movement=True
1,76,160,0.2,rat_movement=True
1,57,120,0.3,rat_movement=True
1,106,120,0.4,rat_movement=True
1,71,60,0.6,rat_movement=True
1,37,20,0.7,rat_movement=True
1,47,160,0.8,rat_movement=True
1,1451,1220,1.0,rat_movement=True
1,307,320,0.9,rat_movement=True
1,99,100,0.0,rat_movement=True
1,1434,1720,0.0,rat_movement=True
1,234,320,1.0,rat_movement=True
1,915,660,0.5,rat_movement=True
1,80,160,0.01,rat_movement=True
1,40,40,0.05,rat_movement=True
1,78,140,0.07,rat_movement=True
1,411,640,0.03,rat_movement=True
1,50,40,0.1,rat_movement=True
1,100,220,0.09,rat_movement=True
1,129,220,0.3,rat_movement=True
1,44,100,0.6,rat_movement=True
1,192,300,0.4,rat_movement=True
1,38,20,0.8,rat_movement=True
1,344,480,0.2,rat_movement=True
1,24,40,0.0,rat_movement=True
1,308,380,0.5,rat_movement=True
1,227,240,0.7,rat_movement=True
1,58,60,0.01,rat_movement=True
1,57,120,0.03,rat_movement=True
1,280,280,1.0,rat_movement=True
1,311,360,0.9,rat_movement=True
1,50,80,0.09,rat_movement=True
1,136,160,0.07,rat_movement=True
1,224,320,0.05,rat_movement=True
1,108,220,0.1,rat_movement=True
1,104,80,0.3,rat_movement=True
1,152,200,0.2,rat_movement=True
1,64,60,0.5,rat_movement=True
1,262,400,0.4,rat_movement=True
1,131,180,0.6,rat_movement=True
1,118,160,0.7,rat_movement=True
1,21,20,0.01,rat_movement=True
1,132,160,0.0,rat_movement=True
1,47,40,0.03,rat_movement=True
1,711,700,0.8,rat_movement=True
1,350,420,1.0,rat_movement=True
1,82,140,0.05,rat_movement=True
1,96,60,0.07,rat_movement=True
1,79,240,0.09,rat_movement=True
1,67,120,0.1,rat_movement=True
1,77,140,0.2,rat_movement=True
1,128,160,0.3,rat_movement=True
1,101,60,0.4,rat_movement=True
1,1642,1260,0.9,rat_movement=True
1,87,60,0.6,rat_movement=True
1,404,440,0.5,rat_movement=True
1,131,140,0.7,rat_movement=True
1,33,100,1.0,rat_movement=True
1,8,20,0.0,rat_movement=True
1,27,20,0.03,rat_movement=True
1,321,280,0.8,rat_movement=True
1,149,220,0.01,rat_movement=True
1,31,80,0.07,rat_movement=True
1,65,80,0.05,rat_movement=True
1,15,20,0.09,rat_movement=True
1,491,380,0.9,rat_movement=True
1,55,180,0.1,rat_movement=True
1,18,60,0.2,rat_movement=True
1,91,140,0.3,rat_movement=True
1,25,20,0.4,rat_movement=True
1,58,40,0.5,rat_movement=True
1,136,200,0.7,rat_movement=True
1,18,20,0.8,rat_movement=True
1,246,280,0.6,rat_movement=True
1,28,40,0.0,rat_movement=True
1,1,20,0.03,rat_movement=True
1,55,60,0.01,rat_movement=True
1,411,380,1.0,rat_movement=True
1,473,600,0.9,rat_movement=True
1,59,60,0.09,rat_movement=True
1,27,80,0.1,rat_movement=True
1,34,80,0.2,rat_movement=True
1,376,560,0.05,rat_movement=True
1,165,200,0.07,rat_movement=True
1,19,20,0.4,rat_movement=True
1,155,260,0.3,rat_movement=True
1,100,180,0.5,rat_movement=True
1,38,20,0.9,rat_movement=True
1,131,160,0.8,rat_movement=True
1,353,280,0.6,rat_movement=True
1,332,520,0.7,rat_movement=True
1,53,60,0.01,rat_movement=True
1,21,40,0.03,rat_movement=True
1,73,80,0.05,rat_movement=True
1,276,420,0.0,rat_movement=True
1,11,60,0.07,rat_movement=True
1,13,60,0.1,rat_movement=True
1,82,100,0.3,rat_movement=True
1,182,380,0.2,rat_movement=True
1,960,800,1.0,rat_movement=True
1,41,100,0.5,rat_movement=True
1,18,20,0.6,rat_movement=True
1,427,660,0.09,rat_movement=True
1,72,60,0.7,rat_movement=True
1,224,360,0.4,rat_movement=True
1,82,60,1.0,rat_movement=True
1,42,60,0.01,rat_movement=True
1,326,400,0.0,rat_movement=True
1,609,600,0.9,rat_movement=True
1,28,20,0.05,rat_movement=True
1,134,220,0.07,rat_movement=True
1,420,800,0.03,rat_movement=True
1,201,340,0.09,rat_movement=True
1,277,540,0.1,rat_movement=True
1,132,120,0.3,rat_movement=True
1,287,480,0.2,rat_movement=True
1,36,60,0.5,rat_movement=True
1,170,220,0.4,rat_movement=True
1,136,160,0.6,rat_movement=True
1,54,40,0.9,rat_movement=True
1,11,20,0.0,rat_movement=True
1,21,20,0.01,rat_movement=True
1,113,120,1.0,rat_movement=True
1,133,340,0.8,rat_movement=True
1,5,20,0.05,rat_movement=True
1,75,100,0.03,rat_movement=True
1,314,320,0.7,rat_movement=True
1,136,200,0.07,rat_movement=True
1,86,120,0.09,rat_movement=True
1,219,340,0.1,rat_movement=True
1,112,140,0.2,rat_movement=True
1,17,60,0.5,rat_movement=True
1,158,180,0.3,rat_movement=True
1,85,80,0.6,rat_movement=True
1,186,180,0.4,rat_movement=True
1,78,60,0.7,rat_movement=True
1,62,60,0.8,rat_movement=True
1,14,20,1.0,rat_movement=True
1,62,40,0.9,rat_movement=True
1,93,180,0.01,rat_movement=True
1,83,160,0.03,rat_movement=True
1,57,160,0.07,rat_movement=True
1,113,260,0.05,rat_movement=True
1,26,60,0.3,rat_movement=True
1,149,240,0.1,rat_movement=True
1,207,360,0.09,rat_movement=True
1,21,20,0.4,rat_movement=True
1,44,80,0.5,rat_movement=True
1,21,20,0.6,rat_movement=True
1,244,440,0.2,rat_movement=True
1,98,120,0.8,rat_movement=True
1,12,20,0.9,rat_movement=True
1,839,920,0.0,rat_movement=True
1,37,40,0.0,rat_movement=True
1,199,400,0.03,rat_movement=True
1,89,180,0.05,rat_movement=True
1,64,120,0.07,rat_movement=True
1,410,520,0.01,rat_movement=True
1,162,360,0.09,rat_movement=True
1,992,880,0.7,rat_movement=True
1,191,280,0.1,rat_movement=True
1,135,300,0.2,rat_movement=True
1,159,280,0.3,rat_movement=True
1,96,160,0.4,rat_movement=True
1,89,220,0.5,rat_movement=True
1,96,100,0.6,rat_movement=True
1,21,20,1.0,rat_movement=True
1,1600,1260,1.0,rat_movement=True
1,89,160,0.01,rat_movement=True
1,2,20,0.03,rat_movement=True
1,413,580,0.8,rat_movement=True
1,23,20,0.07,rat_movement=True
1,98,160,0.09,rat_movement=True
1,696,840,0.7,rat_movement=True
1,58,40,0.1,rat_movement=True
1,12,20,0.2,rat_movement=True
1,52,60,0.3,rat_movement=True
1,1,20,0.4,rat_movement=True
1,814,760,0.9,rat_movement=True
1,40,80,0.5,rat_movement=True
1,89,100,0.7,rat_movement=True
1,148,200,0.8,rat_movement=True
1,810,1120,0.05,rat_movement=True
1,335,280,0.9,rat_movement=True
1,1408,1720,0.0,rat_movement=True
1,56,100,0.01,rat_movement=True
1,352,300,1.0,rat_movement=True
1,39,20,0.03,rat_movement=True
1,709,820,0.6,rat_movement=True
1,34,20,0.05,rat_movement=True
1,30,40,0.09,rat_movement=True
1,25,120,0.1,rat_movement=True
1,134,200,0.07,rat_movement=True
1,98,120,0.2,rat_movement=True
1,83,60,0.3,rat_movement=True
1,25,80,0.5,rat_movement=True
1,120,80,0.4,rat_movement=True
1,48,40,0.8,rat_movement=True
1,173,160,0.6,rat_movement=True
1,847,860,0.0,rat_movement=True
1,11,20,0.03,rat_movement=True
1,281,320,0.7,rat_movement=True
1,168,200,0.01,rat_movement=True
1,100,120,0.05,rat_movement=True
1,102,200,0.07,rat_movement=True
1,270,420,1.0,rat_movement=True
1,363,320,0.9,rat_movement=True
1,95,140,0.09,rat_movement=True
1,81,60,0.1,rat_movement=True
1,74,120,0.2,rat_movement=True
1,215,260,0.3,rat_movement=True
1,76,80,0.5,rat_movement=True
1,309,220,0.4,rat_movement=True
1,80,60,0.7,rat_movement=True
1,78,100,0.8,rat_movement=True
1,135,80,0.9,rat_movement=True
1,43,60,1.0,rat_movement=True
1,1310,1540,0.0,rat_movement=True
1,60,80,0.03,rat_movement=True
1,324,360,0.01,rat_movement=True
1,429,500,0.0,rat_movement=True
1,104,200,0.07,rat_movement=True
1,123,220,0.05,rat_movement=True
1,84,160,0.09,rat_movement=True
1,48,40,0.2,rat_movement=True
1,82,140,0.1,rat_movement=True
1,1097,920,0.6,rat_movement=True
1,125,220,0.3,rat_movement=True
1,308,200,0.4,rat_movement=True
1,292,220,0.5,rat_movement=True
1,90,80,0.8,rat_movement=True
1,185,280,0.7,rat_movement=True
1,140,140,1.0,rat_movement=True
1,69,100,0.0,rat_movement=True
1,48,100,0.03,rat_movement=True
1,367,500,0.9,rat_movement=True
1,203,260,0.01,rat_movement=True
1,202,300,0.05,rat_movement=True
1,116,260,0.09,rat_movement=True
1,1184,880,0.6,rat_movement=True
1,47,60,0.2,rat_movement=True
1,146,140,0.1,rat_movement=True
1,22,40,0.3,rat_movement=True
1,14,20,0.5,rat_movement=True
1,85,80,0.6,rat_movement=True
1,216,200,0.4,rat_movement=True
1,538,820,0.07,rat_movement=True
1,217,240,0.7,rat_movement=True
1,110,100,1.0,rat_movement=True
1,39,40,0.01,rat_movement=True
1,392,380,0.8,rat_movement=True
1,151,220,0.03,rat_movement=True
1,56,80,0.05,rat_movement=True
1,546,480,0.9,rat_movement=True
1,111,100,0.07,rat_movement=True
1,76,120,0.09,rat_movement=True
1,50,120,0.1,rat_movement=True
1,66,80,0.2,rat_movement=True
1,214,260,0.3,rat_movement=True
1,10,20,0.5,rat_movement=True
1,288,240,0.4,rat_movement=True
1,126,100,0.7,rat_movement=True
1,239,320,0.9,rat_movement=True
1,580,500,0.6,rat_movement=True
1,101,100,0.0,rat_movement=True
1,16,40,0.03,rat_movement=True
1,288,280,1.0,rat_movement=True
1,67,140,0.05,rat_movement=True
1,173,220,0.01,rat_movement=True
1,77,100,0.07,rat_movement=True
1,608,900,0.8,rat_movement=True
1,113,180,0.09,rat_movement=True
1,124,80,0.1,rat_movement=True
1,21,60,0.4,rat_movement=True
1,96,300,0.3,rat_movement=True
1,95,80,0.5,rat_movement=True
1,27,60,0.6,rat_movement=True
1,287,520,0.2,rat_movement=True
1,22,20,0.7,rat_movement=True
1,224,180,0.9,rat_movement=True
1,61,80,0.01,rat_movement=True
1,243,300,1.0,rat_movement=True
1,111,140,0.03,rat_movement=True
1,9,20,0.05,rat_movement=True
1,22,60,0.07,rat_movement=True
1,502,940,0.8,rat_movement=True
1,363,480,0.0,rat_movement=True
1,28,40,0.1,rat_movement=True
1,65,40,0.2,rat_movement=True
1,50,80,0.3,rat_movement=True
1,48,60,0.4,rat_movement=True
1,149,280,0.09,rat_movement=True
1,63,100,0.6,rat_movement=True
1,98,60,0.8,rat_movement=True
1,115,120,0.7,rat_movement=True
1,106,120,0.9,rat_movement=True
1,111,120,1.0,rat_movement=True
1,72,60,0.0,rat_movement=True
1,388,560,0.5,rat_movement=True
1,36,40,0.03,rat_movement=True
1,168,280,0.01,rat_movement=True
1,89,180,0.07,rat_movement=True
1,252,420,0.05,rat_movement=True
1,128,160,0.09,rat_movement=True
1,112,160,0.1,rat_movement=True
1,98,160,0.2,rat_movement=True
1,114,100,0.4,rat_movement=True
1,292,340,0.3,rat_movement=True
1,307,260,0.5,rat_movement=True
1,67,140,0.7,rat_movement=True
1,361,580,0.6,rat_movement=True
1,43,80,0.0,rat_movement=True
1,243,380,0.9,rat_movement=True
1,94,240,0.01,rat_movement=True
1,383,780,0.8,rat_movement=True
1,132,280,0.03,rat_movement=True
1,89,120,0.05,rat_movement=True
1,65,40,0.07,rat_movement=True
1,440,420,1.0,rat_movement=True
1,82,180,0.1,rat_movement=True
1,126,240,0.09,rat_movement=True
1,45,80,0.2,rat_movement=True
1,60,80,0.3,rat_movement=True
1,19,20,0.4,rat_movement=True
1,114,160,0.5,rat_movement=True
1,13,20,0.7,rat_movement=True
1,37,40,0.8,rat_movement=True
1,214,180,0.6,rat_movement=True
1,49,40,1.0,rat_movement=True
1,8,20,0.0,rat_movement=True
1,128,200,0.01,rat_movement=True
1,54,100,0.03,rat_movement=True
1,55,60,0.07,rat_movement=True
1,517,540,0.9,rat_movement=True
1,121,340,0.05,rat_movement=True
1,70,60,0.09,rat_movement=True
1,50,40,0.1,rat_movement=True
1,56,60,0.3,rat_movement=True
1,132,240,0.2,rat_movement=True
1,133,180,0.4,rat_movement=True
1,95,80,0.6,rat_movement=True
1,112,220,0.5,rat_movement=True
1,214,180,0.7,rat_movement=True
1,49,40,1.0,rat_movement=True
1,4,20,0.0,rat_movement=True
1,232,220,0.9,rat_movement=True
1,324,280,0.8,rat_movement=True
1,34,60,0.05,rat_movement=True
1,137,140,0.03,rat_movement=True
1,195,340,0.01,rat_movement=True
1,73,100,0.07,rat_movement=True
1,27,20,0.09,rat_movement=True
1,71,60,0.1,rat_movement=True
1,69,80,0.3,rat_movement=True
1,104,180,0.2,rat_movement=True
1,17,20,0.5,rat_movement=True
1,205,220,0.6,rat_movement=True
1,5,20,0.8,rat_movement=True
1,363,240,0.4,rat_movement=True
1,182,160,0.7,rat_movement=True
1,67,60,0.9,rat_movement=True
1,72,80,0.0,rat_movement=True
1,13,20,0.03,rat_movement=True
1,184,160,1.0,rat_movement=True
1,48,100,0.05,rat_movement=True
1,123,180,0.01,rat_movement=True
1,66,80,0.07,rat_movement=True
1,40,80,0.09,rat_movement=True
1,111,200,0.1,rat_movement=True
1,109,120,0.3,rat_movement=True
1,89,140,0.4,rat_movement=True
1,14,40,0.5,rat_movement=True
1,67,60,0.6,rat_movement=True
1,23,80,0.7,rat_movement=True
1,586,920,0.2,rat_movement=True
1,166,240,0.9,rat_movement=True
1,40,80,0.01,rat_movement=True
1,286,260,0.8,rat_movement=True
1,257,220,1.0,rat_movement=True
1,103,140,0.03,rat_movement=True
1,55,80,0.07,rat_movement=True
1,113,160,0.05,rat_movement=True
1,43,100,0.09,rat_movement=True
1,25,40,0.2,rat_movement=True
1,257,200,0.1,rat_movement=True
1,97,160,0.3,rat_movement=True
1,32,100,0.5,rat_movement=True
1,312,500,0.6,rat_movement=True
1,53,80,0.8,rat_movement=True
1,255,220,0.7,rat_movement=True
1,51,40,1.0,rat_movement=True
1,407,320,0.9,rat_movement=True
1,67,140,0.03,rat_movement=True
1,32,60,0.05,rat_movement=True
1,147,420,0.01,rat_movement=True
1,65,120,0.07,rat_movement=True
1,25,20,0.09,rat_movement=True
1,678,700,0.0,rat_movement=True
1,69,60,0.1,rat_movement=True
1,27,120,0.2,rat_movement=True
1,29,20,0.3,rat_movement=True
1,62,60,0.4,rat_movement=True
1,1862,2080,0.4,rat_movement=True
1,40,60,0.5,rat_movement=True
1,217,260,0.6,rat_movement=True
1,99,100,0.7,rat_movement=True
1,82,140,0.9,rat_movement=True
1,51,40,1.0,rat_movement=True
1,71,100,0.0,rat_movement=True
1,76,80,0.01,rat_movement=True
1,94,160,0.03,rat_movement=True
1,107,120,0.05,rat_movement=True
1,167,300,0.07,rat_movement=True
1,73,160,0.1,rat_movement=True
1,178,320,0.09,rat_movement=True
1,99,240,0.2,rat_movement=True
1,1129,1000,0.8,rat_movement=True
1,40,100,0.5,rat_movement=True
1,187,160,0.3,rat_movement=True
1,61,80,0.6,rat_movement=True
1,43,40,0.7,rat_movement=True
1,167,480,0.4,rat_movement=True
1,8,20,0.8,rat_movement=True
1,25,20,0.9,rat_movement=True
1,20,40,0.0,rat_movement=True
1,125,120,1.0,rat_movement=True
1,68,100,0.03,rat_movement=True
1,265,440,0.01,rat_movement=True
1,143,140,0.05,rat_movement=True
1,26,20,0.09,rat_movement=True
1,246,400,0.07,rat_movement=True
1,146,120,0.3,rat_movement=True
1,204,480,0.2,rat_movement=True
1,143,120,0.4,rat_movement=True
1,17,80,0.6,rat_movement=True
1,166,240,0.5,rat_movement=True
1,59,40,0.7,rat_movement=True
1,96,80,0.8,rat_movement=True
1,810,1100,0.1,rat_movement=True
1,113,120,0.01,rat_movement=True
1,14,20,0.03,rat_movement=True
1,10,20,0.05,rat_movement=True
1,421,380,1.0,rat_movement=True
1,5,20,0.09,rat_movement=True
1,44,60,0.1,rat_movement=True
1,184,400,0.07,rat_movement=True
1,86,120,0.2,rat_movement=True
1,70,200,0.3,rat_movement=True
1,185,260,0.4,rat_movement=True
1,76,120,0.5,rat_movement=True
1,1597,1180,0.9,rat_movement=True
1,34,60,0.6,rat_movement=True
1,106,120,0.7,rat_movement=True
1,11,20,0.9,rat_movement=True
1,83,160,0.8,rat_movement=True
1,108,100,0.0,rat_movement=True
1,121,180,1.0,rat_movement=True
1,1809,1760,0.0,rat_movement=True
1,63,180,0.05,rat_movement=True
1,152,260,0.03,rat_movement=True
1,298,300,0.01,rat_movement=True
1,110,160,0.09,rat_movement=True
1,148,300,0.07,rat_movement=True
1,32,80,0.2,rat_movement=True
1,144,140,0.1,rat_movement=True
1,183,240,0.3,rat_movement=True
1,185,200,0.5,rat_movement=True
1,338,500,0.4,rat_movement=True
1,77,80,0.7,rat_movement=True
1,51,40,0.9,rat_movement=True
1,337,260,0.8,rat_movement=True
1,28,20,1.0,rat_movement=True
1,44,40,0.03,rat_movement=True
1,111,100,0.05,rat_movement=True
1,287,400,0.01,rat_movement=True
1,96,140,0.07,rat_movement=True
1,12,20,0.09,rat_movement=True
1,1105,1080,0.6,rat_movement=True
1,66,60,0.1,rat_movement=True
1,8,60,0.3,rat_movement=True
1,64,140,0.4,rat_movement=True
1,56,80,0.7,rat_movement=True
1,324,560,0.2,rat_movement=True
1,238,460,0.5,rat_movement=True
1,268,220,0.6,rat_movement=True
1,144,140,0.8,rat_movement=True
1,68,80,0.0,rat_movement=True
1,206,300,0.01,rat_movement=True
1,10,60,0.05,rat_movement=True
1,114,160,0.03,rat_movement=True
1,81,240,0.07,rat_movement=True
1,733,600,1.0,rat_movement=True
1,818,720,0.9,rat_movement=True
1,143,240,0.09,rat_movement=True
1,57,180,0.3,rat_movement=True
1,149,320,0.2,rat_movement=True
1,93,80,0.5,rat_movement=True
1,141,80,0.4,rat_movement=True
1,104,100,0.6,rat_movement=True
1,384,600,0.1,rat_movement=True
1,96,180,0.8,rat_movement=True
1,198,160,0.7,rat_movement=True
1,114,140,0.9,rat_movement=True
1,54,40,0.0,rat_movement=True
1,135,160,1.0,rat_movement=True
1,105,220,0.01,rat_movement=True
1,180,320,0.03,rat_movement=True
1,94,180,0.07,rat_movement=True
1,295,480,0.05,rat_movement=True
1,100,260,0.09,rat_movement=True
1,26,40,0.2,rat_movement=True
1,117,140,0.1,rat_movement=True
1,72,80,0.3,rat_movement=True
1,184,220,0.4,rat_movement=True
1,122,280,0.5,rat_movement=True
1,83,180,0.6,rat_movement=True
1,54,40,0.7,rat_movement=True
1,15,40,0.9,rat_movement=True
1,399,340,0.8,rat_movement=True
1,11,20,0.0,rat_movement=True
1,15,40,0.05,rat_movement=True
1,257,280,0.01,rat_movement=True
1,144,260,0.03,rat_movement=True
1,643,640,1.0,rat_movement=True
1,28,40,0.2,rat_movement=True
1,141,200,0.07,rat_movement=True
1,121,220,0.1,rat_movement=True
1,285,420,0.09,rat_movement=True
1,19,20,0.6,rat_movement=True
1,205,400,0.3,rat_movement=True
1,46,80,0.7,rat_movement=True
1,466,640,0.4,rat_movement=True
1,381,380,0.5,rat_movement=True
1,220,180,0.9,rat_movement=True
1,311,340,0.8,rat_movement=True
1,73,80,0.03,rat_movement=True
1,26,80,0.05,rat_movement=True
1,61,80,0.07,rat_movement=True
1,69,100,0.09,rat_movement=True
1,402,660,0.01,rat_movement=True
1,83,160,0.1,rat_movement=True
1,68,60,0.3,rat_movement=True
1,140,100,0.2,rat_movement=True
1,29,20,0.5,rat_movement=True
1,129,300,0.6,rat_movement=True
1,8,20,0.7,rat_movement=True
1,1340,1200,1.0,rat_movement=True
1,558,460,0.4,rat_movement=True
1,143,140,0.8,rat_movement=True
1,86,100,0.9,rat_movement=True
1,226,380,1.0,rat_movement=True
1,1676,1740,0.0,rat_movement=True
1,84,100,0.01,rat_movement=True
1,34,100,0.05,rat_movement=True
1,38,40,0.07,rat_movement=True
1,286,720,0.03,rat_movement=True
1,31,40,0.1,rat_movement=True
1,171,280,0.09,rat_movement=True
1,39,20,0.2,rat_movement=True
1,37,80,0.3,rat_movement=True
1,65,80,0.4,rat_movement=True
1,1186,1380,0.0,rat_movement=True
1,237,440,0.5,rat_movement=True
1,126,160,0.8,rat_movement=True
1,50,40,0.9,rat_movement=True
1,404,600,0.7,rat_movement=True
1,76,80,0.0,rat_movement=True
1,205,280,1.0,rat_movement=True
1,84,140,0.03,rat_movement=True
1,30,40,0.05,rat_movement=True
1,319,400,0.01,rat_movement=True
1,21,60,0.09,rat_movement=True
1,1144,920,0.6,rat_movement=True
1,161,400,0.07,rat_movement=True
1,154,320,0.1,rat_movement=True
1,145,200,0.2,rat_movement=True
1,88,200,0.3,rat_movement=True
1,28,40,0.4,rat_movement=True
1,0,20,0.5,rat_movement=True
1,67,160,0.6,rat_movement=True
1,84,100,0.7,rat_movement=True
1,53,60,0.8,rat_movement=True
1,2,40,0.9,rat_movement=True
1,18,20,0.01,rat_movement=True
1,581,640,1.0,rat_movement=True
1,25,120,0.03,rat_movement=True
1,619,680,0.0,rat_movement=True
1,19,20,0.09,rat_movement=True
1,91,220,0.07,rat_movement=True
1,32,20,0.1,rat_movement=True
1,231,420,0.05,rat_movement=True
1,78,100,0.2,rat_movement=True
1,5,40,0.5,rat_movement=True
1,180,160,0.3,rat_movement=True
1,253,520,0.4,rat_movement=True
1,236,400,0.7,rat_movement=True
1,270,200,0.8,rat_movement=True
1,618,600,0.6,rat_movement=True
1,291,380,0.9,rat_movement=True
1,113,140,0.01,rat_movement=True
1,54,120,0.03,rat_movement=True
1,417,440,1.0,rat_movement=True
1,47,40,0.07,rat_movement=True
1,193,320,0.05,rat_movement=True
1,97,140,0.09,rat_movement=True
1,740,740,0.0,rat_movement=True
1,133,260,0.1,rat_movement=True
1,49,60,0.3,rat_movement=True
1,108,180,0.2,rat_movement=True
1,71,80,0.4,rat_movement=True
1,156,120,0.6,rat_movement=True
1,369,340,0.5,rat_movement=True
1,44,140,0.8,rat_movement=True
1,48,40,0.9,rat_movement=True
1,374,340,0.7,rat_movement=True
1,48,160,0.01,rat_movement=True
1,158,200,1.0,rat_movement=True
1,36,80,0.05,rat_movement=True
1,137,360,0.03,rat_movement=True
1,44,40,0.09,rat_movement=True
1,102,160,0.07,rat_movement=True
1,50,40,0.1,rat_movement=True
1,75,180,0.2,rat_movement=True
1,138,220,0.3,rat_movement=True
1,23,40,0.5,rat_movement=True
1,17,40,0.6,rat_movement=True
1,285,440,0.4,rat_movement=True
1,51,60,0.8,rat_movement=True
1,21,20,0.9,rat_movement=True
1,376,400,0.7,rat_movement=True
1,129,140,1.0,rat_movement=True
1,77,60,0.0,rat_movement=True
1,30,100,0.01,rat_movement=True
1,72,200,0.03,rat_movement=True
1,32,140,0.05,rat_movement=True
1,1956,1840,0.0,rat_movement=True
1,14,40,0.1,rat_movement=True
1,67,120,0.09,rat_movement=True
1,10,40,0.3,rat_movement=True
1,35,40,0.4,rat_movement=True
1,324,540,0.2,rat_movement=True
1,631,880,0.07,rat_movement=True
1,259,260,0.5,rat_movement=True
1,13,60,0.8,rat_movement=True
1,44,40,0.9,rat_movement=True
1,53,40,1.0,rat_movement=True
1,250,260,0.7,rat_movement=True
1,35,20,0.0,rat_movement=True
1,753,740,0.6,rat_movement=True
1,80,60,0.05,rat_movement=True
1,198,440,0.01,rat_movement=True
1,57,40,0.07,rat_movement=True
1,24,20,0.1,rat_movement=True
1,306,680,0.03,rat_movement=True
1,48,80,0.2,rat_movement=True
1,65,100,0.3,rat_movement=True
1,338,300,0.09,rat_movement=True
1,148,180,0.4,rat_movement=True
1,160,180,0.5,rat_movement=True
1,443,360,0.6,rat_movement=True
1,174,160,0.8,rat_movement=True
1,206,360,0.9,rat_movement=True
1,84,80,0.0,rat_movement=True
1,145,220,0.03,rat_movement=True
1,653,800,0.7,rat_movement=True
1,367,320,1.0,rat_movement=True
1,22,60,0.05,rat_movement=True
1,318,460,0.01,rat_movement=True
1,61,120,0.07,rat_movement=True
1,24,20,0.09,rat_movement=True
1,24,20,0.1,rat_movement=True
1,35,80,0.2,rat_movement=True
1,17,20,0.4,rat_movement=True
1,96,200,0.3,rat_movement=True
1,50,200,0.5,rat_movement=True
1,62,60,0.6,rat_movement=True
1,4,20,0.7,rat_movement=True
1,23,160,0.9,rat_movement=True
1,53,120,0.01,rat_movement=True
1,30,60,0.03,rat_movement=True
1,236,280,0.0,rat_movement=True
1,310,500,0.8,rat_movement=True
1,106,140,0.05,rat_movement=True
1,394,320,1.0,rat_movement=True
1,122,180,0.07,rat_movement=True
1,5,20,0.1,rat_movement=True
1,85,160,0.09,rat_movement=True
1,87,180,0.2,rat_movement=True
1,48,60,0.4,rat_movement=True
1,32,100,0.5,rat_movement=True
1,93,80,0.6,rat_movement=True
1,320,400,0.3,rat_movement=True
1,65,40,0.8,rat_movement=True
1,142,120,0.7,rat_movement=True
1,191,280,0.9,rat_movement=True
1,349,320,1.0,rat_movement=True
1,185,380,0.03,rat_movement=True
1,43,60,0.07,rat_movement=True
1,160,80,0.05,rat_movement=True
1,45,100,0.2,rat_movement=True
1,129,160,0.1,rat_movement=True
1,652,740,0.01,rat_movement=True
1,259,380,0.09,rat_movement=True
1,37,40,0.3,rat_movement=True
1,29,20,0.4,rat_movement=True
1,32,40,0.5,rat_movement=True
1,129,120,0.6,rat_movement=True
1,1169,1400,0.0,rat_movement=True
1,160,180,0.9,rat_movement=True
1,598,580,0.7,rat_movement=True
1,599,560,1.0,rat_movement=True
1,36,80,0.03,rat_movement=True
1,427,840,0.01,rat_movement=True
1,644,800,0.0,rat_movement=True
1,84,80,0.09,rat_movement=True
1,64,120,0.1,rat_movement=True
1,218,440,0.07,rat_movement=True
1,19,20,0.2,rat_movement=True
1,142,260,0.3,rat_movement=True
1,470,960,0.05,rat_movement=True
1,51,40,0.5,rat_movement=True
1,58,40,0.7,rat_movement=True
1,304,200,0.4,rat_movement=True
1,139,220,0.6,rat_movement=True
1,32,20,0.8,rat_movement=True
1,45,20,1.0,rat_movement=True
1,87,180,0.01,rat_movement=True
1,85,100,0.03,rat_movement=True
1,13,60,0.05,rat_movement=True
1,585,520,0.9,rat_movement=True
1,76,120,0.07,rat_movement=True
1,105,140,0.09,rat_movement=True
1,625,680,0.0,rat_movement=True
1,75,100,0.1,rat_movement=True
1,25,80,0.2,rat_movement=True
1,27,40,0.4,rat_movement=True
1,66,80,0.3,rat_movement=True
1,83,60,0.6,rat_movement=True
1,6,20,0.8,rat_movement=True
1,166,160,0.7,rat_movement=True
1,36,60,0.9,rat_movement=True
1,10,20,0.0,rat_movement=True
1,288,280,0.5,rat_movement=True
1,92,180,0.01,rat_movement=True
1,280,240,1.0,rat_movement=True
1,6,20,0.07,rat_movement=True
1,34,60,0.09,rat_movement=True
1,203,260,0.03,rat_movement=True
1,74,100,0.1,rat_movement=True
1,48,60,0.2,rat_movement=True
1,39,80,0.3,rat_movement=True
1,440,540,0.05,rat_movement=True
1,166,140,0.4,rat_movement=True
1,71,120,0.6,rat_movement=True
1,38,160,0.7,rat_movement=True
1,151,120,0.5,rat_movement=True
1,80,140,0.8,rat_movement=True
1,39,20,0.01,rat_movement=True
1,312,260,1.0,rat_movement=True
1,368,440,0.9,rat_movement=True
1,40,40,0.07,rat_movement=True
1,72,240,0.03,rat_movement=True
1,93,140,0.05,rat_movement=True
1,75,120,0.09,rat_movement=True
1,77,80,0.1,rat_movement=True
1,9,20,0.2,rat_movement=True
1,969,1020,0.0,rat_movement=True
1,163,260,0.3,rat_movement=True
1,44,140,0.5,rat_movement=True
1,162,100,0.4,rat_movement=True
1,186,260,0.6,rat_movement=True
1,232,220,0.7,rat_movement=True
1,33,40,1.0,rat_movement=True
1,135,160,0.8,rat_movement=True
1,82,120,0.0,rat_movement=True
1,42,100,0.01,rat_movement=True
1,12,40,0.05,rat_movement=True
1,90,160,0.03,rat_movement=True
1,26,20,0.09,rat_movement=True
1,108,140,0.07,rat_movement=True
1,144,160,0.1,rat_movement=True
1,140,180,0.2,rat_movement=True
1,102,260,0.3,rat_movement=True
1,129,160,0.4,rat_movement=True
1,127,120,0.5,rat_movement=True
1,43,40,0.7,rat_movement=True
1,188,180,0.8,rat_movement=True
1,176,140,0.9,rat_movement=True
1,918,980,0.9,rat_movement=True
1,320,260,0.6,rat_movement=True
1,134,140,1.0,rat_movement=True
1,48,40,0.01,rat_movement=True
1,118,200,0.05,rat_movement=True
1,200,380,0.03,rat_movement=True
1,182,380,0.07,rat_movement=True
1,28,80,0.1,rat_movement=True
1,6,20,0.2,rat_movement=True
1,327,400,0.0,rat_movement=True
1,7,40,0.3,rat_movement=True
1,154,360,0.09,rat_movement=True
1,27,60,0.6,rat_movement=True
1,191,380,0.5,rat_movement=True
1,315,660,0.4,rat_movement=True
1,56,40,0.9,rat_movement=True
1,160,260,0.7,rat_movement=True
1,31,20,1.0,rat_movement=True
1,177,140,0.8,rat_movement=True
1,22,20,0.03,rat_movement=True
1,34,60,0.01,rat_movement=True
1,63,140,0.07,rat_movement=True
1,141,140,0.05,rat_movement=True
1,31,20,0.1,rat_movement=True
1,160,200,0.09,rat_movement=True
1,98,160,0.2,rat_movement=True
1,13,20,0.4,rat_movement=True
1,432,520,0.0,rat_movement=True
1,164,100,0.3,rat_movement=True
1,66,80,0.6,rat_movement=True
1,381,500,0.5,rat_movement=True
1,285,340,0.8,rat_movement=True
1,200,340,1.0,rat_movement=True
1,49,100,0.01,rat_movement=True
1,758,620,0.7,rat_movement=True
1,259,360,0.0,rat_movement=True
1,79,160,0.05,rat_movement=True
1,114,180,0.03,rat_movement=True
1,50,140,0.07,rat_movement=True
1,63,120,0.1,rat_movement=True
1,92,140,0.09,rat_movement=True
1,721,580,0.9,rat_movement=True
1,101,100,0.2,rat_movement=True
1,95,80,0.5,rat_movement=True
1,373,380,0.3,rat_movement=True
1,439,440,0.4,rat_movement=True
1,261,220,0.6,rat_movement=True
1,170,180,0.8,rat_movement=True
1,45,40,1.0,rat_movement=True
1,193,340,0.9,rat_movement=True
1,74,140,0.03,rat_movement=True
1,535,400,0.7,rat_movement=True
1,155,200,0.01,rat_movement=True
1,57,80,0.07,rat_movement=True
1,60,100,0.09,rat_movement=True
1,89,240,0.05,rat_movement=True
1,166,300,0.1,rat_movement=True
1,152,240,0.2,rat_movement=True
1,211,200,0.4,rat_movement=True
1,305,280,0.3,rat_movement=True
1,226,180,0.5,rat_movement=True
1,67,80,0.8,rat_movement=True
1,27,40,0.9,rat_movement=True
1,1295,1500,0.0,rat_movement=True
1,198,220,0.0,rat_movement=True
1,171,220,0.01,rat_movement=True
1,472,820,0.6,rat_movement=True
1,72,80,0.05,rat_movement=True
1,493,480,1.0,rat_movement=True
1,54,120,0.07,rat_movement=True
1,136,260,0.03,rat_movement=True
1,21,20,0.1,rat_movement=True
1,119,140,0.09,rat_movement=True
1,91,220,0.2,rat_movement=True
1,1003,1060,0.7,rat_movement=True
1,35,40,0.5,rat_movement=True
1,262,300,0.4,rat_movement=True
1,317,420,0.3,rat_movement=True
1,29,20,0.7,rat_movement=True
1,143,280,0.6,rat_movement=True
1,152,220,0.9,rat_movement=True
1,335,280,0.8,rat_movement=True
1,415,360,1.0,rat_movement=True
1,85,140,0.03,rat_movement=True
1,33,60,0.05,rat_movement=True
1,312,600,0.01,rat_movement=True
1,22,60,0.09,rat_movement=True
1,788,860,0.0,rat_movement=True
1,298,500,0.07,rat_movement=True
1,51,40,0.1,rat_movement=True
1,11,40,0.2,rat_movement=True
1,53,60,0.3,rat_movement=True
1,12,20,0.4,rat_movement=True
1,294,400,0.5,rat_movement=True
1,63,140,0.7,rat_movement=True
1,4,40,1.0,rat_movement=True
1,0,0,0.0,rat_movement=True
1,254,220,0.9,rat_movement=True
1,593,580,0.6,rat_movement=True
1,112,200,0.03,rat_movement=True
1,38,200,0.05,rat_movement=True
1,5,20,0.09,rat_movement=True
1,113,80,0.07,rat_movement=True
1,802,660,0.8,rat_movement=True
1,37,100,0.1,rat_movement=True
1,26,20,0.3,rat_movement=True
1,76,140,0.2,rat_movement=True
1,635,760,0.01,rat_movement=True
1,28,100,0.5,rat_movement=True
1,110,240,0.4,rat_movement=True
1,153,260,0.6,rat_movement=True
1,103,140,0.7,rat_movement=True
1,71,60,0.9,rat_movement=True
1,143,280,0.8,rat_movement=True
1,70,120,0.0,rat_movement=True
1,46,80,0.05,rat_movement=True
1,183,220,0.01,rat_movement=True
1,9,40,0.07,rat_movement=True
1,120,220,0.03,rat_movement=True
1,357,320,1.0,rat_movement=True
1,59,100,0.09,rat_movement=True
1,75,120,0.1,rat_movement=True
1,104,100,0.2,rat_movement=True
1,129,160,0.3,rat_movement=True
1,243,260,0.4,rat_movement=True
1,173,160,0.6,rat_movement=True
1,275,780,0.5,rat_movement=True
1,29,20,0.8,rat_movement=True
1,89,80,0.9,rat_movement=True
1,242,440,0.7,rat_movement=True
1,131,140,0.01,rat_movement=True
1,187,260,0.0,rat_movement=True
1,33,100,0.03,rat_movement=True
1,34,60,0.05,rat_movement=True
1,369,340,1.0,rat_movement=True
1,173,420,0.07,rat_movement=True
1,184,360,0.09,rat_movement=True
1,46,100,0.2,rat_movement=True
1,26,60,0.3,rat_movement=True
1,114,200,0.1,rat_movement=True
1,128,100,0.5,rat_movement=True
1,168,220,0.4,rat_movement=True
1,157,120,0.7,rat_movement=True
1,223,280,0.8,rat_movement=True
1,410,420,0.6,rat_movement=True
1,47,40,1.0,rat_movement=True
1,17,60,0.01,rat_movement=True
1,355,340,0.9,rat_movement=True
1,71,120,0.05,rat_movement=True
1,73,180,0.07,rat_movement=True
1,387,520,0.0,rat_movement=True
1,90,140,0.2,rat_movement=True
1,192,380,0.09,rat_movement=True
1,182,220,0.1,rat_movement=True
1,470,640,0.03,rat_movement=True
1,30,100,0.4,rat_movement=True
1,47,160,0.5,rat_movement=True
1,254,440,0.3,rat_movement=True
1,8,20,0.8,rat_movement=True
1,391,280,0.6,rat_movement=True
1,126,220,1.0,rat_movement=True
1,209,260,0.0,rat_movement=True
1,663,580,0.7,rat_movement=True
1,118,60,0.03,rat_movement=True
1,242,520,0.01,rat_movement=True
1,100,200,0.05,rat_movement=True
1,640,880,0.9,rat_movement=True
1,30,80,0.09,rat_movement=True
1,150,340,0.07,rat_movement=True
1,159,320,0.1,rat_movement=True
1,121,140,0.2,rat_movement=True
1,54,80,0.3,rat_movement=True
1,74,100,0.6,rat_movement=True
1,250,240,0.5,rat_movement=True
1,446,440,0.4,rat_movement=True
1,200,160,0.7,rat_movement=True
1,85,80,1.0,rat_movement=True
1,343,320,0.8,rat_movement=True
1,30,60,0.01,rat_movement=True
1,275,240,0.9,rat_movement=True
1,106,120,0.03,rat_movement=True
1,35,60,0.07,rat_movement=True
1,19,20,0.09,rat_movement=True
1,33,120,0.1,rat_movement=True
1,77,100,0.3,rat_movement=True
1,461,760,0.05,rat_movement=True
1,13,20,0.5,rat_movement=True
1,25,20,0.6,rat_movement=True
1,907,900,0.0,rat_movement=True
1,327,480,0.2,rat_movement=True
1,27,20,0.8,rat_movement=True
1,347,380,0.4,rat_movement=True
1,275,300,0.7,rat_movement=True
1,199,160,1.0,rat_movement=True
1,255,420,0.01,rat_movement=True
1,815,820,0.9,rat_movement=True
1,28,60,0.05,rat_movement=True
1,141,280,0.03,rat_movement=True
1,96,180,0.09,rat_movement=True
1,120,180,0.07,rat_movement=True
1,846,980,0.0,rat_movement=True
1,119,180,0.1,rat_movement=True
1,105,120,0.2,rat_movement=True
1,104,360,0.3,rat_movement=True
1,120,200,0.4,rat_movement=True
1,145,220,0.5,rat_movement=True
1,95,120,0.7,rat_movement=True
1,173,240,0.6,rat_movement=True
1,95,80,0.8,rat_movement=True
1,109,120,0.9,rat_movement=True
1,4,20,0.03,rat_movement=True
1,186,160,1.0,rat_movement=True
1,137,280,0.01,rat_movement=True
1,111,240,0.05,rat_movement=True
1,98,160,0.09,rat_movement=True
1,21,20,0.2,rat_movement=True
1,81,120,0.1,rat_movement=True
1,93,100,0.4,rat_movement=True
1,211,180,0.3,rat_movement=True
1,57,100,0.5,rat_movement=True
1,542,1020,0.07,rat_movement=True
1,152,120,0.7,rat_movement=True
1,280,340,0.6,rat_movement=True
1,30,20,0.0,rat_movement=True
1,120,100,0.01,rat_movement=True
1,86,80,0.03,rat_movement=True
1,155,160,0.05,rat_movement=True
1,770,640,0.9,rat_movement=True
1,31,60,0.07,rat_movement=True
1,822,740,1.0,rat_movement=True
1,57,100,0.09,rat_movement=True
1,15,20,0.1,rat_movement=True
1,18,20,0.2,rat_movement=True
1,1269,1000,0.8,rat_movement=True
1,32,20,0.3,rat_movement=True
1,109,100,0.5,rat_movement=True
1,15,20,0.7,rat_movement=True
1,229,460,0.4,rat_movement=True
1,47,60,0.8,rat_movement=True
1,17,20,1.0,rat_movement=True
1,280,220,0.9,rat_movement=True
1,95,140,0.03,rat_movement=True
1,42,140,0.05,rat_movement=True
1,95,180,0.07,rat_movement=True
1,470,580,0.01,rat_movement=True
1,602,640,0.0,rat_movement=True
1,1096,980,0.6,rat_movement=True
1,70,80,0.2,rat_movement=True
1,8,20,0.4,rat_movement=True
1,404,820,0.1,rat_movement=True
1,281,620,0.3,rat_movement=True
1,55,40,1.0,rat_movement=True
1,691,720,0.5,rat_movement=True
1,1,20,0.01,rat_movement=True
1,437,420,0.9,rat_movement=True
1,82,100,0.03,rat_movement=True
1,769,1180,0.6,rat_movement=True
1,112,400,0.05,rat_movement=True
1,35,20,0.07,rat_movement=True
1,1014,880,0.8,rat_movement=True
1,523,540,0.0,rat_movement=True
1,64,160,0.09,rat_movement=True
1,39,20,0.1,rat_movement=True
1,123,320,0.2,rat_movement=True
1,38,60,0.4,rat_movement=True
1,157,280,0.3,rat_movement=True
1,41,180,0.6,rat_movement=True
1,32,100,0.7,rat_movement=True
1,1767,1360,0.7,rat_movement=True
1,2273,2400,0.09,rat_movement=True
1,262,280,0.5,rat_movement=True
1,52,60,0.8,rat_movement=True
1,66,180,0.01,rat_movement=True
1,203,200,1.0,rat_movement=True
1,11,20,0.03,rat_movement=True
1,40,100,0.05,rat_movement=True
1,55,60,0.07,rat_movement=True
1,39,80,0.09,rat_movement=True
1,32,100,0.1,rat_movement=True
1,28,20,0.3,rat_movement=True
1,125,120,0.2,rat_movement=True
1,563,680,0.0,rat_movement=True
1,54,80,0.4,rat_movement=True
1,67,60,0.5,rat_movement=True
1,857,780,0.9,rat_movement=True
1,17,20,0.6,rat_movement=True
1,29,20,0.8,rat_movement=True
1,84,80,0.9,rat_movement=True
1,67,40,1.0,rat_movement=True
1,81,100,0.0,rat_movement=True
1,35,80,0.01,rat_movement=True
1,276,320,0.7,rat_movement=True
1,69,160,0.07,rat_movement=True
1,163,400,0.05,rat_movement=True
1,70,80,0.09,rat_movement=True
1,46,60,0.2,rat_movement=True
1,140,280,0.1,rat_movement=True
1,159,340,0.3,rat_movement=True
1,32,140,0.4,rat_movement=True
1,46,40,0.5,rat_movement=True
1,556,920,0.03,rat_movement=True
1,75,120,0.7,rat_movement=True
1,26,20,0.8,rat_movement=True
1,104,80,1.0,rat_movement=True
1,225,240,0.9,rat_movement=True
1,92,100,0.01,rat_movement=True
1,59,120,0.03,rat_movement=True
1,54,80,0.07,rat_movement=True
1,889,780,0.6,rat_movement=True
1,138,140,0.05,rat_movement=True
1,70,60,0.09,rat_movement=True
1,65,60,0.1,rat_movement=True
1,504,540,0.0,rat_movement=True
1,74,60,0.2,rat_movement=True
1,27,20,0.4,rat_movement=True
1,117,180,0.3,rat_movement=True
1,129,100,0.5,rat_movement=True
1,259,300,0.6,rat_movement=True
1,542,740,0.7,rat_movement=True
1,335,520,1.0,rat_movement=True
1,171,260,0.01,rat_movement=True
1,73,140,0.03,rat_movement=True
1,870,780,0.8,rat_movement=True
1,684,640,0.9,rat_movement=True
1,140,180,0.05,rat_movement=True
1,7,20,0.09,rat_movement=True
1,48,220,0.07,rat_movement=True
1,101,120,0.3,rat_movement=True
1,214,400,0.1,rat_movement=True
1,254,320,0.2,rat_movement=True
1,185,160,0.4,rat_movement=True
1,232,220,0.5,rat_movement=True
1,79,100,0.8,rat_movement=True
1,9,20,0.9,rat_movement=True
1,254,280,0.7,rat_movement=True
1,1327,1520,0.0,rat_movement=True
1,382,380,0.6,rat_movement=True
1,188,220,1.0,rat_movement=True
1,103,100,0.0,rat_movement=True
1,101,240,0.03,rat_movement=True
1,65,80,0.05,rat_movement=True
1,285,480,0.01,rat_movement=True
1,60,140,0.07,rat_movement=True
1,100,120,0.1,rat_movement=True
1,23,20,0.2,rat_movement=True
1,230,500,0.09,rat_movement=True
1,106,80,0.3,rat_movement=True
1,48,80,0.5,rat_movement=True
1,199,280,0.4,rat_movement=True
1,151,220,0.6,rat_movement=True
1,77,60,0.7,rat_movement=True
1,43,60,0.9,rat_movement=True
1,105,100,1.0,rat_movement=True
1,82,80,0.01,rat_movement=True
1,67,100,0.03,rat_movement=True
1,430,520,0.8,rat_movement=True
1,84,100,0.05,rat_movement=True
1,22,40,0.09,rat_movement=True
1,103,120,0.07,rat_movement=True
1,15,40,0.2,rat_movement=True
1,36,20,0.3,rat_movement=True
1,101,100,0.1,rat_movement=True
1,48,120,0.4,rat_movement=True
1,623,900,0.0,rat_movement=True
1,100,200,0.6,rat_movement=True
1,65,80,0.7,rat_movement=True
1,59,80,0.8,rat_movement=True
1,28,60,0.0,rat_movement=True
1,429,420,0.5,rat_movement=True
1,109,140,0.01,rat_movement=True
1,367,320,0.9,rat_movement=True
1,113,140,0.05,rat_movement=True
1,97,100,0.07,rat_movement=True
1,418,400,1.0,rat_movement=True
1,74,40,0.1,rat_movement=True
1,225,480,0.03,rat_movement=True
1,116,80,0.09,rat_movement=True
1,9,20,0.3,rat_movement=True
1,134,360,0.2,rat_movement=True
1,26,80,0.7,rat_movement=True
1,124,100,0.6,rat_movement=True
1,211,180,0.5,rat_movement=True
1,42,40,0.9,rat_movement=True
1,71,80,1.0,rat_movement=True
1,250,420,0.8,rat_movement=True
1,583,760,0.4,rat_movement=True
1,242,280,0.01,rat_movement=True
1,44,80,0.03,rat_movement=True
1,54,120,0.07,rat_movement=True
1,106,200,0.05,rat_movement=True
1,101,100,0.09,rat_movement=True
1,34,80,0.1,rat_movement=True
1,59,80,0.2,rat_movement=True
1,111,200,0.3,rat_movement=True
1,73,160,0.5,rat_movement=True
1,162,200,0.4,rat_movement=True
1,160,240,0.7,rat_movement=True
1,9,20,0.9,rat_movement=True
1,189,380,0.6,rat_movement=True
1,61,60,1.0,rat_movement=True
1,40,40,0.0,rat_movement=True
1,39,40,0.01,rat_movement=True
1,391,340,0.8,rat_movement=True
1,148,340,0.03,rat_movement=True
1,89,160,0.05,rat_movement=True
1,176,320,0.07,rat_movement=True
1,87,80,0.09,rat_movement=True
1,66,220,0.1,rat_movement=True
1,35,20,0.2,rat_movement=True
1,50,40,0.3,rat_movement=True
1,112,220,0.4,rat_movement=True
1,183,180,0.5,rat_movement=True
1,101,120,0.7,rat_movement=True
1,41,60,0.8,rat_movement=True
1,316,240,0.6,rat_movement=True
1,15,20,1.0,rat_movement=True
1,51,120,0.0,rat_movement=True
1,107,220,0.03,rat_movement=True
1,460,640,0.9,rat_movement=True
1,47,40,0.07,rat_movement=True
1,59,80,0.09,rat_movement=True
1,382,460,0.01,rat_movement=True
1,399,480,0.05,rat_movement=True
1,68,60,0.3,rat_movement=True
1,252,340,0.1,rat_movement=True
1,34,60,0.4,rat_movement=True
1,125,200,0.2,rat_movement=True
1,76,160,0.5,rat_movement=True
1,37,80,0.7,rat_movement=True
1,130,180,0.6,rat_movement=True
1,63,140,0.9,rat_movement=True
1,191,200,0.8,rat_movement=True
1,70,80,0.0,rat_movement=True
1,53,60,0.03,rat_movement=True
1,72,200,0.01,rat_movement=True
1,225,380,1.0,rat_movement=True
1,24,40,0.09,rat_movement=True
1,175,320,0.07,rat_movement=True
1,208,420,0.05,rat_movement=True
1,151,240,0.1,rat_movement=True
1,107,180,0.2,rat_movement=True
1,129,160,0.3,rat_movement=True
1,104,100,0.5,rat_movement=True
1,118,280,0.4,rat_movement=True
1,35,60,0.7,rat_movement=True
1,40,40,0.9,rat_movement=True
1,62,80,0.8,rat_movement=True
1,194,240,0.0,rat_movement=True
1,60,40,0.01,rat_movement=True
1,506,440,0.6,rat_movement=True
1,135,160,0.03,rat_movement=True
1,48,40,0.07,rat_movement=True
1,119,240,0.05,rat_movement=True
1,694,620,1.0,rat_movement=True
1,28,80,0.2,rat_movement=True
1,17,60,0.3,rat_movement=True
1,227,460,0.09,rat_movement=True
1,207,320,0.1,rat_movement=True
1,57,140,0.4,rat_movement=True
1,4,20,0.6,rat_movement=True
1,32,40,0.7,rat_movement=True
1,92,240,0.5,rat_movement=True
1,48,40,0.9,rat_movement=True
1,131,140,0.8,rat_movement=True
1,80,60,1.0,rat_movement=True
1,66,100,0.01,rat_movement=True
1,66,100,0.03,rat_movement=True
1,30,60,0.05,rat_movement=True
1,8,20,0.09,rat_movement=True
1,84,160,0.07,rat_movement=True
1,49,120,0.1,rat_movement=True
1,628,760,0.0,rat_movement=True
1,125,260,0.2,rat_movement=True
1,12,40,0.6,rat_movement=True
1,90,80,0.4,rat_movement=True
1,270,340,0.3,rat_movement=True
1,251,180,0.5,rat_movement=True
1,246,220,0.8,rat_movement=True
1,232,500,0.7,rat_movement=True
1,26,80,0.03,rat_movement=True
1,96,100,0.05,rat_movement=True
1,11,60,0.07,rat_movement=True
1,484,620,0.0,rat_movement=True
1,642,700,0.9,rat_movement=True
1,42,180,0.09,rat_movement=True
1,423,700,0.01,rat_movement=True
1,708,660,1.0,rat_movement=True
1,80,180,0.1,rat_movement=True
1,82,100,0.2,rat_movement=True
1,69,120,0.3,rat_movement=True
1,38,40,0.5,rat_movement=True
1,56,140,0.4,rat_movement=True
1,136,120,0.7,rat_movement=True
1,332,360,0.6,rat_movement=True
1,23,20,0.9,rat_movement=True
1,58,40,1.0,rat_movement=True
1,57,100,0.0,rat_movement=True
1,330,340,0.8,rat_movement=True
1,58,60,0.03,rat_movement=True
1,84,100,0.05,rat_movement=True
1,186,300,0.01,rat_movement=True
1,78,60,0.09,rat_movement=True
1,139,120,0.07,rat_movement=True
1,36,40,0.3,rat_movement=True
1,152,240,0.1,rat_movement=True
1,134,240,0.2,rat_movement=True
1,80,60,0.5,rat_movement=True
1,100,80,0.6,rat_movement=True
1,16,20,0.7,rat_movement=True
1,36,20,0.9,rat_movement=True
1,79,220,0.8,rat_movement=True
1,145,180,1.0,rat_movement=True
1,576,700,0.4,rat_movement=True
1,62,60,0.0,rat_movement=True
1,114,140,0.01,rat_movement=True
1,92,120,0.05,rat_movement=True
1,17,20,0.07,rat_movement=True
1,241,440,0.03,rat_movement=True
1,45,40,0.1,rat_movement=True
1,35,60,0.2,rat_movement=True
1,207,320,0.09,rat_movement=True
1,168,260,0.3,rat_movement=True
1,170,140,0.4,rat_movement=True
1,189,240,0.6,rat_movement=True
1,231,240,0.7,rat_movement=True
1,303,320,0.8,rat_movement=True
1,462,560,0.5,rat_movement=True
1,125,160,0.01,rat_movement=True
1,48,80,0.05,rat_movement=True
1,55,60,0.07,rat_movement=True
1,23,60,0.09,rat_movement=True
1,947,760,0.9,rat_movement=True
1,108,120,0.1,rat_movement=True
1,1025,900,1.0,rat_movement=True
1,554,820,0.03,rat_movement=True
1,38,60,0.2,rat_movement=True
1,167,120,0.3,rat_movement=True
1,70,80,0.6,rat_movement=True
1,143,160,0.4,rat_movement=True
1,215,440,0.7,rat_movement=True
1,465,480,0.5,rat_movement=True
1,279,220,0.8,rat_movement=True
1,40,100,0.01,rat_movement=True
1,503,560,0.9,rat_movement=True
1,392,460,0.0,rat_movement=True
1,480,360,1.0,rat_movement=True
1,67,160,0.07,rat_movement=True
1,32,60,0.09,rat_movement=True
1,265,420,0.03,rat_movement=True
1,48,40,0.2,rat_movement=True
1,233,480,0.05,rat_movement=True
1,68,60,0.3,rat_movement=True
1,47,60,0.5,rat_movement=True
1,245,500,0.1,rat_movement=True
1,26,80,0.8,rat_movement=True
1,139,180,0.0,rat_movement=True
1,532,500,0.7,rat_movement=True
1,64,40,0.01,rat_movement=True
1,954,820,0.4,rat_movement=True
1,56,40,0.05,rat_movement=True
1,20,20,0.07,rat_movement=True
1,729,660,0.9,rat_movement=True
1,249,400,0.03,rat_movement=True
1,66,60,0.09,rat_movement=True
1,23,40,0.1,rat_movement=True
1,781,760,1.0,rat_movement=True
1,1233,980,0.6,rat_movement=True
1,81,80,0.3,rat_movement=True
1,100,160,0.2,rat_movement=True
1,101,100,0.6,rat_movement=True
1,233,540,0.4,rat_movement=True
1,198,200,0.7,rat_movement=True
1,19,60,0.9,rat_movement=True
1,79,80,1.0,rat_movement=True
1,277,220,0.8,rat_movement=True
1,619,720,0.0,rat_movement=True
1,107,180,0.03,rat_movement=True
1,353,760,0.05,rat_movement=True
1,38,60,0.07,rat_movement=True
1,72,140,0.09,rat_movement=True
1,1218,1440,0.01,rat_movement=True
1,112,160,0.2,rat_movement=True
1,309,400,0.1,rat_movement=True
1,106,160,0.3,rat_movement=True
1,131,80,0.4,rat_movement=True
1,32,80,0.6,rat_movement=True
1,83,120,0.5,rat_movement=True
1,46,60,0.9,rat_movement=True
1,279,280,0.8,rat_movement=True
1,357,360,0.7,rat_movement=True
1,222,220,1.0,rat_movement=True
1,107,180,0.03,rat_movement=True
1,31,60,0.07,rat_movement=True
1,16,20,0.09,rat_movement=True
1,101,180,0.1,rat_movement=True
1,312,480,0.05,rat_movement=True
1,397,620,0.01,rat_movement=True
1,86,140,0.4,rat_movement=True
1,233,460,0.3,rat_movement=True
1,22,20,0.6,rat_movement=True
1,493,560,0.2,rat_movement=True
1,1221,1420,0.0,rat_movement=True
1,489,560,0.5,rat_movement=True
1,57,40,0.9,rat_movement=True
1,374,320,0.7,rat_movement=True
1,451,400,0.8,rat_movement=True
1,19,40,0.03,rat_movement=True
1,216,280,0.0,rat_movement=True
1,28,80,0.05,rat_movement=True
1,435,660,1.0,rat_movement=True
1,129,160,0.07,rat_movement=True
1,414,680,0.01,rat_movement=True
1,35,60,0.3,rat_movement=True
1,179,300,0.1,rat_movement=True
1,338,520,0.09,rat_movement=True
1,66,40,0.4,rat_movement=True
1,111,100,0.5,rat_movement=True
1,60,80,0.7,rat_movement=True
1,247,480,0.2,rat_movement=True
1,156,380,0.6,rat_movement=True
1,180,200,0.8,rat_movement=True
1,75,60,0.01,rat_movement=True
1,111,100,1.0,rat_movement=True
1,221,160,0.9,rat_movement=True
1,16,20,0.07,rat_movement=True
1,101,240,0.05,rat_movement=True
1,170,320,0.03,rat_movement=True
1,32,60,0.1,rat_movement=True
1,186,300,0.09,rat_movement=True
1,665,700,0.0,rat_movement=True
1,443,740,0.2,rat_movement=True
1,351,340,0.4,rat_movement=True
1,286,240,0.5,rat_movement=True
1,128,140,0.6,rat_movement=True
1,198,180,0.7,rat_movement=True
1,169,160,0.8,rat_movement=True
1,336,340,0.0,rat_movement=True
1,97,200,0.05,rat_movement=True
1,208,440,0.03,rat_movement=True
1,1192,1440,0.3,rat_movement=True
1,595,600,1.0,rat_movement=True
1,112,100,0.07,rat_movement=True
1,74,160,0.09,rat_movement=True
1,54,120,0.1,rat_movement=True
1,169,180,0.2,rat_movement=True
1,1102,1500,0.01,rat_movement=True
1,148,240,0.3,rat_movement=True
1,101,100,0.4,rat_movement=True
1,145,180,0.5,rat_movement=True
1,106,120,0.6,rat_movement=True
1,55,120,0.8,rat_movement=True
1,63,60,0.9,rat_movement=True
1,300,540,0.7,rat_movement=True
1,94,120,0.01,rat_movement=True
1,136,260,0.03,rat_movement=True
1,95,120,0.05,rat_movement=True
1,364,420,0.0,rat_movement=True
1,60,60,0.07,rat_movement=True
1,18,20,0.1,rat_movement=True
1,770,660,1.0,rat_movement=True
1,101,100,0.2,rat_movement=True
1,90,120,0.3,rat_movement=True
1,152,160,0.4,rat_movement=True
1,523,780,0.09,rat_movement=True
1,131,100,0.6,rat_movement=True
1,212,200,0.5,rat_movement=True
1,86,120,0.7,rat_movement=True
1,139,180,0.9,rat_movement=True
1,97,120,0.01,rat_movement=True
1,62,100,0.03,rat_movement=True
1,62,60,0.05,rat_movement=True
1,49,40,0.07,rat_movement=True
1,27,40,0.09,rat_movement=True
1,14,40,0.1,rat_movement=True
1,45,40,0.2,rat_movement=True
1,100,80,0.4,rat_movement=True
1,407,480,0.0,rat_movement=True
1,57,40,0.5,rat_movement=True
1,166,340,0.3,rat_movement=True
1,109,100,0.7,rat_movement=True
1,144,360,0.6,rat_movement=True
1,154,300,0.8,rat_movement=True
1,82,100,1.0,rat_movement=True
1,1280,1020,1.0,rat_movement=True
1,208,300,0.01,rat_movement=True
1,180,320,0.03,rat_movement=True
1,503,440,0.9,rat_movement=True
1,115,240,0.05,rat_movement=True
1,108,160,0.07,rat_movement=True
1,81,80,0.09,rat_movement=True
1,47,40,0.2,rat_movement=True
1,73,140,0.1,rat_movement=True
1,1960,1500,0.8,rat_movement=True
1,195,260,0.3,rat_movement=True
1,57,140,0.5,rat_movement=True
1,177,160,0.4,rat_movement=True
1,128,160,0.6,rat_movement=True
1,101,100,0.7,rat_movement=True
1,73,120,0.8,rat_movement=True
1,25,80,0.9,rat_movement=True
1,1511,1460,0.0,rat_movement=True
1,83,120,0.0,rat_movement=True
1,50,100,0.01,rat_movement=True
1,48,80,0.03,rat_movement=True
1,369,400,1.0,rat_movement=True
1,55,60,0.07,rat_movement=True
1,40,160,0.09,rat_movement=True
1,213,300,0.05,rat_movement=True
1,136,220,0.1,rat_movement=True
1,124,240,0.2,rat_movement=True
1,256,200,0.4,rat_movement=True
1,282,480,0.3,rat_movement=True
1,99,80,0.6,rat_movement=True
1,158,240,0.5,rat_movement=True
1,117,80,0.7,rat_movement=True
1,90,120,1.0,rat_movement=True
1,82,100,0.01,rat_movement=True
1,54,40,0.05,rat_movement=True
1,20,60,0.07,rat_movement=True
1,759,620,0.8,rat_movement=True
1,66,80,0.09,rat_movement=True
1,93,60,0.1,rat_movement=True
1,564,840,0.03,rat_movement=True
1,82,120,0.2,rat_movement=True
1,1191,960,0.9,rat_movement=True
1,175,220,0.3,rat_movement=True
1,191,300,0.4,rat_movement=True
1,51,40,0.6,rat_movement=True
1,157,140,0.5,rat_movement=True
1,46,120,0.7,rat_movement=True
1,56,100,0.9,rat_movement=True
1,202,220,1.0,rat_movement=True
1,348,320,0.8,rat_movement=True
1,26,40,0.01,rat_movement=True
1,19,20,0.03,rat_movement=True
1,1729,2060,0.0,rat_movement=True
1,43,100,0.05,rat_movement=True
1,32,40,0.09,rat_movement=True
1,146,300,0.07,rat_movement=True
1,125,100,0.2,rat_movement=True
1,160,300,0.3,rat_movement=True
1,258,500,0.1,rat_movement=True
1,154,300,0.5,rat_movement=True
1,260,260,0.4,rat_movement=True
1,105,140,0.7,rat_movement=True
1,75,140,0.9,rat_movement=True
1,279,320,0.8,rat_movement=True
1,916,1640,0.0,rat_movement=True
1,85,140,0.01,rat_movement=True
1,172,280,0.0,rat_movement=True
1,24,40,0.03,rat_movement=True
1,42,60,0.07,rat_movement=True
1,103,140,0.05,rat_movement=True
1,5,20,0.09,rat_movement=True
1,70,60,0.1,rat_movement=True
1,818,840,1.0,rat_movement=True
1,65,140,0.3,rat_movement=True
1,122,240,0.4,rat_movement=True
1,114,180,0.5,rat_movement=True
1,49,80,0.6,rat_movement=True
1,1336,1680,0.6,rat_movement=True
1,333,720,0.2,rat_movement=True
1,149,220,0.8,rat_movement=True
1,114,140,0.01,rat_movement=True
1,480,400,0.7,rat_movement=True
1,98,60,0.03,rat_movement=True
1,101,160,0.05,rat_movement=True
1,109,120,0.07,rat_movement=True
1,517,560,1.0,rat_movement=True
1,57,160,0.09,rat_movement=True
1,46,100,0.1,rat_movement=True
1,97,180,0.3,rat_movement=True
1,890,840,0.9,rat_movement=True
1,131,140,0.4,rat_movement=True
1,233,520,0.2,rat_movement=True
1,110,160,0.6,rat_movement=True
1,888,1320,0.0,rat_movement=True
1,143,240,0.7,rat_movement=True
1,49,40,0.9,rat_movement=True
1,560,460,0.5,rat_movement=True
1,142,160,0.8,rat_movement=True
1,110,120,0.01,rat_movement=True
1,113,160,0.03,rat_movement=True
1,68,40,0.07,rat_movement=True
1,128,120,0.05,rat_movement=True
1,56,40,0.09,rat_movement=True
1,511,740,1.0,rat_movement=True
1,120,180,0.1,rat_movement=True
1,126,240,0.2,rat_movement=True
1,69,60,0.3,rat_movement=True
1,16,20,0.4,rat_movement=True
1,40,60,0.6,rat_movement=True
1,142,120,0.5,rat_movement=True
1,67,140,0.7,rat_movement=True
1,101,100,0.8,rat_movement=True
1,883,1280,0.0,rat_movement=True
1,57,120,1.0,rat_movement=True
1,11,40,0.0,rat_movement=True
1,204,280,0.9,rat_movement=True
1,41,20,0.03,rat_movement=True
1,37,20,0.07,rat_movement=True
1,17,20,0.09,rat_movement=True
1,79,120,0.1,rat_movement=True
1,20,20,0.2,rat_movement=True
1,256,380,0.05,rat_movement=True
1,22,40,0.3,rat_movement=True
1,368,560,0.01,rat_movement=True
1,20,20,0.5,rat_movement=True
1,292,280,0.4,rat_movement=True
1,29,40,0.7,rat_movement=True
1,330,280,0.6,rat_movement=True
1,56,100,0.9,rat_movement=True
1,238,220,0.8,rat_movement=True
1,52,140,0.03,rat_movement=True
1,49,80,0.05,rat_movement=True
1,271,280,0.01,rat_movement=True
1,40,60,0.07,rat_movement=True
1,64,80,0.09,rat_movement=True
1,445,620,1.0,rat_movement=True
1,90,100,0.1,rat_movement=True
1,80,160,0.2,rat_movement=True
1,6,20,0.4,rat_movement=True
1,134,260,0.3,rat_movement=True
1,738,1160,0.0,rat_movement=True
1,23,20,0.7,rat_movement=True
1,121,280,0.6,rat_movement=True
1,116,140,0.9,rat_movement=True
1,56,100,1.0,rat_movement=True
1,295,360,0.8,rat_movement=True
1,55,40,0.01,rat_movement=True
1,71,80,0.03,rat_movement=True
1,675,800,0.5,rat_movement=True
1,21,40,0.09,rat_movement=True
1,109,160,0.07,rat_movement=True
1,423,720,0.0,rat_movement=True
1,38,100,0.1,rat_movement=True
1,50,80,0.4,rat_movement=True
1,143,220,0.3,rat_movement=True
1,144,160,0.6,rat_movement=True
1,83,200,0.7,rat_movement=True
1,358,400,0.5,rat_movement=True
1,5,20,1.0,rat_movement=True
1,118,180,0.8,rat_movement=True
1,837,1280,0.05,rat_movement=True
1,46,80,0.0,rat_movement=True
1,106,180,0.9,rat_movement=True
1,657,1100,0.2,rat_movement=True
1,82,160,0.01,rat_movement=True
1,78,180,0.05,rat_movement=True
1,76,180,0.07,rat_movement=True
1,2,20,0.1,rat_movement=True
1,76,160,0.09,rat_movement=True
1,11,40,0.2,rat_movement=True
1,19,20,0.4,rat_movement=True
1,1,20,0.6,rat_movement=True
1,156,220,0.5,rat_movement=True
1,36,120,0.7,rat_movement=True
1,306,480,0.3,rat_movement=True
1,97,100,0.9,rat_movement=True
1,268,360,0.8,rat_movement=True
1,8,20,0.0,rat_movement=True
1,46,120,0.01,rat_movement=True
1,50,60,0.05,rat_movement=True
1,74,120,0.03,rat_movement=True
1,43,40,0.07,rat_movement=True
1,29,40,0.1,rat_movement=True
1,90,180,0.09,rat_movement=True
1,23,40,0.2,rat_movement=True
1,123,100,0.3,rat_movement=True
1,34,40,0.4,rat_movement=True
1,62,60,0.5,rat_movement=True
1,42,60,0.7,rat_movement=True
1,58,140,0.9,rat_movement=True
1,280,260,0.6,rat_movement=True
1,202,320,0.8,rat_movement=True
1,42,100,1.0,rat_movement=True
1,86,220,0.01,rat_movement=True
1,190,380,0.0,rat_movement=True
1,26,20,0.07,rat_movement=True
1,56,100,0.05,rat_movement=True
1,36,40,0.09,rat_movement=True
1,2196,2360,0.03,rat_movement=True
1,150,300,0.03,rat_movement=True
1,1633,1320,1.0,rat_movement=True
1,105,140,0.2,rat_movement=True
1,125,340,0.1,rat_movement=True
1,38,40,0.3,rat_movement=True
1,48,40,0.6,rat_movement=True
1,168,220,0.4,rat_movement=True
1,165,320,0.5,rat_movement=True
1,76,100,1.0,rat_movement=True
1,214,340,0.7,rat_movement=True
1,186,280,0.9,rat_movement=True
1,67,40,0.01,rat_movement=True
1,91,140,0.03,rat_movement=True
1,376,420,0.8,rat_movement=True
1,20,40,0.09,rat_movement=True
1,179,340,0.05,rat_movement=True
1,51,200,0.1,rat_movement=True
1,444,700,0.0,rat_movement=True
1,300,520,0.07,rat_movement=True
1,299,360,0.3,rat_movement=True
1,258,200,0.4,rat_movement=True
1,334,480,0.2,rat_movement=True
1,181,320,0.5,rat_movement=True
1,29,80,1.0,rat_movement=True
1,200,200,0.6,rat_movement=True
1,250,280,0.9,rat_movement=True
1,349,320,0.7,rat_movement=True
1,110,220,0.01,rat_movement=True
1,55,80,0.05,rat_movement=True
1,154,340,0.03,rat_movement=True
1,104,140,0.07,rat_movement=True
1,378,720,0.0,rat_movement=True
1,670,660,0.8,rat_movement=True
1,57,60,0.09,rat_movement=True
1,52,120,0.2,rat_movement=True
1,181,440,0.1,rat_movement=True
1,167,240,0.3,rat_movement=True
1,117,100,0.5,rat_movement=True
1,398,380,0.4,rat_movement=True
1,79,180,0.7,rat_movement=True
1,218,220,0.8,rat_movement=True
1,490,560,0.6,rat_movement=True
1,73,100,1.0,rat_movement=True
1,333,480,0.9,rat_movement=True
1,27,20,0.03,rat_movement=True
1,297,520,0.0,rat_movement=True
1,370,520,0.01,rat_movement=True
1,79,120,0.05,rat_movement=True
1,69,100,0.07,rat_movement=True
1,116,200,0.09,rat_movement=True
1,100,120,0.1,rat_movement=True
1,40,60,0.3,rat_movement=True
1,28,20,0.4,rat_movement=True
1,60,60,0.5,rat_movement=True
1,413,540,0.2,rat_movement=True
1,15,20,0.6,rat_movement=True
1,146,240,0.7,rat_movement=True
1,62,60,0.9,rat_movement=True
1,294,320,0.8,rat_movement=True
1,162,340,1.0,rat_movement=True
1,35,80,0.03,rat_movement=True
1,32,40,0.07,rat_movement=True
1,164,260,0.01,rat_movement=True
1,122,160,0.05,rat_movement=True
1,59,60,0.09,rat_movement=True
1,2,20,0.2,rat_movement=True
1,100,100,0.1,rat_movement=True
1,98,100,0.3,rat_movement=True
1,60,80,0.5,rat_movement=True
1,28,20,0.6,rat_movement=True
1,22,20,0.7,rat_movement=True
1,741,840,0.0,rat_movement=True
1,111,160,1.0,rat_movement=True
1,465,780,0.4,rat_movement=True
1,5,20,0.01,rat_movement=True
1,313,500,0.8,rat_movement=True
1,91,180,0.0,rat_movement=True
1,17,40,0.05,rat_movement=True
1,107,120,0.09,rat_movement=True
1,115,200,0.07,rat_movement=True
1,174,260,0.03,rat_movement=True
1,29,20,0.2,rat_movement=True
1,47,180,0.1,rat_movement=True
1,23,20,0.3,rat_movement=True
1,159,180,0.5,rat_movement=True
1,650,840,0.4,rat_movement=True
1,372,460,0.7,rat_movement=True
1,86,100,0.8,rat_movement=True
1,854,1140,0.6,rat_movement=True
1,27,20,1.0,rat_movement=True
1,1991,1780,0.9,rat_movement=True
1,32,80,0.0,rat_movement=True
1,21,20,0.03,rat_movement=True
1,50,80,0.05,rat_movement=True
1,168,360,0.01,rat_movement=True
1,78,100,0.07,rat_movement=True
1,70,80,0.09,rat_movement=True
1,147,280,0.1,rat_movement=True
1,63,60,0.2,rat_movement=True
1,785,800,0.9,rat_movement=True
1,25,20,0.5,rat_movement=True
1,148,180,0.4,rat_movement=True
1,68,100,0.6,rat_movement=True
1,2,20,0.7,rat_movement=True
1,246,340,0.3,rat_movement=True
1,76,120,0.9,rat_movement=True
1,6,40,0.01,rat_movement=True
1,199,260,1.0,rat_movement=True
1,47,60,0.03,rat_movement=True
1,69,100,0.05,rat_movement=True
1,84,80,0.07,rat_movement=True
1,611,560,0.8,rat_movement=True
1,129,320,0.09,rat_movement=True
1,110,180,0.1,rat_movement=True
1,132,200,0.2,rat_movement=True
1,88,200,0.3,rat_movement=True
1,26,20,0.5,rat_movement=True
1,1106,1540,0.0,rat_movement=True
1,49,60,0.7,rat_movement=True
1,92,60,0.8,rat_movement=True
1,189,220,0.6,rat_movement=True
1,147,160,0.01,rat_movement=True
1,39,40,0.03,rat_movement=True
1,714,860,0.4,rat_movement=True
1,54,60,0.05,rat_movement=True
1,569,600,1.0,rat_movement=True
1,47,80,0.07,rat_movement=True
1,64,80,0.09,rat_movement=True
1,48,40,0.2,rat_movement=True
1,71,100,0.1,rat_movement=True
1,91,160,0.3,rat_movement=True
1,50,40,0.4,rat_movement=True
1,1085,1200,0.9,rat_movement=True
1,172,200,0.5,rat_movement=True
1,168,160,0.7,rat_movement=True
1,259,280,0.6,rat_movement=True
1,90,120,0.8,rat_movement=True
1,115,140,1.0,rat_movement=True
1,68,180,0.0,rat_movement=True
1,1395,1660,0.0,rat_movement=True
1,93,100,0.03,rat_movement=True
1,58,80,0.05,rat_movement=True
1,16,60,0.07,rat_movement=True
1,22,20,0.1,rat_movement=True
1,83,100,0.09,rat_movement=True
1,187,380,0.01,rat_movement=True
1,59,40,0.2,rat_movement=True
1,56,160,0.3,rat_movement=True
1,26,20,0.4,rat_movement=True
1,69,80,0.6,rat_movement=True
1,100,140,0.7,rat_movement=True
1,919,880,0.9,rat_movement=True
1,431,620,0.5,rat_movement=True
1,280,320,0.8,rat_movement=True
1,26,20,0.01,rat_movement=True
1,284,320,1.0,rat_movement=True
1,288,680,0.9,rat_movement=True
1,66,160,0.05,rat_movement=True
1,52,80,0.1,rat_movement=True
1,126,220,0.09,rat_movement=True
1,231,440,0.07,rat_movement=True
1,46,80,0.3,rat_movement=True
1,129,100,0.2,rat_movement=True
1,118,160,0.4,rat_movement=True
1,91,100,0.5,rat_movement=True
1,32,40,0.7,rat_movement=True
1,703,1180,0.0,rat_movement=True
1,638,1000,0.03,rat_movement=True
1,204,260,0.8,rat_movement=True
1,107,140,0.9,rat_movement=True
1,19,60,0.01,rat_movement=True
1,425,360,0.6,rat_movement=True
1,36,40,0.05,rat_movement=True
1,37,80,0.07,rat_movement=True
1,130,240,0.0,rat_movement=True
1,211,240,1.0,rat_movement=True
1,3,20,0.1,rat_movement=True
1,102,260,0.03,rat_movement=True
1,58,80,0.2,rat_movement=True
1,131,240,0.09,rat_movement=True
1,52,100,0.3,rat_movement=True
1,116,160,0.4,rat_movement=True
1,79,80,0.5,rat_movement=True
1,89,100,0.6,rat_movement=True
1,186,220,0.9,rat_movement=True
1,234,460,0.8,rat_movement=True
1,74,120,0.01,rat_movement=True
1,125,220,0.0,rat_movement=True
1,622,600,0.7,rat_movement=True
1,370,420,1.0,rat_movement=True
1,70,80,0.07,rat_movement=True
1,241,320,0.03,rat_movement=True
1,135,180,0.05,rat_movement=True
1,67,140,0.09,rat_movement=True
1,41,60,0.1,rat_movement=True
1,167,360,0.2,rat_movement=True
1,176,200,0.4,rat_movement=True
1,66,120,0.5,rat_movement=True
1,203,240,0.6,rat_movement=True
1,491,560,0.3,rat_movement=True
1,213,220,0.7,rat_movement=True
1,162,280,0.8,rat_movement=True
1,43,60,0.01,rat_movement=True
1,57,100,0.03,rat_movement=True
1,51,60,0.05,rat_movement=True
1,331,320,1.0,rat_movement=True
1,68,200,0.07,rat_movement=True
1,93,220,0.09,rat_movement=True
1,103,240,0.1,rat_movement=True
1,108,120,0.2,rat_movement=True
1,95,100,0.3,rat_movement=True
1,41,40,0.4,rat_movement=True
1,43,40,0.5,rat_movement=True
1,930,1220,0.0,rat_movement=True
1,70,180,0.6,rat_movement=True
1,164,160,0.9,rat_movement=True
1,273,340,0.8,rat_movement=True
1,61,80,0.0,rat_movement=True
1,157,260,1.0,rat_movement=True
1,1788,1480,0.9,rat_movement=True
1,39,60,0.03,rat_movement=True
1,51,80,0.05,rat_movement=True
1,127,200,0.07,rat_movement=True
1,613,660,0.7,rat_movement=True
1,226,240,0.01,rat_movement=True
1,156,280,0.09,rat_movement=True
1,149,320,0.1,rat_movement=True
1,111,160,0.2,rat_movement=True
1,21,60,0.5,rat_movement=True
1,101,100,0.3,rat_movement=True
1,8,20,0.6,rat_movement=True
1,9,20,0.7,rat_movement=True
1,6,40,0.8,rat_movement=True
1,74,140,0.4,rat_movement=True
1,9,20,1.0,rat_movement=True
1,27,20,0.0,rat_movement=True
1,145,240,0.01,rat_movement=True
1,165,240,0.03,rat_movement=True
1,40,40,0.07,rat_movement=True
1,88,100,0.1,rat_movement=True
1,135,180,0.09,rat_movement=True
1,631,660,0.9,rat_movement=True
1,317,520,0.05,rat_movement=True
1,107,200,0.2,rat_movement=True
1,79,80,0.4,rat_movement=True
1,136,100,0.3,rat_movement=True
1,96,240,0.5,rat_movement=True
1,150,260,0.7,rat_movement=True
1,170,420,0.8,rat_movement=True
1,416,700,0.6,rat_movement=True
1,54,60,0.9,rat_movement=True
1,75,180,0.0,rat_movement=True
1,31,60,0.05,rat_movement=True
1,79,200,0.03,rat_movement=True
1,307,360,1.0,rat_movement=True
1,237,360,0.01,rat_movement=True
1,97,280,0.07,rat_movement=True
1,61,60,0.09,rat_movement=True
1,49,60,0.2,rat_movement=True
1,74,100,0.1,rat_movement=True
1,33,20,0.5,rat_movement=True
1,58,240,0.3,rat_movement=True
1,61,60,0.4,rat_movement=True
1,101,180,0.6,rat_movement=True
1,56,80,0.9,rat_movement=True
1,15,20,0.01,rat_movement=True
1,35,20,0.03,rat_movement=True
1,111,220,0.0,rat_movement=True
1,27,60,0.05,rat_movement=True
1,347,380,0.7,rat_movement=True
1,48,40,0.07,rat_movement=True
1,281,380,1.0,rat_movement=True
1,73,240,0.09,rat_movement=True
1,14,20,0.1,rat_movement=True
1,71,160,0.2,rat_movement=True
1,770,820,0.8,rat_movement=True
1,151,240,0.4,rat_movement=True
1,33,60,0.7,rat_movement=True
1,356,440,0.3,rat_movement=True
1,161,240,0.8,rat_movement=True
1,147,160,0.9,rat_movement=True
1,303,360,0.6,rat_movement=True
1,360,700,0.5,rat_movement=True
1,466,480,1.0,rat_movement=True
1,45,40,0.05,rat_movement=True
1,131,180,0.03,rat_movement=True
1,2,20,0.07,rat_movement=True
1,50,80,0.09,rat_movement=True
1,439,660,0.01,rat_movement=True
1,92,60,0.2,rat_movement=True
1,71,160,0.3,rat_movement=True
1,286,540,0.1,rat_movement=True
1,68,100,0.5,rat_movement=True
1,214,260,0.4,rat_movement=True
1,82,140,0.7,rat_movement=True
1,968,1400,0.0,rat_movement=True
1,42,120,0.9,rat_movement=True
1,190,240,0.8,rat_movement=True
1,49,120,0.0,rat_movement=True
1,59,80,0.01,rat_movement=True
1,56,100,0.03,rat_movement=True
1,587,520,0.6,rat_movement=True
1,14,20,0.07,rat_movement=True
1,101,100,0.05,rat_movement=True
1,55,120,0.1,rat_movement=True
1,8,20,0.3,rat_movement=True
1,103,140,0.09,rat_movement=True
1,110,140,0.2,rat_movement=True
1,555,840,1.0,rat_movement=True
1,157,160,0.4,rat_movement=True
1,79,120,0.6,rat_movement=True
1,87,200,0.5,rat_movement=True
1,100,180,0.7,rat_movement=True
1,39,80,0.01,rat_movement=True
1,233,400,0.8,rat_movement=True
1,218,260,1.0,rat_movement=True
1,186,320,0.0,rat_movement=True
1,110,260,0.03,rat_movement=True
1,188,300,0.05,rat_movement=True
1,130,200,0.07,rat_movement=True
1,67,140,0.09,rat_movement=True
1,577,640,0.9,rat_movement=True
1,51,60,0.2,rat_movement=True
1,46,60,0.3,rat_movement=True
1,153,340,0.1,rat_movement=True
1,55,40,0.4,rat_movement=True
1,21,80,0.7,rat_movement=True
1,130,200,0.6,rat_movement=True
1,240,260,0.9,rat_movement=True
1,393,720,0.5,rat_movement=True
1,102,160,0.0,rat_movement=True
1,36,80,0.03,rat_movement=True
1,68,100,0.05,rat_movement=True
1,198,320,0.01,rat_movement=True
1,52,100,0.07,rat_movement=True
1,599,580,0.8,rat_movement=True
1,40,40,0.09,rat_movement=True
1,208,440,0.1,rat_movement=True
1,23,60,0.3,rat_movement=True
1,97,160,0.6,rat_movement=True
1,521,840,0.2,rat_movement=True
1,278,340,0.4,rat_movement=True
1,210,340,0.5,rat_movement=True
1,156,280,0.7,rat_movement=True
1,292,280,0.8,rat_movement=True
1,119,120,1.0,rat_movement=True
1,35,20,0.0,rat_movement=True
1,1897,1800,1.0,rat_movement=True
1,173,360,0.03,rat_movement=True
1,332,520,0.01,rat_movement=True
1,131,140,0.05,rat_movement=True
1,47,80,0.09,rat_movement=True
1,69,80,0.1,rat_movement=True
1,34,20,0.2,rat_movement=True
1,48,120,0.3,rat_movement=True
1,284,440,0.07,rat_movement=True
1,139,320,0.5,rat_movement=True
1,204,300,0.4,rat_movement=True
1,150,260,0.6,rat_movement=True
1,1397,1180,0.9,rat_movement=True
1,88,120,0.9,rat_movement=True
1,56,120,1.0,rat_movement=True
1,293,440,0.8,rat_movement=True
1,69,80,0.01,rat_movement=True
1,346,320,0.7,rat_movement=True
1,39,40,0.03,rat_movement=True
1,145,380,0.0,rat_movement=True
1,58,80,0.05,rat_movement=True
1,25,40,0.09,rat_movement=True
1,79,140,0.07,rat_movement=True
1,75,100,0.1,rat_movement=True
1,20,60,0.3,rat_movement=True
1,148,220,0.2,rat_movement=True
1,100,60,0.4,rat_movement=True
1,69,60,0.5,rat_movement=True
1,212,280,0.6,rat_movement=True
1,179,280,0.7,rat_movement=True
1,46,60,0.8,rat_movement=True
1,396,440,1.0,rat_movement=True
1,57,100,0.03,rat_movement=True
1,147,220,0.01,rat_movement=True
1,126,340,0.05,rat_movement=True
1,35,40,0.07,rat_movement=True
1,30,20,0.09,rat_movement=True
1,737,1060,0.0,rat_movement=True
1,14,40,0.2,rat_movement=True
1,2,20,0.3,rat_movement=True
1,72,80,0.1,rat_movement=True
1,17,20,0.5,rat_movement=True
1,24,20,0.6,rat_movement=True
1,47,80,0.4,rat_movement=True
1,59,60,0.7,rat_movement=True
1,1340,1300,0.9,rat_movement=True
1,143,320,0.8,rat_movement=True
1,163,180,0.9,rat_movement=True
1,65,80,0.01,rat_movement=True
1,38,60,0.03,rat_movement=True
1,16,80,0.05,rat_movement=True
1,304,360,1.0,rat_movement=True
1,56,120,0.09,rat_movement=True
1,154,240,0.07,rat_movement=True
1,100,180,0.2,rat_movement=True
1,220,280,0.1,rat_movement=True
1,42,120,0.4,rat_movement=True
1,719,1080,0.0,rat_movement=True
1,58,180,0.5,rat_movement=True
1,66,80,0.7,rat_movement=True
1,128,220,0.6,rat_movement=True
1,684,860,0.3,rat_movement=True
1,92,160,1.0,rat_movement=True
1,250,340,0.8,rat_movement=True
1,136,220,0.01,rat_movement=True
1,461,480,0.9,rat_movement=True
1,40,40,0.07,rat_movement=True
1,74,80,0.05,rat_movement=True
1,14,40,0.1,rat_movement=True
1,51,100,0.09,rat_movement=True
1,160,260,0.03,rat_movement=True
1,7,20,0.4,rat_movement=True
1,109,60,0.2,rat_movement=True
1,22,20,0.5,rat_movement=True
1,117,220,0.3,rat_movement=True
1,102,160,0.7,rat_movement=True
1,183,340,0.6,rat_movement=True
1,14,20,0.9,rat_movement=True
1,112,120,0.8,rat_movement=True
1,279,300,1.0,rat_movement=True
1,140,180,0.0,rat_movement=True
1,39,60,0.03,rat_movement=True
1,143,220,0.01,rat_movement=True
1,168,220,0.05,rat_movement=True
1,81,140,0.07,rat_movement=True
1,34,80,0.1,rat_movement=True
1,183,300,0.09,rat_movement=True
1,89,80,0.3,rat_movement=True
1,123,220,0.2,rat_movement=True
1,56,60,0.5,rat_movement=True
1,99,100,0.6,rat_movement=True
1,223,280,0.4,rat_movement=True
1,76,120,0.7,rat_movement=True
1,76,100,1.0,rat_movement=True
1,16,20,0.01,rat_movement=True
1,35,60,0.0,rat_movement=True
1,332,560,0.8,rat_movement=True
1,136,280,0.03,rat_movement=True
1,56,40,0.07,rat_movement=True
1,110,200,0.05,rat_movement=True
1,123,160,0.09,rat_movement=True
1,548,800,0.9,rat_movement=True
1,78,60,0.2,rat_movement=True
1,107,260,0.1,rat_movement=True
1,11,20,0.5,rat_movement=True
1,43,40,0.4,rat_movement=True
1,184,300,0.3,rat_movement=True
1,85,100,0.6,rat_movement=True
1,1,20,0.7,rat_movement=True
1,124,240,0.8,rat_movement=True
1,34,80,0.9,rat_movement=True
1,62,80,1.0,rat_movement=True
1,12,80,0.01,rat_movement=True
1,82,180,0.05,rat_movement=True
1,229,360,0.03,rat_movement=True
1,389,740,0.0,rat_movement=True
1,147,220,0.09,rat_movement=True
1,57,40,0.1,rat_movement=True
1,253,380,0.07,rat_movement=True
1,103,80,0.2,rat_movement=True
1,56,160,0.3,rat_movement=True
1,205,220,0.4,rat_movement=True
1,32,40,0.6,rat_movement=True
1,134,240,0.5,rat_movement=True
1,21,20,0.9,rat_movement=True
1,177,220,0.8,rat_movement=True
1,210,360,0.7,rat_movement=True
1,174,300,0.01,rat_movement=True
1,110,280,0.05,rat_movement=True
1,236,500,0.03,rat_movement=True
1,93,80,0.09,rat_movement=True
1,86,120,0.1,rat_movement=True
1,581,780,0.0,rat_movement=True
1,251,440,0.07,rat_movement=True
1,88,240,0.3,rat_movement=True
1,159,260,0.2,rat_movement=True
1,91,160,0.5,rat_movement=True
1,88,200,0.4,rat_movement=True
1,133,140,0.7,rat_movement=True
1,244,280,0.6,rat_movement=True
1,1188,1140,1.0,rat_movement=True
1,62,80,0.9,rat_movement=True
1,14,40,0.01,rat_movement=True
1,193,360,0.8,rat_movement=True
1,90,160,0.03,rat_movement=True
1,153,180,0.05,rat_movement=True
1,125,180,0.07,rat_movement=True
1,86,140,0.09,rat_movement=True
1,88,100,0.1,rat_movement=True
1,72,120,0.2,rat_movement=True
1,83,100,0.3,rat_movement=True
1,113,220,0.4,rat_movement=True
1,37,60,0.6,rat_movement=True
1,179,360,0.5,rat_movement=True
1,12,60,0.7,rat_movement=True
1,64,100,0.8,rat_movement=True
1,61,100,1.0,rat_movement=True
1,1193,1480,0.0,rat_movement=True
1,1400,1160,1.0,rat_movement=True
1,94,140,0.01,rat_movement=True
1,51,80,0.03,rat_movement=True
1,84,120,0.05,rat_movement=True
1,46,40,0.07,rat_movement=True
1,155,220,0.1,rat_movement=True
1,35,100,0.2,rat_movement=True
1,347,660,0.09,rat_movement=True
1,1149,1240,0.9,rat_movement=True
1,16,20,0.4,rat_movement=True
1,86,120,0.5,rat_movement=True
1,183,340,0.6,rat_movement=True
1,97,140,0.7,rat_movement=True
1,58,80,0.9,rat_movement=True
1,1593,2180,0.0,rat_movement=True
1,205,300,0.8,rat_movement=True
1,664,1040,0.3,rat_movement=True
1,79,100,0.01,rat_movement=True
1,10,20,0.03,rat_movement=True
1,69,160,0.05,rat_movement=True
1,120,120,0.07,rat_movement=True
1,86,160,0.1,rat_movement=True
1,615,1020,0.0,rat_movement=True
1,175,300,0.09,rat_movement=True
1,881,960,1.0,rat_movement=True
1,68,40,0.3,rat_movement=True
1,33,160,0.5,rat_movement=True
1,140,240,0.4,rat_movement=True
1,58,60,0.7,rat_movement=True
1,34,40,0.8,rat_movement=True
1,101,220,0.6,rat_movement=True
1,314,600,0.2,rat_movement=True
1,169,220,1.0,rat_movement=True
1,116,260,0.0,rat_movement=True
1,179,360,0.01,rat_movement=True
1,275,560,0.9,rat_movement=True
1,0,0,0.09,rat_movement=True
1,86,60,0.07,rat_movement=True
1,180,440,0.03,rat_movement=True
1,103,120,0.1,rat_movement=True
1,51,120,0.2,rat_movement=True
1,269,460,0.05,rat_movement=True
1,21,40,0.4,rat_movement=True
1,79,80,0.3,rat_movement=True
1,206,140,0.5,rat_movement=True
1,150,180,0.8,rat_movement=True
1,219,220,0.7,rat_movement=True
1,223,460,0.6,rat_movement=True
1,71,180,1.0,rat_movement=True
1,45,40,0.01,rat_movement=True
1,215,420,0.9,rat_movement=True
1,42,120,0.03,rat_movement=True
1,160,440,0.05,rat_movement=True
1,161,240,0.07,rat_movement=True
1,48,40,0.09,rat_movement=True
1,227,260,0.2,rat_movement=True
1,177,220,0.3,rat_movement=True
1,64,40,0.4,rat_movement=True
1,1212,1800,0.0,rat_movement=True
1,100,120,0.6,rat_movement=True
1,323,260,0.5,rat_movement=True
1,48,80,0.8,rat_movement=True
1,17,20,0.9,rat_movement=True
1,49,100,1.0,rat_movement=True
1,213,420,0.7,rat_movement=True
1,58,200,0.0,rat_movement=True
1,36,20,0.01,rat_movement=True
1,1324,1940,0.1,rat_movement=True
1,31,20,0.03,rat_movement=True
1,38,40,0.05,rat_movement=True
1,59,140,0.07,rat_movement=True
1,61,60,0.1,rat_movement=True
1,103,140,0.09,rat_movement=True
1,21,60,0.2,rat_movement=True
1,138,140,0.4,rat_movement=True
1,39,40,0.7,rat_movement=True
1,273,480,0.3,rat_movement=True
1,222,280,0.6,rat_movement=True
1,465,560,0.5,rat_movement=True
1,20,20,1.0,rat_movement=True
1,477,720,0.8,rat_movement=True
1,82,140,0.0,rat_movement=True
1,407,360,0.9,rat_movement=True
1,48,100,0.03,rat_movement=True
1,28,40,0.05,rat_movement=True
1,104,140,0.01,rat_movement=True
1,15,20,0.07,rat_movement=True
1,95,180,0.09,rat_movement=True
1,25,20,0.2,rat_movement=True
1,71,220,0.1,rat_movement=True
1,86,80,0.3,rat_movement=True
1,132,180,0.4,rat_movement=True
1,86,180,0.6,rat_movement=True
1,171,200,0.5,rat_movement=True
1,55,80,0.7,rat_movement=True
1,28,40,0.8,rat_movement=True
1,146,200,0.9,rat_movement=True
1,103,200,0.01,rat_movement=True
1,467,460,1.0,rat_movement=True
1,25,20,0.03,rat_movement=True
1,14,20,0.05,rat_movement=True
1,84,160,0.07,rat_movement=True
1,19,40,0.09,rat_movement=True
1,568,960,0.0,rat_movement=True
1,35,60,0.1,rat_movement=True
1,22,40,0.3,rat_movement=True
1,37,40,0.4,rat_movement=True
1,81,100,0.5,rat_movement=True
1,100,120,0.6,rat_movement=True
1,351,520,0.2,rat_movement=True
1,38,40,0.9,rat_movement=True
1,178,160,0.8,rat_movement=True
1,206,360,0.7,rat_movement=True
1,75,100,0.01,rat_movement=True
1,12,100,0.03,rat_movement=True
1,222,240,1.0,rat_movement=True
1,62,120,0.07,rat_movement=True
1,53,60,0.1,rat_movement=True
1,43,60,0.3,rat_movement=True
1,158,160,0.09,rat_movement=True
1,132,180,0.2,rat_movement=True
1,359,680,0.05,rat_movement=True
1,11,20,0.5,rat_movement=True
1,10,20,0.6,rat_movement=True
1,0,20,0.7,rat_movement=True
1,297,240,0.4,rat_movement=True
1,87,100,0.9,rat_movement=True
1,146,160,1.0,rat_movement=True
1,105,100,0.01,rat_movement=True
1,1264,1480,0.0,rat_movement=True
1,74,40,0.03,rat_movement=True
1,82,220,0.07,rat_movement=True
1,21,20,0.09,rat_movement=True
1,191,420,0.05,rat_movement=True
1,55,40,0.1,rat_movement=True
1,71,80,0.2,rat_movement=True
1,40,80,0.3,rat_movement=True
1,931,1220,0.0,rat_movement=True
1,54,140,0.5,rat_movement=True
1,108,120,0.6,rat_movement=True
1,175,200,0.4,rat_movement=True
1,36,140,0.7,rat_movement=True
1,285,460,0.9,rat_movement=True
1,362,440,0.8,rat_movement=True
1,150,220,0.0,rat_movement=True
1,783,680,1.0,rat_movement=True
1,167,240,0.03,rat_movement=True
1,123,200,0.05,rat_movement=True
1,89,220,0.09,rat_movement=True
1,14,20,0.1,rat_movement=True
1,188,380,0.07,rat_movement=True
1,67,180,0.2,rat_movement=True
1,33,20,0.3,rat_movement=True
1,90,60,0.4,rat_movement=True
1,22,60,0.5,rat_movement=True
1,24,40,0.9,rat_movement=True
1,81,180,0.6,rat_movement=True
1,51,160,0.7,rat_movement=True
1,90,120,0.8,rat_movement=True
1,81,200,0.0,rat_movement=True
1,69,100,0.03,rat_movement=True
1,436,680,0.01,rat_movement=True
1,231,520,0.05,rat_movement=True
1,568,860,1.0,rat_movement=True
1,103,200,0.09,rat_movement=True
1,79,120,0.1,rat_movement=True
1,36,40,0.3,rat_movement=True
1,123,260,0.2,rat_movement=True
1,90,100,0.4,rat_movement=True
1,22,20,0.5,rat_movement=True
1,6,20,0.6,rat_movement=True
1,37,20,0.7,rat_movement=True
1,12,20,0.8,rat_movement=True
1,175,220,1.0,rat_movement=True
1,297,320,0.9,rat_movement=True
1,12,40,0.03,rat_movement=True
1,9,20,0.05,rat_movement=True
1,155,340,0.01,rat_movement=True
1,7,20,0.07,rat_movement=True
1,76,140,0.09,rat_movement=True
1,39,40,0.1,rat_movement=True
1,151,300,0.2,rat_movement=True
1,199,160,0.3,rat_movement=True
1,850,1380,0.0,rat_movement=True
1,12,20,0.6,rat_movement=True
1,115,180,0.4,rat_movement=True
1,132,240,0.5,rat_movement=True
1,280,280,0.7,rat_movement=True
1,124,200,0.8,rat_movement=True
1,20,40,0.9,rat_movement=True
1,74,160,0.01,rat_movement=True
1,322,360,1.0,rat_movement=True
1,155,280,0.03,rat_movement=True
1,10,80,0.07,rat_movement=True
1,114,140,0.05,rat_movement=True
1,119,120,0.09,rat_movement=True
1,26,20,0.2,rat_movement=True
1,625,980,0.0,rat_movement=True
1,96,140,0.3,rat_movement=True
1,34,40,0.4,rat_movement=True
1,256,360,0.1,rat_movement=True
1,49,120,0.5,rat_movement=True
1,116,120,0.6,rat_movement=True
1,10,20,0.8,rat_movement=True
1,152,160,0.7,rat_movement=True
1,93,100,0.03,rat_movement=True
1,68,120,0.05,rat_movement=True
1,386,420,1.0,rat_movement=True
1,44,80,0.07,rat_movement=True
1,64,120,0.09,rat_movement=True
1,23,40,0.1,rat_movement=True
1,669,640,0.9,rat_movement=True
1,412,480,0.01,rat_movement=True
1,123,180,0.2,rat_movement=True
1,43,60,0.5,rat_movement=True
1,112,100,0.4,rat_movement=True
1,163,320,0.3,rat_movement=True
1,278,320,0.7,rat_movement=True
1,26,80,0.8,rat_movement=True
1,1108,1560,0.0,rat_movement=True
1,672,560,0.6,rat_movement=True
1,1,20,1.0,rat_movement=True
1,20,40,0.0,rat_movement=True
1,150,240,0.9,rat_movement=True
1,25,20,0.03,rat_movement=True
1,33,60,0.05,rat_movement=True
1,250,460,0.01,rat_movement=True
1,45,60,0.09,rat_movement=True
1,66,100,0.1,rat_movement=True
1,15,20,0.2,rat_movement=True
1,8,20,0.3,rat_movement=True
1,290,640,0.07,rat_movement=True
1,37,120,0.4,rat_movement=True
1,42,120,0.5,rat_movement=True
1,322,360,0.7,rat_movement=True
1,78,180,0.9,rat_movement=True
1,182,340,0.8,rat_movement=True
1,50,120,0.0,rat_movement=True
1,480,380,0.6,rat_movement=True
1,57,40,0.01,rat_movement=True
1,255,320,1.0,rat_movement=True
1,119,300,0.03,rat_movement=True
1,14,20,0.07,rat_movement=True
1,243,520,0.05,rat_movement=True
1,57,80,0.1,rat_movement=True
1,27,20,0.2,rat_movement=True
1,393,720,0.09,rat_movement=True
1,76,100,0.3,rat_movement=True
1,71,100,0.4,rat_movement=True
1,22,40,0.5,rat_movement=True
1,119,180,0.6,rat_movement=True
1,89,160,0.7,rat_movement=True
1,297,400,0.8,rat_movement=True
1,411,460,0.9,rat_movement=True
1,417,420,1.0,rat_movement=True
1,179,520,0.01,rat_movement=True
1,30,100,0.07,rat_movement=True
1,177,380,0.03,rat_movement=True
1,15,60,0.09,rat_movement=True
1,50,60,0.1,rat_movement=True
1,41,60,0.2,rat_movement=True
1,40,60,0.3,rat_movement=True
1,375,620,0.05,rat_movement=True
1,836,1360,0.0,rat_movement=True
1,331,360,0.4,rat_movement=True
1,156,220,0.6,rat_movement=True
1,43,40,0.8,rat_movement=True
1,410,700,0.5,rat_movement=True
1,155,200,0.9,rat_movement=True
1,53,60,0.0,rat_movement=True
1,96,160,0.01,rat_movement=True
1,36,40,0.03,rat_movement=True
1,89,100,0.05,rat_movement=True
1,47,60,0.07,rat_movement=True
1,86,120,0.09,rat_movement=True
1,84,100,0.2,rat_movement=True
1,17,40,0.3,rat_movement=True
1,180,260,0.1,rat_movement=True
1,10,40,0.5,rat_movement=True
1,112,280,0.6,rat_movement=True
1,1404,1200,0.7,rat_movement=True
1,40,40,0.7,rat_movement=True
1,32,40,0.9,rat_movement=True
1,100,100,0.8,rat_movement=True
1,54,140,1.0,rat_movement=True
1,1270,1180,1.0,rat_movement=True
1,580,880,0.4,rat_movement=True
1,65,160,0.01,rat_movement=True
1,104,320,0.03,rat_movement=True
1,84,100,0.07,rat_movement=True
1,16,20,0.1,rat_movement=True
1,151,300,0.09,rat_movement=True
1,310,460,0.05,rat_movement=True
1,85,60,0.2,rat_movement=True
1,64,100,0.3,rat_movement=True
1,80,80,0.5,rat_movement=True
1,173,160,0.4,rat_movement=True
1,56,80,0.6,rat_movement=True
1,93,160,0.9,rat_movement=True
1,328,380,0.8,rat_movement=True
1,67,140,0.01,rat_movement=True
1,0,0,0.05,rat_movement=True
1,680,620,0.7,rat_movement=True
1,319,400,1.0,rat_movement=True
1,44,180,0.07,rat_movement=True
1,1835,1940,0.0,rat_movement=True
1,92,160,0.1,rat_movement=True
1,353,580,0.0,rat_movement=True
1,91,240,0.3,rat_movement=True
1,165,220,0.2,rat_movement=True
1,276,540,0.09,rat_movement=True
1,59,100,0.4,rat_movement=True
1,515,660,0.03,rat_movement=True
1,87,140,0.5,rat_movement=True
1,84,120,0.7,rat_movement=True
1,476,600,0.6,rat_movement=True
1,60,80,0.01,rat_movement=True
1,399,560,1.0,rat_movement=True
1,19,60,0.03,rat_movement=True
1,177,420,0.05,rat_movement=True
1,1,20,0.07,rat_movement=True
1,1200,1360,0.8,rat_movement=True
1,153,320,0.09,rat_movement=True
1,139,160,0.1,rat_movement=True
1,42,40,0.4,rat_movement=True
1,96,80,0.5,rat_movement=True
1,204,200,0.3,rat_movement=True
1,52,80,0.6,rat_movement=True
1,306,560,0.2,rat_movement=True
1,224,480,0.8,rat_movement=True
1,1578,1940,0.0,rat_movement=True
1,87,160,0.01,rat_movement=True
1,461,500,0.7,rat_movement=True
1,336,360,1.0,rat_movement=True
1,24,60,0.03,rat_movement=True
1,24,60,0.07,rat_movement=True
1,213,360,0.0,rat_movement=True
1,31,20,0.09,rat_movement=True
1,658,600,0.9,rat_movement=True
1,136,200,0.1,rat_movement=True
1,30,20,0.2,rat_movement=True
1,375,480,0.05,rat_movement=True
1,60,100,0.3,rat_movement=True
1,54,40,0.5,rat_movement=True
1,246,360,0.4,rat_movement=True
1,645,800,0.6,rat_movement=True
1,20,20,1.0,rat_movement=True
1,174,280,0.9,rat_movement=True
1,392,480,0.7,rat_movement=True
1,97,60,0.01,rat_movement=True
1,580,800,0.8,rat_movement=True
1,47,140,0.03,rat_movement=True
1,619,740,0.0,rat_movement=True
1,106,160,0.05,rat_movement=True
1,128,220,0.07,rat_movement=True
1,40,60,0.1,rat_movement=True
1,216,300,0.09,rat_movement=True
1,41,80,0.2,rat_movement=True
1,99,80,0.3,rat_movement=True
1,38,80,0.4,rat_movement=True
1,17,20,0.5,rat_movement=True
1,93,200,0.6,rat_movement=True
1,69,60,0.7,rat_movement=True
1,102,120,0.9,rat_movement=True
1,171,180,0.8,rat_movement=True
1,95,80,0.01,rat_movement=True
1,273,320,1.0,rat_movement=True
1,108,240,0.03,rat_movement=True
1,92,120,0.05,rat_movement=True
1,84,140,0.07,rat_movement=True
1,25,40,0.09,rat_movement=True
1,129,120,0.1,rat_movement=True
1,62,60,0.2,rat_movement=True
1,62,60,0.3,rat_movement=True
1,118,160,0.4,rat_movement=True
1,940,1060,0.0,rat_movement=True
1,91,100,0.8,rat_movement=True
1,270,440,0.6,rat_movement=True
1,46,80,1.0,rat_movement=True
1,532,780,0.5,rat_movement=True
1,305,260,0.7,rat_movement=True
1,6,40,0.01,rat_movement=True
1,39,40,0.03,rat_movement=True
1,587,640,0.9,rat_movement=True
1,16,20,0.05,rat_movement=True
1,647,1000,0.0,rat_movement=True
1,197,360,0.07,rat_movement=True
1,117,180,0.09,rat_movement=True
1,66,160,0.3,rat_movement=True
1,122,200,0.2,rat_movement=True
1,41,40,0.4,rat_movement=True
1,178,360,0.1,rat_movement=True
1,14,40,0.9,rat_movement=True
1,163,200,0.7,rat_movement=True
1,178,320,0.6,rat_movement=True
1,236,240,0.5,rat_movement=True
1,73,80,0.01,rat_movement=True
1,650,580,0.8,rat_movement=True
1,437,500,1.0,rat_movement=True
1,62,60,0.05,rat_movement=True
1,144,300,0.03,rat_movement=True
1,44,60,0.09,rat_movement=True
1,116,220,0.07,rat_movement=True
1,110,260,0.1,rat_movement=True
1,13,40,0.2,rat_movement=True
1,791,1160,0.0,rat_movement=True
1,62,80,0.4,rat_movement=True
1,105,240,0.3,rat_movement=True
1,41,40,0.7,rat_movement=True
1,4,20,0.8,rat_movement=True
1,128,120,0.5,rat_movement=True
1,143,160,0.6,rat_movement=True
1,33,20,0.03,rat_movement=True
1,184,420,1.0,rat_movement=True
1,389,420,0.9,rat_movement=True
1,361,420,0.01,rat_movement=True
1,367,620,0.0,rat_movement=True
1,44,80,0.09,rat_movement=True
1,125,260,0.07,rat_movement=True
1,37,80,0.1,rat_movement=True
1,351,640,0.05,rat_movement=True
1,49,40,0.2,rat_movement=True
1,24,20,0.3,rat_movement=True
1,20,20,0.4,rat_movement=True
1,148,260,0.5,rat_movement=True
1,35,20,0.6,rat_movement=True
1,125,160,0.7,rat_movement=True
1,54,120,0.9,rat_movement=True
1,76,120,1.0,rat_movement=True
1,13,20,0.0,rat_movement=True
1,230,240,0.8,rat_movement=True
1,31,60,0.01,rat_movement=True
1,64,140,0.05,rat_movement=True
1,158,260,0.03,rat_movement=True
1,31,60,0.09,rat_movement=True
1,83,60,0.07,rat_movement=True
1,20,20,0.2,rat_movement=True
1,117,200,0.1,rat_movement=True
1,75,80,0.3,rat_movement=True
1,127,220,0.5,rat_movement=True
1,96,160,0.6,rat_movement=True
1,46,80,0.7,rat_movement=True
1,249,540,0.4,rat_movement=True
1,48,100,0.9,rat_movement=True
1,43,140,0.03,rat_movement=True
1,36,40,0.05,rat_movement=True
1,441,780,0.0,rat_movement=True
1,230,460,0.01,rat_movement=True
1,621,1120,0.8,rat_movement=True
1,96,100,0.07,rat_movement=True
1,129,200,0.1,rat_movement=True
1,270,580,0.09,rat_movement=True
1,166,180,0.2,rat_movement=True
1,54,140,0.4,rat_movement=True
1,169,200,0.3,rat_movement=True
1,1483,1240,1.0,rat_movement=True
1,149,300,0.5,rat_movement=True
1,286,420,0.6,rat_movement=True
1,183,340,0.7,rat_movement=True
1,120,260,1.0,rat_movement=True
1,333,320,0.8,rat_movement=True
1,37,120,0.0,rat_movement=True
1,247,520,0.9,rat_movement=True
1,114,160,0.01,rat_movement=True
1,109,100,0.03,rat_movement=True
1,46,80,0.05,rat_movement=True
1,123,200,0.07,rat_movement=True
1,130,100,0.1,rat_movement=True
1,70,60,0.2,rat_movement=True
1,127,260,0.09,rat_movement=True
1,106,120,0.5,rat_movement=True
1,269,400,0.3,rat_movement=True
1,124,160,0.8,rat_movement=True
1,13,20,0.9,rat_movement=True
1,320,280,0.7,rat_movement=True
1,29,40,1.0,rat_movement=True
1,4,20,0.0,rat_movement=True
1,419,500,0.6,rat_movement=True
1,593,680,0.4,rat_movement=True
1,51,80,0.01,rat_movement=True
1,44,20,0.05,rat_movement=True
1,109,80,0.03,rat_movement=True
1,54,120,0.07,rat_movement=True
1,30,100,0.2,rat_movement=True
1,90,100,0.1,rat_movement=True
1,39,40,0.3,rat_movement=True
1,170,300,0.09,rat_movement=True
1,70,80,0.4,rat_movement=True
1,66,160,0.5,rat_movement=True
1,195,180,0.6,rat_movement=True
1,140,260,0.7,rat_movement=True
1,53,60,0.8,rat_movement=True
1,23,100,0.01,rat_movement=True
1,64,60,0.03,rat_movement=True
1,296,600,0.0,rat_movement=True
1,72,160,0.05,rat_movement=True
1,565,540,1.0,rat_movement=True
1,620,620,0.9,rat_movement=True
1,23,60,0.1,rat_movement=True
1,25,20,0.3,rat_movement=True
1,172,340,0.07,rat_movement=True
1,87,80,0.2,rat_movement=True
1,94,140,0.4,rat_movement=True
1,25,20,0.6,rat_movement=True
1,209,500,0.09,rat_movement=True
1,100,140,0.9,rat_movement=True
1,484,560,0.5,rat_movement=True
1,365,380,0.7,rat_movement=True
1,5,20,0.01,rat_movement=True
1,59,200,0.0,rat_movement=True
1,41,100,0.03,rat_movement=True
1,56,40,0.05,rat_movement=True
1,237,440,1.0,rat_movement=True
1,103,140,0.07,rat_movement=True
1,582,540,0.8,rat_movement=True
1,27,20,0.2,rat_movement=True
1,58,100,0.1,rat_movement=True
1,169,260,0.09,rat_movement=True
1,89,160,0.3,rat_movement=True
1,83,100,0.4,rat_movement=True
1,21,20,0.6,rat_movement=True
1,65,80,0.5,rat_movement=True
1,55,80,0.7,rat_movement=True
1,38,40,0.9,rat_movement=True
1,43,80,0.01,rat_movement=True
1,220,220,0.8,rat_movement=True
1,56,60,0.03,rat_movement=True
1,305,300,1.0,rat_movement=True
1,126,160,0.05,rat_movement=True
1,56,80,0.09,rat_movement=True
1,121,180,0.07,rat_movement=True
1,155,260,0.1,rat_movement=True
1,178,340,0.3,rat_movement=True
1,73,160,0.4,rat_movement=True
1,341,480,0.2,rat_movement=True
1,239,300,0.5,rat_movement=True
1,206,240,0.6,rat_movement=True
1,162,200,0.7,rat_movement=True
1,58,60,0.9,rat_movement=True
1,313,340,0.8,rat_movement=True
1,366,560,1.0,rat_movement=True
1,252,640,0.0,rat_movement=True
1,32,60,0.03,rat_movement=True
1,6,20,0.07,rat_movement=True
1,63,120,0.05,rat_movement=True
1,42,60,0.1,rat_movement=True
1,440,740,0.01,rat_movement=True
1,49,60,0.2,rat_movement=True
1,60,100,0.3,rat_movement=True
1,287,520,0.09,rat_movement=True
1,30,100,0.5,rat_movement=True
1,20,40,0.8,rat_movement=True
1,118,100,0.4,rat_movement=True
1,164,200,0.6,rat_movement=True
1,285,300,0.7,rat_movement=True
1,379,380,0.9,rat_movement=True
1,1,20,0.03,rat_movement=True
1,215,460,0.0,rat_movement=True
1,85,180,0.05,rat_movement=True
1,114,80,0.07,rat_movement=True
1,38,20,0.1,rat_movement=True
1,138,160,0.09,rat_movement=True
1,315,640,0.01,rat_movement=True
1,135,260,0.2,rat_movement=True
1,126,120,0.4,rat_movement=True
1,172,300,0.3,rat_movement=True
1,83,60,0.6,rat_movement=True
1,19,40,0.8,rat_movement=True
1,176,260,0.5,rat_movement=True
1,106,180,0.7,rat_movement=True
1,170,220,0.9,rat_movement=True
1,239,520,0.0,rat_movement=True
1,156,280,0.01,rat_movement=True
1,29,40,0.05,rat_movement=True
1,6,20,0.09,rat_movement=True
1,87,100,0.07,rat_movement=True
1,135,240,0.03,rat_movement=True
1,130,220,0.1,rat_movement=True
1,47,40,0.3,rat_movement=True
1,1790,1580,1.0,rat_movement=True
1,4,20,0.5,rat_movement=True
1,333,420,0.2,rat_movement=True
1,34,20,0.7,rat_movement=True
1,242,340,0.6,rat_movement=True
1,1159,920,1.0,rat_movement=True
1,51,80,1.0,rat_movement=True
1,434,580,0.4,rat_movement=True
1,62,60,0.03,rat_movement=True
1,242,280,0.9,rat_movement=True
1,59,100,0.07,rat_movement=True
1,100,220,0.05,rat_movement=True
1,77,120,0.09,rat_movement=True
1,73,80,0.1,rat_movement=True
1,44,40,0.2,rat_movement=True
1,514,520,0.8,rat_movement=True
1,335,500,0.01,rat_movement=True
1,80,100,0.3,rat_movement=True
1,67,80,0.5,rat_movement=True
1,123,180,0.4,rat_movement=True
1,11,20,1.0,rat_movement=True
1,76,140,0.8,rat_movement=True
1,536,1040,0.0,rat_movement=True
1,183,280,0.6,rat_movement=True
1,19,40,0.01,rat_movement=True
1,66,140,0.0,rat_movement=True
1,235,400,0.7,rat_movement=True
1,240,300,0.9,rat_movement=True
1,38,140,0.07,rat_movement=True
1,0,20,0.1,rat_movement=True
1,92,60,0.09,rat_movement=True
1,24,20,0.2,rat_movement=True
1,244,480,0.03,rat_movement=True
1,57,100,0.3,rat_movement=True
1,37,60,0.4,rat_movement=True
1,351,440,0.05,rat_movement=True
1,12,20,0.6,rat_movement=True
1,14,20,0.8,rat_movement=True
1,204,280,0.5,rat_movement=True
1,223,240,1.0,rat_movement=True
1,527,460,0.7,rat_movement=True
1,78,40,0.01,rat_movement=True
1,43,20,0.03,rat_movement=True
1,121,140,0.05,rat_movement=True
1,60,60,0.07,rat_movement=True
1,11,20,0.09,rat_movement=True
1,45,40,0.1,rat_movement=True
1,104,200,0.2,rat_movement=True
1,57,120,0.3,rat_movement=True
1,662,900,0.0,rat_movement=True
1,1246,1000,0.9,rat_movement=True
1,64,80,0.5,rat_movement=True
1,75,120,0.6,rat_movement=True
1,37,60,0.8,rat_movement=True
1,236,200,0.4,rat_movement=True
1,130,220,0.7,rat_movement=True
1,53,80,1.0,rat_movement=True
1,41,40,0.03,rat_movement=True
1,8,60,0.07,rat_movement=True
1,51,80,0.05,rat_movement=True
1,27,20,0.09,rat_movement=True
1,146,300,0.01,rat_movement=True
1,97,180,0.1,rat_movement=True
1,124,160,0.2,rat_movement=True
1,8,20,0.4,rat_movement=True
1,70,200,0.3,rat_movement=True
1,471,700,0.0,rat_movement=True
1,34,60,0.5,rat_movement=True
1,19,20,0.6,rat_movement=True
1,13,20,0.7,rat_movement=True
1,813,740,0.9,rat_movement=True
1,188,360,0.8,rat_movement=True
1,85,140,0.0,rat_movement=True
1,27,20,0.01,rat_movement=True
1,9,40,0.03,rat_movement=True
1,311,380,0.9,rat_movement=True
1,82,140,0.05,rat_movement=True
1,10,20,0.09,rat_movement=True
1,134,200,0.07,rat_movement=True
1,69,240,0.1,rat_movement=True
1,72,100,0.3,rat_movement=True
1,11,40,0.4,rat_movement=True
1,31,60,0.5,rat_movement=True
1,45,60,0.6,rat_movement=True
1,354,640,0.2,rat_movement=True
1,1185,1040,1.0,rat_movement=True
1,105,160,0.8,rat_movement=True
1,50,40,1.0,rat_movement=True
1,234,420,0.7,rat_movement=True
1,400,540,0.9,rat_movement=True
1,47,40,0.03,rat_movement=True
1,257,560,0.0,rat_movement=True
1,85,100,0.05,rat_movement=True
1,79,60,0.09,rat_movement=True
1,32,80,0.1,rat_movement=True
1,26,40,0.2,rat_movement=True
1,53,100,0.3,rat_movement=True
1,59,40,0.4,rat_movement=True
1,252,420,0.07,rat_movement=True
1,90,180,0.6,rat_movement=True
1,171,320,0.5,rat_movement=True
1,98,100,0.7,rat_movement=True
1,79,120,0.8,rat_movement=True
1,177,180,0.9,rat_movement=True
1,58,160,0.03,rat_movement=True
1,215,340,0.0,rat_movement=True
1,1174,1660,0.01,rat_movement=True
1,107,260,0.01,rat_movement=True
1,47,40,0.07,rat_movement=True
1,25,80,0.09,rat_movement=True
1,102,100,0.05,rat_movement=True
1,49,40,0.3,rat_movement=True
1,98,140,0.1,rat_movement=True
1,283,300,0.2,rat_movement=True
1,52,120,0.5,rat_movement=True
1,725,760,1.0,rat_movement=True
1,59,60,0.6,rat_movement=True
1,286,240,0.4,rat_movement=True
1,68,100,0.8,rat_movement=True
1,2,20,0.9,rat_movement=True
1,213,200,0.7,rat_movement=True
1,44,140,0.01,rat_movement=True
1,30,60,0.03,rat_movement=True
1,34,20,0.05,rat_movement=True
1,76,120,0.07,rat_movement=True
1,59,40,0.09,rat_movement=True
1,32,40,0.1,rat_movement=True
1,503,920,0.0,rat_movement=True
1,850,780,1.0,rat_movement=True
1,172,220,0.2,rat_movement=True
1,8,40,0.4,rat_movement=True
1,118,220,0.3,rat_movement=True
1,77,160,0.6,rat_movement=True
1,163,300,0.5,rat_movement=True
1,94,100,0.7,rat_movement=True
1,84,100,0.8,rat_movement=True
1,147,200,1.0,rat_movement=True
1,235,260,0.9,rat_movement=True
1,56,60,0.01,rat_movement=True
1,31,40,0.07,rat_movement=True
1,198,420,0.05,rat_movement=True
1,18,40,0.09,rat_movement=True
1,29,80,0.1,rat_movement=True
1,73,140,0.3,rat_movement=True
1,13,20,0.4,rat_movement=True
1,711,980,0.03,rat_movement=True
1,100,120,0.6,rat_movement=True
1,390,680,0.2,rat_movement=True
1,1005,1320,0.0,rat_movement=True
1,135,160,0.7,rat_movement=True
1,118,140,0.8,rat_movement=True
1,59,60,1.0,rat_movement=True
1,108,140,0.9,rat_movement=True
1,498,600,0.5,rat_movement=True
1,46,60,0.01,rat_movement=True
1,71,220,0.0,rat_movement=True
1,97,120,0.03,rat_movement=True
1,113,180,0.05,rat_movement=True
1,97,160,0.07,rat_movement=True
1,219,280,0.09,rat_movement=True
1,141,160,0.1,rat_movement=True
1,118,140,0.2,rat_movement=True
1,111,180,0.3,rat_movement=True
1,57,60,0.4,rat_movement=True
1,271,480,0.6,rat_movement=True
1,104,120,0.8,rat_movement=True
1,534,800,0.5,rat_movement=True
1,74,120,0.9,rat_movement=True
1,6,20,0.01,rat_movement=True
1,301,440,0.7,rat_movement=True
1,87,80,0.03,rat_movement=True
1,207,220,1.0,rat_movement=True
1,103,100,0.07,rat_movement=True
1,174,420,0.05,rat_movement=True
1,64,80,0.1,rat_movement=True
1,46,100,0.2,rat_movement=True
1,179,180,0.09,rat_movement=True
1,121,80,0.4,rat_movement=True
1,120,240,0.6,rat_movement=True
1,120,140,0.7,rat_movement=True
1,344,460,0.5,rat_movement=True
1,196,300,0.8,rat_movement=True
1,20,40,1.0,rat_movement=True
1,656,860,0.3,rat_movement=True
1,339,380,0.9,rat_movement=True
1,135,180,0.01,rat_movement=True
1,129,140,0.03,rat_movement=True
1,32,40,0.05,rat_movement=True
1,75,80,0.07,rat_movement=True
1,89,160,0.09,rat_movement=True
1,6,40,0.1,rat_movement=True
1,1617,1900,0.0,rat_movement=True
1,748,1220,0.0,rat_movement=True
1,2,20,0.4,rat_movement=True
1,282,420,0.3,rat_movement=True
1,96,100,0.7,rat_movement=True
1,205,200,0.5,rat_movement=True
1,655,860,0.2,rat_movement=True
1,83,160,0.8,rat_movement=True
1,169,320,0.9,rat_movement=True
1,437,360,0.6,rat_movement=True
1,116,80,0.01,rat_movement=True
1,132,120,0.03,rat_movement=True
1,298,520,0.0,rat_movement=True
1,5,20,0.09,rat_movement=True
1,86,200,0.05,rat_movement=True
1,69,140,0.07,rat_movement=True
1,59,120,0.1,rat_movement=True
1,70,180,0.2,rat_movement=True
1,71,40,0.3,rat_movement=True
1,14,20,0.5,rat_movement=True
1,373,280,0.4,rat_movement=True
1,255,220,0.6,rat_movement=True
1,1140,1060,1.0,rat_movement=True
1,20,60,0.8,rat_movement=True
1,204,200,0.9,rat_movement=True
1,349,320,0.7,rat_movement=True
1,157,160,0.01,rat_movement=True
1,255,400,1.0,rat_movement=True
1,53,100,0.03,rat_movement=True
1,9,20,0.05,rat_movement=True
1,45,40,0.09,rat_movement=True
1,99,100,0.1,rat_movement=True
1,175,160,0.07,rat_movement=True
1,102,80,0.4,rat_movement=True
1,176,220,0.2,rat_movement=True
1,330,400,0.3,rat_movement=True
1,26,100,0.6,rat_movement=True
1,272,220,0.5,rat_movement=True
1,47,120,0.7,rat_movement=True
1,3,20,1.0,rat_movement=True
1,26,40,0.01,rat_movement=True
1,393,640,0.8,rat_movement=True
1,366,680,0.0,rat_movement=True
1,275,520,0.03,rat_movement=True
1,104,240,0.07,rat_movement=True
1,17,20,0.2,rat_movement=True
1,111,240,0.09,rat_movement=True
1,22,20,0.3,rat_movement=True
1,195,280,0.1,rat_movement=True
1,82,160,0.5,rat_movement=True
1,242,280,0.4,rat_movement=True
1,465,800,0.05,rat_movement=True
1,1303,1320,0.9,rat_movement=True
1,170,240,0.6,rat_movement=True
1,282,360,0.7,rat_movement=True
1,472,540,0.9,rat_movement=True
1,488,560,0.8,rat_movement=True
1,21,60,0.03,rat_movement=True
1,44,20,0.05,rat_movement=True
1,302,620,0.0,rat_movement=True
1,110,140,0.07,rat_movement=True
1,572,600,1.0,rat_movement=True
1,127,240,0.09,rat_movement=True
1,363,620,0.01,rat_movement=True
1,55,80,0.1,rat_movement=True
1,121,60,0.2,rat_movement=True
1,250,280,0.3,rat_movement=True
1,115,180,0.5,rat_movement=True
1,179,240,0.4,rat_movement=True
1,80,100,0.7,rat_movement=True
1,41,140,1.0,rat_movement=True
1,204,240,0.9,rat_movement=True
1,13,60,0.03,rat_movement=True
1,76,100,0.01,rat_movement=True
1,634,540,0.8,rat_movement=True
1,68,80,0.05,rat_movement=True
1,15,40,0.1,rat_movement=True
1,69,80,0.07,rat_movement=True
1,60,100,0.2,rat_movement=True
1,983,920,0.6,rat_movement=True
1,166,400,0.09,rat_movement=True
1,99,100,0.3,rat_movement=True
1,31,40,0.5,rat_movement=True
1,78,180,0.4,rat_movement=True
1,78,200,0.8,rat_movement=True
1,111,180,0.7,rat_movement=True
1,450,460,0.6,rat_movement=True
1,229,420,0.9,rat_movement=True
1,20,20,0.01,rat_movement=True
1,326,320,1.0,rat_movement=True
1,46,40,0.07,rat_movement=True
1,1387,1960,0.0,rat_movement=True
1,100,220,0.05,rat_movement=True
1,51,60,0.09,rat_movement=True
1,223,460,0.03,rat_movement=True
1,121,240,0.1,rat_movement=True
1,88,60,0.2,rat_movement=True
1,89,140,0.3,rat_movement=True
1,759,920,0.0,rat_movement=True
1,169,120,0.4,rat_movement=True
1,114,140,0.7,rat_movement=True
1,225,320,0.6,rat_movement=True
1,436,400,0.5,rat_movement=True
1,81,140,0.8,rat_movement=True
1,107,240,1.0,rat_movement=True
1,242,260,0.9,rat_movement=True
1,39,60,0.03,rat_movement=True
1,356,620,0.01,rat_movement=True
1,169,340,0.05,rat_movement=True
1,62,100,0.07,rat_movement=True
1,20,40,0.1,rat_movement=True
1,16,20,0.3,rat_movement=True
1,121,80,0.2,rat_movement=True
1,93,160,0.4,rat_movement=True
1,225,260,0.09,rat_movement=True
1,12,20,0.5,rat_movement=True
1,108,140,0.9,rat_movement=True
1,356,360,0.6,rat_movement=True
1,291,260,0.7,rat_movement=True
1,245,260,0.8,rat_movement=True
1,1568,1680,0.0,rat_movement=True
1,17,20,0.0,rat_movement=True
1,129,240,1.0,rat_movement=True
1,95,120,0.01,rat_movement=True
1,36,60,0.05,rat_movement=True
1,88,60,0.07,rat_movement=True
1,77,60,0.09,rat_movement=True
1,44,100,0.1,rat_movement=True
1,173,340,0.2,rat_movement=True
1,135,220,0.3,rat_movement=True
1,775,1060,0.03,rat_movement=True
1,22,20,0.5,rat_movement=True
1,351,420,0.4,rat_movement=True
1,54,140,0.8,rat_movement=True
1,29,20,1.0,rat_movement=True
1,105,160,0.9,rat_movement=True
1,321,300,0.6,rat_movement=True
1,31,60,0.03,rat_movement=True
1,511,440,0.7,rat_movement=True
1,160,160,0.01,rat_movement=True
1,60,60,0.07,rat_movement=True
1,109,140,0.05,rat_movement=True
1,16,20,0.09,rat_movement=True
1,70,60,0.2,rat_movement=True
1,46,80,0.3,rat_movement=True
1,268,240,0.1,rat_movement=True
1,66,60,0.5,rat_movement=True
1,76,80,0.6,rat_movement=True
1,875,1340,0.0,rat_movement=True
1,147,160,0.7,rat_movement=True
1,46,80,0.9,rat_movement=True
1,362,440,0.8,rat_movement=True
1,60,160,1.0,rat_movement=True
1,800,1060,0.4,rat_movement=True
1,46,60,0.03,rat_movement=True
1,78,180,0.01,rat_movement=True
1,18,40,0.09,rat_movement=True
1,86,140,0.07,rat_movement=True
1,218,460,0.05,rat_movement=True
1,58,40,0.2,rat_movement=True
1,16,80,0.3,rat_movement=True
1,126,280,0.1,rat_movement=True
1,197,180,0.4,rat_movement=True
1,22,20,0.7,rat_movement=True
1,900,980,0.0,rat_movement=True
1,148,100,0.9,rat_movement=True
1,13,20,0.0,rat_movement=True
1,49,40,0.01,rat_movement=True
1,459,380,0.8,rat_movement=True
1,742,940,0.5,rat_movement=True
1,784,740,0.6,rat_movement=True
1,368,380,1.0,rat_movement=True
1,90,80,0.07,rat_movement=True
1,140,180,0.05,rat_movement=True
1,294,520,0.03,rat_movement=True
1,209,220,0.09,rat_movement=True
1,27,20,0.2,rat_movement=True
1,265,460,0.1,rat_movement=True
1,82,60,0.3,rat_movement=True
1,69,180,0.4,rat_movement=True
1,126,140,0.6,rat_movement=True
1,83,160,0.8,rat_movement=True
1,494,380,0.5,rat_movement=True
1,245,220,0.9,rat_movement=True
1,154,120,0.0,rat_movement=True
1,57,60,0.03,rat_movement=True
1,20,40,0.07,rat_movement=True
1,26,40,0.09,rat_movement=True
1,743,640,1.0,rat_movement=True
1,410,460,0.01,rat_movement=True
1,27,20,0.2,rat_movement=True
1,57,100,0.3,rat_movement=True
1,402,620,0.05,rat_movement=True
1,324,440,0.1,rat_movement=True
1,144,100,0.5,rat_movement=True
1,31,80,0.6,rat_movement=True
1,295,260,0.4,rat_movement=True
1,1705,1420,0.7,rat_movement=True
1,160,120,0.8,rat_movement=True
1,27,20,1.0,rat_movement=True
1,44,40,0.01,rat_movement=True
1,96,220,0.03,rat_movement=True
1,77,160,0.05,rat_movement=True
1,125,100,0.07,rat_movement=True
1,29,20,0.1,rat_movement=True
1,132,200,0.09,rat_movement=True
1,76,40,0.2,rat_movement=True
1,1077,940,0.9,rat_movement=True
1,175,280,0.3,rat_movement=True
1,59,40,0.4,rat_movement=True
1,91,120,0.6,rat_movement=True
1,141,80,0.5,rat_movement=True
1,154,120,0.8,rat_movement=True
1,9,20,0.9,rat_movement=True
1,397,380,0.7,rat_movement=True
1,303,300,1.0,rat_movement=True
1,77,120,0.03,rat_movement=True
1,114,200,0.01,rat_movement=True
1,81,100,0.05,rat_movement=True
1,16,40,0.09,rat_movement=True
1,96,140,0.07,rat_movement=True
1,29,100,0.1,rat_movement=True
1,132,80,0.3,rat_movement=True
1,317,300,0.2,rat_movement=True
1,136,100,0.4,rat_movement=True
1,35,40,0.7,rat_movement=True
1,414,520,0.5,rat_movement=True
1,27,60,0.9,rat_movement=True
1,198,260,0.8,rat_movement=True
1,103,80,0.0,rat_movement=True
1,92,140,0.01,rat_movement=True
1,25,80,0.03,rat_movement=True
1,69,100,0.05,rat_movement=True
1,10,20,0.07,rat_movement=True
1,1150,880,0.6,rat_movement=True
1,30,100,0.09,rat_movement=True
1,46,40,0.1,rat_movement=True
1,835,740,1.0,rat_movement=True
1,121,140,0.2,rat_movement=True
1,38,20,0.4,rat_movement=True
1,128,260,0.3,rat_movement=True
1,70,80,0.5,rat_movement=True
1,103,60,0.6,rat_movement=True
1,72,60,0.7,rat_movement=True
1,63,40,0.9,rat_movement=True
1,181,180,1.0,rat_movement=True
1,214,280,0.0,rat_movement=True
1,138,220,0.01,rat_movement=True
1,101,220,0.03,rat_movement=True
1,85,60,0.05,rat_movement=True
1,34,60,0.07,rat_movement=True
1,114,240,0.09,rat_movement=True
1,92,140,0.2,rat_movement=True
1,260,400,0.1,rat_movement=True
1,69,40,0.4,rat_movement=True
1,262,260,0.3,rat_movement=True
1,1194,1260,0.8,rat_movement=True
1,42,40,0.5,rat_movement=True
1,77,60,0.6,rat_movement=True
1,279,220,0.7,rat_movement=True
1,113,80,0.0,rat_movement=True
1,319,240,0.9,rat_movement=True
1,422,320,1.0,rat_movement=True
1,170,240,0.03,rat_movement=True
1,221,380,0.05,rat_movement=True
1,209,280,0.07,rat_movement=True
1,116,260,0.09,rat_movement=True
1,93,140,0.2,rat_movement=True
1,745,880,0.01,rat_movement=True
1,163,200,0.3,rat_movement=True
1,327,560,0.1,rat_movement=True
1,20,40,0.5,rat_movement=True
1,81,240,0.4,rat_movement=True
1,1702,1380,0.8,rat_movement=True
1,60,100,0.9,rat_movement=True
1,228,280,0.8,rat_movement=True
1,11,20,0.01,rat_movement=True
1,326,240,0.7,rat_movement=True
1,34,80,0.05,rat_movement=True
1,16,60,0.09,rat_movement=True
1,82,120,0.07,rat_movement=True
1,9,20,0.1,rat_movement=True
1,520,460,1.0,rat_movement=True
1,49,100,0.2,rat_movement=True
1,390,700,0.03,rat_movement=True
1,1063,780,0.6,rat_movement=True
1,93,120,0.3,rat_movement=True
1,60,40,0.4,rat_movement=True
1,36,20,0.8,rat_movement=True
1,91,60,0.7,rat_movement=True
1,312,360,0.5,rat_movement=True
1,44,40,1.0,rat_movement=True
1,362,340,0.6,rat_movement=True
1,18,80,0.01,rat_movement=True
1,91,80,0.0,rat_movement=True
1,8,20,0.03,rat_movement=True
1,39,80,0.05,rat_movement=True
1,360,320,0.9,rat_movement=True
1,1297,1540,0.0,rat_movement=True
1,103,200,0.07,rat_movement=True
1,47,60,0.1,rat_movement=True
1,98,160,0.2,rat_movement=True
1,117,80,0.3,rat_movement=True
1,20,80,0.4,rat_movement=True
1,344,620,0.09,rat_movement=True
1,48,120,0.5,rat_movement=True
1,21,20,0.6,rat_movement=True
1,146,140,0.7,rat_movement=True
1,79,120,0.8,rat_movement=True
1,148,140,1.0,rat_movement=True
1,118,240,0.03,rat_movement=True
1,426,560,0.01,rat_movement=True
1,736,700,0.9,rat_movement=True
1,236,400,0.05,rat_movement=True
1,53,60,0.09,rat_movement=True
1,129,300,0.07,rat_movement=True
1,31,60,0.1,rat_movement=True
1,30,20,0.2,rat_movement=True
1,17,40,0.3,rat_movement=True
1,55,40,0.6,rat_movement=True
1,188,220,0.4,rat_movement=True
1,212,220,0.5,rat_movement=True
1,1281,1640,0.0,rat_movement=True
1,22,40,0.0,rat_movement=True
1,167,200,1.0,rat_movement=True
1,77,160,0.01,rat_movement=True
1,689,660,0.7,rat_movement=True
1,598,560,0.8,rat_movement=True
1,83,100,0.05,rat_movement=True
1,188,340,0.03,rat_movement=True
1,111,100,0.07,rat_movement=True
1,88,100,0.09,rat_movement=True
1,73,80,0.1,rat_movement=True
1,35,40,0.3,rat_movement=True
1,965,820,0.9,rat_movement=True
1,24,20,0.6,rat_movement=True
1,281,260,0.4,rat_movement=True
1,300,380,0.5,rat_movement=True
1,264,340,0.7,rat_movement=True
1,206,340,0.9,rat_movement=True
1,81,60,1.0,rat_movement=True
1,319,400,0.8,rat_movement=True
1,73,60,0.01,rat_movement=True
1,120,160,0.03,rat_movement=True
1,49,80,0.05,rat_movement=True
1,418,380,0.0,rat_movement=True
1,74,100,0.07,rat_movement=True
1,98,120,0.09,rat_movement=True
1,49,60,0.1,rat_movement=True
1,57,60,0.3,rat_movement=True
1,76,80,0.2,rat_movement=True
1,39,40,0.4,rat_movement=True
1,47,120,0.6,rat_movement=True
1,66,60,0.7,rat_movement=True
1,108,80,0.8,rat_movement=True
1,424,400,0.5,rat_movement=True
1,13,20,0.01,rat_movement=True
1,399,380,0.9,rat_movement=True
1,347,320,1.0,rat_movement=True
1,148,300,0.03,rat_movement=True
1,176,260,0.05,rat_movement=True
1,67,120,0.09,rat_movement=True
1,89,200,0.07,rat_movement=True
1,41,120,0.2,rat_movement=True
1,145,220,0.1,rat_movement=True
1,109,60,0.3,rat_movement=True
1,42,40,0.4,rat_movement=True
1,301,200,0.5,rat_movement=True
1,147,220,0.7,rat_movement=True
1,371,300,0.6,rat_movement=True
1,175,220,0.8,rat_movement=True
1,24,80,1.0,rat_movement=True
1,117,140,0.01,rat_movement=True
1,93,100,0.03,rat_movement=True
1,51,80,0.05,rat_movement=True
1,408,340,0.9,rat_movement=True
1,64,60,0.07,rat_movement=True
1,1743,2020,0.0,rat_movement=True
1,195,360,0.09,rat_movement=True
1,557,680,0.0,rat_movement=True
1,58,60,0.3,rat_movement=True
1,156,260,0.2,rat_movement=True
1,250,440,0.1,rat_movement=True
1,177,160,0.4,rat_movement=True
1,93,60,0.6,rat_movement=True
1,198,320,0.5,rat_movement=True
1,73,60,0.7,rat_movement=True
1,24,60,0.9,rat_movement=True
1,4,40,0.01,rat_movement=True
1,230,540,0.8,rat_movement=True
1,44,60,0.05,rat_movement=True
1,29,20,0.07,rat_movement=True
1,64,180,0.09,rat_movement=True
1,196,340,0.03,rat_movement=True
1,76,160,0.1,rat_movement=True
1,63,80,0.2,rat_movement=True
1,86,60,0.3,rat_movement=True
1,29,40,0.5,rat_movement=True
1,73,100,0.4,rat_movement=True
1,88,60,0.6,rat_movement=True
1,948,780,1.0,rat_movement=True
1,237,220,0.7,rat_movement=True
1,42,40,0.01,rat_movement=True
1,303,360,0.8,rat_movement=True
1,23,20,0.03,rat_movement=True
1,17,20,0.07,rat_movement=True
1,130,260,0.05,rat_movement=True
1,457,400,0.9,rat_movement=True
1,40,120,0.09,rat_movement=True
1,1448,1620,0.0,rat_movement=True
1,84,140,0.1,rat_movement=True
1,588,540,1.0,rat_movement=True
1,106,120,0.4,rat_movement=True
1,196,420,0.2,rat_movement=True
1,255,220,0.3,rat_movement=True
1,331,420,0.5,rat_movement=True
1,266,400,0.6,rat_movement=True
1,85,80,0.8,rat_movement=True
1,38,40,1.0,rat_movement=True
1,109,180,0.9,rat_movement=True
1,58,60,0.0,rat_movement=True
1,422,340,0.7,rat_movement=True
1,89,120,0.01,rat_movement=True
1,1413,1680,0.0,rat_movement=True
1,51,80,0.05,rat_movement=True
1,55,100,0.07,rat_movement=True
1,64,180,0.09,rat_movement=True
1,58,60,0.1,rat_movement=True
1,280,520,0.03,rat_movement=True
1,117,220,0.3,rat_movement=True
1,259,360,0.2,rat_movement=True
1,148,220,0.4,rat_movement=True
1,105,180,0.6,rat_movement=True
1,141,120,0.8,rat_movement=True
1,207,260,0.7,rat_movement=True
1,31,20,1.0,rat_movement=True
1,72,140,0.01,rat_movement=True
1,295,420,0.9,rat_movement=True
1,569,420,0.5,rat_movement=True
1,81,60,0.05,rat_movement=True
1,51,80,0.07,rat_movement=True
1,157,260,0.03,rat_movement=True
1,30,60,0.09,rat_movement=True
1,100,120,0.1,rat_movement=True
1,60,140,0.2,rat_movement=True
1,23,120,0.3,rat_movement=True
1,39,40,0.4,rat_movement=True
1,16,20,0.5,rat_movement=True
1,93,60,0.6,rat_movement=True
1,275,320,0.7,rat_movement=True
1,401,400,0.8,rat_movement=True
1,177,220,1.0,rat_movement=True
1,99,140,0.01,rat_movement=True
1,35,40,0.03,rat_movement=True
1,22,80,0.05,rat_movement=True
1,40,60,0.07,rat_movement=True
1,63,160,0.09,rat_movement=True
1,799,740,0.9,rat_movement=True
1,42,20,0.2,rat_movement=True
1,219,240,0.1,rat_movement=True
1,121,80,0.4,rat_movement=True
1,745,1080,0.0,rat_movement=True
1,15,20,0.7,rat_movement=True
1,142,160,0.6,rat_movement=True
1,54,200,0.8,rat_movement=True
1,77,80,0.9,rat_movement=True
1,41,60,0.0,rat_movement=True
1,751,1080,0.3,rat_movement=True
1,252,280,1.0,rat_movement=True
1,16,20,0.05,rat_movement=True
1,87,240,0.03,rat_movement=True
1,212,260,0.01,rat_movement=True
1,870,860,0.5,rat_movement=True
1,103,180,0.07,rat_movement=True
1,66,80,0.1,rat_movement=True
1,22,80,0.2,rat_movement=True
1,130,280,0.09,rat_movement=True
1,91,140,0.3,rat_movement=True
1,56,40,0.5,rat_movement=True
1,115,120,0.6,rat_movement=True
1,432,420,0.4,rat_movement=True
1,63,40,1.0,rat_movement=True
1,11,20,0.0,rat_movement=True
1,223,400,0.8,rat_movement=True
1,203,140,0.9,rat_movement=True
1,57,60,0.03,rat_movement=True
1,108,200,0.01,rat_movement=True
1,85,80,0.05,rat_movement=True
1,46,60,0.09,rat_movement=True
1,79,140,0.1,rat_movement=True
1,81,100,0.3,rat_movement=True
1,267,360,0.2,rat_movement=True
1,22,20,0.4,rat_movement=True
1,538,860,0.07,rat_movement=True
1,121,100,0.6,rat_movement=True
1,1754,1500,0.7,rat_movement=True
1,397,300,0.5,rat_movement=True
1,118,160,0.7,rat_movement=True
1,154,140,0.9,rat_movement=True
1,139,160,0.0,rat_movement=True
1,53,140,0.03,rat_movement=True
1,177,160,0.01,rat_movement=True
1,62,80,0.07,rat_movement=True
1,112,240,0.05,rat_movement=True
1,39,60,0.09,rat_movement=True
1,124,140,0.1,rat_movement=True
1,57,80,0.2,rat_movement=True
1,37,100,0.4,rat_movement=True
1,940,820,0.8,rat_movement=True
1,88,120,0.3,rat_movement=True
1,877,780,1.0,rat_movement=True
1,57,40,0.5,rat_movement=True
1,58,60,0.7,rat_movement=True
1,34,120,0.8,rat_movement=True
1,150,120,0.6,rat_movement=True
1,157,140,1.0,rat_movement=True
1,113,120,0.01,rat_movement=True
1,66,100,0.05,rat_movement=True
1,140,320,0.03,rat_movement=True
1,46,180,0.07,rat_movement=True
1,498,600,0.0,rat_movement=True
1,31,40,0.09,rat_movement=True
1,59,80,0.1,rat_movement=True
1,671,620,0.9,rat_movement=True
1,121,100,0.2,rat_movement=True
1,15,40,0.3,rat_movement=True
1,36,40,0.4,rat_movement=True
1,18,20,0.5,rat_movement=True
1,210,160,0.6,rat_movement=True
1,243,220,0.7,rat_movement=True
1,36,60,0.9,rat_movement=True
1,135,140,0.8,rat_movement=True
1,35,20,0.01,rat_movement=True
1,41,80,0.03,rat_movement=True
1,82,60,0.05,rat_movement=True
1,76,100,0.07,rat_movement=True
1,60,100,0.09,rat_movement=True
1,79,140,0.1,rat_movement=True
1,155,300,0.2,rat_movement=True
1,753,880,0.0,rat_movement=True
1,19,60,0.3,rat_movement=True
1,197,200,0.6,rat_movement=True
1,1299,1040,1.0,rat_movement=True
1,214,440,0.5,rat_movement=True
1,343,460,0.7,rat_movement=True
1,599,700,0.4,rat_movement=True
1,49,60,0.0,rat_movement=True
1,373,460,0.9,rat_movement=True
1,32,80,0.03,rat_movement=True
1,408,560,1.0,rat_movement=True
1,707,920,0.8,rat_movement=True
1,54,160,0.07,rat_movement=True
1,291,300,0.05,rat_movement=True
1,38,120,0.09,rat_movement=True
1,51,40,0.1,rat_movement=True
1,13,20,0.2,rat_movement=True
1,106,60,0.3,rat_movement=True
1,152,140,0.5,rat_movement=True
1,263,340,0.4,rat_movement=True
1,21,20,0.7,rat_movement=True
1,299,220,0.8,rat_movement=True
1,28,40,0.9,rat_movement=True
1,656,640,0.6,rat_movement=True
1,86,80,0.01,rat_movement=True
1,274,320,1.0,rat_movement=True
1,5,20,0.05,rat_movement=True
1,70,120,0.03,rat_movement=True
1,37,80,0.09,rat_movement=True
1,90,220,0.1,rat_movement=True
1,161,120,0.3,rat_movement=True
1,680,1000,0.0,rat_movement=True
1,70,140,0.4,rat_movement=True
1,438,760,0.07,rat_movement=True
1,56,100,0.6,rat_movement=True
1,516,620,0.2,rat_movement=True
1,15,20,0.8,rat_movement=True
1,65,40,0.9,rat_movement=True
1,98,60,0.0,rat_movement=True
1,47,60,0.01,rat_movement=True
1,576,560,0.5,rat_movement=True
1,220,240,1.0,rat_movement=True
1,60,120,0.07,rat_movement=True
1,545,440,0.7,rat_movement=True
1,163,260,0.05,rat_movement=True
1,54,80,0.09,rat_movement=True
1,116,140,0.2,rat_movement=True
1,367,500,0.03,rat_movement=True
1,129,220,0.3,rat_movement=True
1,340,560,0.1,rat_movement=True
1,284,220,0.4,rat_movement=True
1,170,300,0.5,rat_movement=True
1,107,340,0.6,rat_movement=True
1,29,20,0.9,rat_movement=True
1,292,260,0.7,rat_movement=True
1,88,140,0.01,rat_movement=True
1,104,200,0.03,rat_movement=True
1,48,140,0.05,rat_movement=True
1,71,220,0.07,rat_movement=True
1,63,180,0.09,rat_movement=True
1,68,120,0.1,rat_movement=True
1,43,120,0.2,rat_movement=True
1,0,0,0.3,rat_movement=True
1,951,1120,0.0,rat_movement=True
1,1583,1300,0.8,rat_movement=True
1,165,260,0.5,rat_movement=True
1,131,140,0.6,rat_movement=True
1,232,260,0.4,rat_movement=True
1,46,40,0.8,rat_movement=True
1,155,140,0.7,rat_movement=True
1,82,60,1.0,rat_movement=True
1,48,60,0.0,rat_movement=True
1,68,120,0.03,rat_movement=True
1,1,20,0.05,rat_movement=True
1,46,80,0.07,rat_movement=True
1,373,440,0.01,rat_movement=True
1,40,40,0.1,rat_movement=True
1,86,100,0.2,rat_movement=True
1,279,440,0.09,rat_movement=True
1,140,320,0.3,rat_movement=True
1,90,80,0.5,rat_movement=True
1,17,40,0.6,rat_movement=True
1,353,480,0.4,rat_movement=True
1,142,140,0.7,rat_movement=True
1,84,60,0.8,rat_movement=True
1,79,180,0.9,rat_movement=True
1,108,60,1.0,rat_movement=True
1,55,140,0.01,rat_movement=True
1,127,100,0.0,rat_movement=True
1,27,60,0.03,rat_movement=True
1,178,360,0.05,rat_movement=True
1,189,260,0.07,rat_movement=True
1,74,60,0.2,rat_movement=True
1,311,500,0.09,rat_movement=True
1,192,380,0.1,rat_movement=True
1,68,60,0.3,rat_movement=True
1,90,180,0.4,rat_movement=True
1,252,240,0.5,rat_movement=True
1,23,20,0.9,rat_movement=True
1,467,420,0.6,rat_movement=True
1,431,340,0.7,rat_movement=True
1,34,20,0.01,rat_movement=True
1,5,20,0.03,rat_movement=True
1,253,200,1.0,rat_movement=True
1,401,420,0.8,rat_movement=True
1,70,160,0.07,rat_movement=True
1,82,160,0.05,rat_movement=True
1,34,20,0.1,rat_movement=True
1,98,100,0.09,rat_movement=True
1,96,120,0.2,rat_movement=True
1,23,60,0.5,rat_movement=True
1,599,680,0.0,rat_movement=True
1,13,20,0.6,rat_movement=True
1,177,200,0.4,rat_movement=True
1,338,260,0.3,rat_movement=True
1,253,200,0.7,rat_movement=True
1,115,180,1.0,rat_movement=True
1,40,40,0.01,rat_movement=True
1,277,260,0.8,rat_movement=True
1,113,160,0.0,rat_movement=True
1,44,80,0.03,rat_movement=True
1,88,280,0.05,rat_movement=True
1,137,240,0.09,rat_movement=True
1,217,260,0.07,rat_movement=True
1,147,120,0.2,rat_movement=True
1,299,260,0.1,rat_movement=True
1,38,40,0.4,rat_movement=True
1,98,100,0.3,rat_movement=True
1,19,40,0.5,rat_movement=True
1,772,780,0.9,rat_movement=True
1,98,60,0.8,rat_movement=True
1,6,20,1.0,rat_movement=True
1,219,220,0.6,rat_movement=True
1,57,40,0.01,rat_movement=True
1,227,180,0.9,rat_movement=True
1,16,20,0.05,rat_movement=True
1,131,100,0.03,rat_movement=True
1,94,140,0.07,rat_movement=True
1,621,720,0.7,rat_movement=True
1,124,140,0.09,rat_movement=True
1,26,40,0.1,rat_movement=True
1,486,480,0.0,rat_movement=True
1,37,80,0.2,rat_movement=True
1,98,200,0.3,rat_movement=True
1,21,20,0.4,rat_movement=True
1,34,40,0.6,rat_movement=True
1,124,100,0.5,rat_movement=True
1,38,60,0.8,rat_movement=True
1,51,120,0.7,rat_movement=True
1,134,100,0.9,rat_movement=True
1,114,80,0.0,rat_movement=True
1,13,40,0.05,rat_movement=True
1,80,140,0.03,rat_movement=True
1,146,240,0.01,rat_movement=True
1,62,140,0.07,rat_movement=True
1,26,80,0.1,rat_movement=True
1,68,100,0.2,rat_movement=True
1,29,60,0.3,rat_movement=True
1,36,60,0.4,rat_movement=True
1,69,60,0.7,rat_movement=True
1,830,760,1.0,rat_movement=True
1,33,40,1.0,rat_movement=True
1,510,900,0.09,rat_movement=True
1,189,160,0.9,rat_movement=True
1,292,340,0.6,rat_movement=True
1,303,200,0.8,rat_movement=True
1,69,60,0.03,rat_movement=True
1,127,160,0.01,rat_movement=True
1,259,280,0.0,rat_movement=True
1,110,140,0.05,rat_movement=True
1,47,80,0.07,rat_movement=True
1,23,20,0.09,rat_movement=True
1,25,40,0.1,rat_movement=True
1,41,120,0.2,rat_movement=True
1,94,180,0.3,rat_movement=True
1,132,160,0.4,rat_movement=True
1,110,80,0.5,rat_movement=True
1,968,780,0.5,rat_movement=True
1,64,40,0.7,rat_movement=True
1,18,20,1.0,rat_movement=True
1,140,240,0.8,rat_movement=True
1,235,180,0.6,rat_movement=True
1,158,160,0.9,rat_movement=True
1,41,60,0.01,rat_movement=True
1,37,20,0.03,rat_movement=True
1,127,120,0.0,rat_movement=True
1,59,180,0.05,rat_movement=True
1,81,140,0.07,rat_movement=True
1,22,20,0.1,rat_movement=True
1,317,620,0.09,rat_movement=True
1,40,60,0.3,rat_movement=True
1,251,400,0.2,rat_movement=True
1,118,80,0.4,rat_movement=True
1,289,240,0.5,rat_movement=True
1,154,120,0.6,rat_movement=True
1,14,20,0.9,rat_movement=True
1,54,40,1.0,rat_movement=True
1,365,340,0.7,rat_movement=True
1,84,80,0.0,rat_movement=True
1,24,60,0.01,rat_movement=True
1,303,280,0.8,rat_movement=True
1,58,60,0.03,rat_movement=True
1,25,20,0.07,rat_movement=True
1,46,60,0.09,rat_movement=True
1,110,120,0.05,rat_movement=True
1,154,200,0.1,rat_movement=True
1,25,40,0.3,rat_movement=True
1,152,180,0.2,rat_movement=True
1,119,160,0.4,rat_movement=True
1,135,80,0.5,rat_movement=True
1,186,280,0.6,rat_movement=True
1,12,60,1.0,rat_movement=True
1,135,120,0.9,rat_movement=True
1,49,100,0.01,rat_movement=True
1,423,440,0.7,rat_movement=True
1,118,160,0.05,rat_movement=True
1,121,240,0.03,rat_movement=True
1,74,80,0.07,rat_movement=True
1,834,740,0.8,rat_movement=True
1,54,60,0.2,rat_movement=True
1,126,280,0.09,rat_movement=True
1,101,140,0.1,rat_movement=True
1,41,40,0.3,rat_movement=True
1,121,120,0.5,rat_movement=True
1,168,180,0.4,rat_movement=True
1,8,40,0.6,rat_movement=True
1,1,20,0.9,rat_movement=True
1,77,60,0.8,rat_movement=True
1,241,220,0.7,rat_movement=True
1,1192,1560,0.0,rat_movement=True
1,82,80,0.01,rat_movement=True
1,39,60,0.05,rat_movement=True
1,86,160,0.03,rat_movement=True
1,259,240,1.0,rat_movement=True
1,75,260,0.09,rat_movement=True
1,362,440,0.0,rat_movement=True
1,131,300,0.07,rat_movement=True
1,84,60,0.3,rat_movement=True
1,20,80,0.4,rat_movement=True
1,143,240,0.2,rat_movement=True
1,46,140,0.5,rat_movement=True
1,94,80,0.6,rat_movement=True
1,319,540,0.1,rat_movement=True
1,225,200,0.7,rat_movement=True
1,125,120,1.0,rat_movement=True
1,18,20,0.01,rat_movement=True
1,458,340,0.8,rat_movement=True
1,256,300,0.0,rat_movement=True
1,142,260,0.03,rat_movement=True
1,171,380,0.05,rat_movement=True
1,672,700,0.9,rat_movement=True
1,37,20,0.09,rat_movement=True
1,131,120,0.1,rat_movement=True
1,78,160,0.3,rat_movement=True
1,197,280,0.2,rat_movement=True
1,41,80,0.4,rat_movement=True
1,446,660,0.07,rat_movement=True
1,140,160,0.7,rat_movement=True
1,242,200,0.8,rat_movement=True
1,92,80,1.0,rat_movement=True
1,376,460,0.5,rat_movement=True
1,544,420,0.6,rat_movement=True
1,67,80,0.03,rat_movement=True
1,218,280,0.0,rat_movement=True
1,121,160,0.05,rat_movement=True
1,71,100,0.07,rat_movement=True
1,41,20,0.09,rat_movement=True
1,44,40,0.1,rat_movement=True
1,456,760,0.01,rat_movement=True
1,26,20,0.3,rat_movement=True
1,245,480,0.2,rat_movement=True
1,127,240,0.4,rat_movement=True
1,95,200,0.5,rat_movement=True
1,120,80,0.6,rat_movement=True
1,400,380,0.7,rat_movement=True
1,322,260,1.0,rat_movement=True
1,371,340,0.9,rat_movement=True
1,389,500,0.8,rat_movement=True
1,29,40,0.03,rat_movement=True
1,62,80,0.01,rat_movement=True
1,276,280,0.0,rat_movement=True
1,1860,1580,0.9,rat_movement=True
1,75,80,0.05,rat_movement=True
1,87,120,0.09,rat_movement=True
1,91,120,0.1,rat_movement=True
1,164,260,0.07,rat_movement=True
1,86,120,0.2,rat_movement=True
1,67,60,0.4,rat_movement=True
1,99,160,0.3,rat_movement=True
1,61,100,0.5,rat_movement=True
1,172,140,0.7,rat_movement=True
1,10,20,0.0,rat_movement=True
1,516,480,0.6,rat_movement=True
1,298,200,1.0,rat_movement=True
1,385,340,0.9,rat_movement=True
1,44,40,0.01,rat_movement=True
1,30,40,0.05,rat_movement=True
1,4,40,0.07,rat_movement=True
1,596,720,0.8,rat_movement=True
1,20,40,0.1,rat_movement=True
1,108,280,0.09,rat_movement=True
1,268,440,0.03,rat_movement=True
1,86,200,0.2,rat_movement=True
1,46,80,0.3,rat_movement=True
1,45,60,0.6,rat_movement=True
1,230,200,0.4,rat_movement=True
1,259,260,0.5,rat_movement=True
1,258,240,1.0,rat_movement=True
1,318,280,0.9,rat_movement=True
1,451,340,0.7,rat_movement=True
1,102,240,0.01,rat_movement=True
1,451,360,0.8,rat_movement=True
1,33,40,0.07,rat_movement=True
1,83,180,0.05,rat_movement=True
1,0,0,0.1,rat_movement=True
1,253,380,0.03,rat_movement=True
1,128,180,0.09,rat_movement=True
1,126,160,0.2,rat_movement=True
1,12,60,0.5,rat_movement=True
1,105,80,0.4,rat_movement=True
1,0,0,0.6,rat_movement=True
1,171,200,0.3,rat_movement=True
1,377,360,0.7,rat_movement=True
1,421,320,0.8,rat_movement=True
1,244,200,1.0,rat_movement=True
1,121,80,0.0,rat_movement=True
1,105,160,0.01,rat_movement=True
1,87,260,0.03,rat_movement=True
1,35,40,0.05,rat_movement=True
1,17,40,0.09,rat_movement=True
1,911,820,0.9,rat_movement=True
1,201,320,0.07,rat_movement=True
1,56,160,0.1,rat_movement=True
1,95,120,0.2,rat_movement=True
1,169,180,0.4,rat_movement=True
1,283,260,0.5,rat_movement=True
1,121,120,0.7,rat_movement=True
1,359,320,0.6,rat_movement=True
1,806,880,0.3,rat_movement=True
1,175,180,0.8,rat_movement=True
1,225,200,1.0,rat_movement=True
1,17,60,0.03,rat_movement=True
1,403,400,0.9,rat_movement=True
1,411,460,0.0,rat_movement=True
1,77,80,0.07,rat_movement=True
1,72,60,0.1,rat_movement=True
1,88,80,0.2,rat_movement=True
1,296,580,0.05,rat_movement=True
1,269,280,0.09,rat_movement=True
1,64,120,0.3,rat_movement=True
1,40,20,0.4,rat_movement=True
1,1140,1420,0.01,rat_movement=True
1,123,120,0.6,rat_movement=True
1,18,20,0.8,rat_movement=True
1,89,60,0.7,rat_movement=True
1,701,520,0.5,rat_movement=True
1,35,140,1.0,rat_movement=True
1,130,80,0.0,rat_movement=True
1,55,120,0.01,rat_movement=True
1,57,40,0.03,rat_movement=True
1,24,100,0.05,rat_movement=True
1,45,80,0.07,rat_movement=True
1,80,60,0.09,rat_movement=True
1,86,120,0.1,rat_movement=True
1,76,160,0.3,rat_movement=True
1,156,160,0.2,rat_movement=True
1,145,180,0.4,rat_movement=True
1,135,280,0.5,rat_movement=True
1,27,20,0.8,rat_movement=True
1,241,280,0.7,rat_movement=True
1,1052,960,0.9,rat_movement=True
1,371,420,0.6,rat_movement=True
1,178,140,0.9,rat_movement=True
1,26,40,0.01,rat_movement=True
1,48,100,0.03,rat_movement=True
1,48,60,0.05,rat_movement=True
1,42,60,0.09,rat_movement=True
1,363,280,1.0,rat_movement=True
1,287,380,0.0,rat_movement=True
1,25,40,0.1,rat_movement=True
1,259,320,0.07,rat_movement=True
1,80,120,0.2,rat_movement=True
1,43,40,0.3,rat_movement=True
1,146,200,0.4,rat_movement=True
1,96,60,0.6,rat_movement=True
1,306,280,0.5,rat_movement=True
1,82,120,0.7,rat_movement=True
1,59,160,0.8,rat_movement=True
1,1,20,1.0,rat_movement=True
1,41,40,0.9,rat_movement=True
1,67,60,0.03,rat_movement=True
1,17,80,0.09,rat_movement=True
1,94,240,0.05,rat_movement=True
1,221,400,0.01,rat_movement=True
1,18,20,0.3,rat_movement=True
1,157,200,0.07,rat_movement=True
1,214,340,0.2,rat_movement=True
1,41,80,0.5,rat_movement=True
1,361,540,0.4,rat_movement=True
1,554,740,0.1,rat_movement=True
1,126,220,0.6,rat_movement=True
1,17,20,0.8,rat_movement=True
1,12,20,1.0,rat_movement=True
1,147,180,0.9,rat_movement=True
1,21,20,0.0,rat_movement=True
1,45,60,0.01,rat_movement=True
1,1486,1480,0.0,rat_movement=True
1,312,500,0.7,rat_movement=True
1,102,200,0.03,rat_movement=True
1,131,240,0.05,rat_movement=True
1,70,60,0.09,rat_movement=True
1,15,20,0.2,rat_movement=True
1,342,540,0.07,rat_movement=True
1,83,180,0.3,rat_movement=True
1,201,160,0.4,rat_movement=True
1,130,260,0.5,rat_movement=True
1,92,40,0.8,rat_movement=True
1,655,860,0.1,rat_movement=True
1,219,180,0.9,rat_movement=True
1,47,40,0.01,rat_movement=True
1,527,500,0.6,rat_movement=True
1,496,460,0.7,rat_movement=True
1,127,300,0.05,rat_movement=True
1,25,60,0.07,rat_movement=True
1,211,400,0.03,rat_movement=True
1,39,20,0.1,rat_movement=True
1,92,100,0.09,rat_movement=True
1,111,120,0.2,rat_movement=True
1,173,200,0.3,rat_movement=True
1,97,120,0.6,rat_movement=True
1,469,420,0.5,rat_movement=True
1,1273,1380,0.0,rat_movement=True
1,1499,1480,1.0,rat_movement=True
1,35,20,0.9,rat_movement=True
1,160,120,0.7,rat_movement=True
1,630,900,0.4,rat_movement=True
1,76,180,1.0,rat_movement=True
1,47,60,0.03,rat_movement=True
1,76,60,0.05,rat_movement=True
1,105,180,0.07,rat_movement=True
1,16,40,0.09,rat_movement=True
1,366,480,0.01,rat_movement=True
1,87,80,0.1,rat_movement=True
1,189,180,0.2,rat_movement=True
1,890,800,0.8,rat_movement=True
1,247,460,0.3,rat_movement=True
1,188,200,0.5,rat_movement=True
1,1137,1540,0.0,rat_movement=True
1,57,180,0.7,rat_movement=True
1,548,420,0.4,rat_movement=True
1,266,220,0.9,rat_movement=True
1,668,600,0.6,rat_movement=True
1,295,260,1.0,rat_movement=True
1,50,60,0.01,rat_movement=True
1,56,60,0.05,rat_movement=True
1,45,80,0.09,rat_movement=True
1,41,20,0.1,rat_movement=True
1,394,740,0.03,rat_movement=True
1,1126,1080,0.8,rat_movement=True
1,27,60,0.2,rat_movement=True
1,161,360,0.07,rat_movement=True
1,16,20,0.4,rat_movement=True
1,121,80,0.5,rat_movement=True
1,214,240,0.3,rat_movement=True
1,21,60,0.8,rat_movement=True
1,53,40,1.0,rat_movement=True
1,50,60,0.0,rat_movement=True
1,627,480,0.6,rat_movement=True
1,78,160,0.01,rat_movement=True
1,11,20,0.03,rat_movement=True
1,503,440,0.9,rat_movement=True
1,62,80,0.05,rat_movement=True
1,14,20,0.07,rat_movement=True
1,17,20,0.1,rat_movement=True
1,44,40,0.09,rat_movement=True
1,41,80,0.2,rat_movement=True
1,47,60,0.3,rat_movement=True
1,34,20,0.4,rat_movement=True
1,72,60,0.5,rat_movement=True
1,8,40,0.6,rat_movement=True
1,48,40,0.7,rat_movement=True
1,1466,1120,0.7,rat_movement=True
1,49,60,0.9,rat_movement=True
1,251,220,0.8,rat_movement=True
1,123,120,1.0,rat_movement=True
1,83,100,0.01,rat_movement=True
1,68,100,0.03,rat_movement=True
1,57,40,0.05,rat_movement=True
1,76,140,0.07,rat_movement=True
1,146,320,0.09,rat_movement=True
1,52,120,0.3,rat_movement=True
1,339,680,0.1,rat_movement=True
1,69,60,0.4,rat_movement=True
1,312,440,0.2,rat_movement=True
1,187,200,0.6,rat_movement=True
1,125,100,0.7,rat_movement=True
1,60,100,0.8,rat_movement=True
1,1624,2040,0.0,rat_movement=True
1,552,720,0.5,rat_movement=True
1,163,140,0.9,rat_movement=True
1,42,140,1.0,rat_movement=True
1,30,40,0.01,rat_movement=True
1,290,260,0.03,rat_movement=True
1,78,180,0.05,rat_movement=True
1,323,580,0.07,rat_movement=True
1,193,320,0.09,rat_movement=True
1,137,240,0.1,rat_movement=True
1,49,60,0.2,rat_movement=True
1,236,200,0.3,rat_movement=True
1,29,20,0.5,rat_movement=True
1,78,60,0.7,rat_movement=True
1,488,620,0.4,rat_movement=True
1,626,700,0.6,rat_movement=True
1,309,300,0.9,rat_movement=True
1,122,180,1.0,rat_movement=True
1,114,120,0.0,rat_movement=True
1,137,260,0.03,rat_movement=True
1,74,60,0.05,rat_movement=True
1,282,460,0.01,rat_movement=True
1,31,20,0.07,rat_movement=True
1,66,160,0.1,rat_movement=True
1,184,280,0.09,rat_movement=True
1,170,180,0.2,rat_movement=True
1,41,80,0.3,rat_movement=True
1,48,60,0.4,rat_movement=True
1,1799,1740,0.8,rat_movement=True
1,236,280,0.5,rat_movement=True
1,117,100,0.6,rat_movement=True
1,110,80,0.7,rat_movement=True
1,243,280,0.9,rat_movement=True
1,57,100,0.01,rat_movement=True
1,119,220,0.03,rat_movement=True
1,72,80,0.05,rat_movement=True
1,728,580,0.8,rat_movement=True
1,110,160,0.09,rat_movement=True
1,157,160,0.2,rat_movement=True
1,268,320,0.1,rat_movement=True
1,90,120,0.3,rat_movement=True
1,107,200,0.4,rat_movement=True
1,174,120,0.5,rat_movement=True
1,1115,1240,0.0,rat_movement=True
1,1542,1200,1.0,rat_movement=True
1,176,180,0.6,rat_movement=True
1,227,320,0.7,rat_movement=True
1,961,1340,0.07,rat_movement=True
1,225,200,0.8,rat_movement=True
1,79,80,0.0,rat_movement=True
1,22,20,0.01,rat_movement=True
1,118,300,0.03,rat_movement=True
1,79,100,0.05,rat_movement=True
1,543,500,0.9,rat_movement=True
1,92,140,0.09,rat_movement=True
1,99,160,0.1,rat_movement=True
1,172,280,0.07,rat_movement=True
1,129,300,0.2,rat_movement=True
1,668,880,1.0,rat_movement=True
1,55,120,0.4,rat_movement=True
1,29,20,0.6,rat_movement=True
1,110,80,0.5,rat_movement=True
1,276,320,0.3,rat_movement=True
1,24,20,0.7,rat_movement=True
1,104,80,0.9,rat_movement=True
1,128,140,0.8,rat_movement=True
1,50,100,1.0,rat_movement=True
1,54,80,0.0,rat_movement=True
1,15,40,0.01,rat_movement=True
1,52,80,0.03,rat_movement=True
1,95,120,0.05,rat_movement=True
1,55,80,0.07,rat_movement=True
1,71,40,0.09,rat_movement=True
1,172,180,0.2,rat_movement=True
1,290,460,0.1,rat_movement=True
1,277,340,0.3,rat_movement=True
1,107,240,0.5,rat_movement=True
1,379,460,0.4,rat_movement=True
1,347,420,0.6,rat_movement=True
1,21,20,0.0,rat_movement=True
1,395,340,0.8,rat_movement=True
1,295,200,1.0,rat_movement=True
1,52,40,0.01,rat_movement=True
1,423,480,0.9,rat_movement=True
1,69,60,0.07,rat_movement=True
1,39,40,0.09,rat_movement=True
1,226,540,0.05,rat_movement=True
1,60,160,0.1,rat_movement=True
1,1044,940,0.7,rat_movement=True
1,152,180,0.2,rat_movement=True
1,23,20,0.5,rat_movement=True
1,124,280,0.3,rat_movement=True
1,207,160,0.6,rat_movement=True
1,377,360,0.4,rat_movement=True
1,47,40,0.9,rat_movement=True
1,131,140,0.0,rat_movement=True
1,493,560,0.7,rat_movement=True
1,17,20,0.03,rat_movement=True
1,440,500,0.8,rat_movement=True
1,1421,1660,0.03,rat_movement=True
1,106,220,0.05,rat_movement=True
1,89,160,0.07,rat_movement=True
1,455,720,0.01,rat_movement=True
1,60,100,0.09,rat_movement=True
1,26,60,0.2,rat_movement=True
1,103,80,0.3,rat_movement=True
1,27,20,0.4,rat_movement=True
1,339,600,0.1,rat_movement=True
1,391,380,0.5,rat_movement=True
1,199,400,0.6,rat_movement=True
1,179,160,0.8,rat_movement=True
1,49,60,1.0,rat_movement=True
1,1814,1740,1.0,rat_movement=True
1,31,20,0.01,rat_movement=True
1,644,780,0.7,rat_movement=True
1,147,240,0.05,rat_movement=True
1,244,380,0.03,rat_movement=True
1,133,100,0.07,rat_movement=True
1,166,140,0.1,rat_movement=True
1,1055,940,0.9,rat_movement=True
1,68,60,0.2,rat_movement=True
1,108,140,0.3,rat_movement=True
1,88,160,0.4,rat_movement=True
1,460,780,0.09,rat_movement=True
1,16,40,0.7,rat_movement=True
1,228,260,0.5,rat_movement=True
1,183,160,0.6,rat_movement=True
1,108,160,0.8,rat_movement=True
1,6,20,1.0,rat_movement=True
1,70,40,0.0,rat_movement=True
1,1397,1720,0.0,rat_movement=True
1,14,20,0.03,rat_movement=True
1,21,40,0.05,rat_movement=True
1,287,280,0.9,rat_movement=True
1,17,20,0.07,rat_movement=True
1,78,80,0.09,rat_movement=True
1,277,380,0.01,rat_movement=True
1,90,100,0.3,rat_movement=True
1,170,180,0.4,rat_movement=True
1,513,500,0.2,rat_movement=True
1,236,280,0.5,rat_movement=True
1,25,60,0.8,rat_movement=True
1,153,140,0.7,rat_movement=True
1,771,1140,0.1,rat_movement=True
1,369,380,0.6,rat_movement=True
1,19,40,0.01,rat_movement=True
1,211,220,0.9,rat_movement=True
1,147,300,1.0,rat_movement=True
1,73,60,0.03,rat_movement=True
1,34,40,0.09,rat_movement=True
1,101,180,0.07,rat_movement=True
1,124,300,0.05,rat_movement=True
1,99,140,0.1,rat_movement=True
1,61,120,0.4,rat_movement=True
1,129,300,0.2,rat_movement=True
1,62,40,0.5,rat_movement=True
1,226,300,0.3,rat_movement=True
1,18,40,0.7,rat_movement=True
1,651,780,0.0,rat_movement=True
1,224,240,0.6,rat_movement=True
1,211,140,0.8,rat_movement=True
1,74,40,0.0,rat_movement=True
1,83,180,0.03,rat_movement=True
1,172,240,0.01,rat_movement=True
1,108,180,0.05,rat_movement=True
1,62,80,0.07,rat_movement=True
1,49,120,0.09,rat_movement=True
1,13,40,0.1,rat_movement=True
1,26,20,0.2,rat_movement=True
1,2,20,0.4,rat_movement=True
1,646,540,1.0,rat_movement=True
1,708,680,0.9,rat_movement=True
1,104,60,0.3,rat_movement=True
1,25,20,0.6,rat_movement=True
1,95,80,0.5,rat_movement=True
1,141,100,0.7,rat_movement=True
1,101,80,0.9,rat_movement=True
1,41,80,1.0,rat_movement=True
1,13,20,0.01,rat_movement=True
1,155,180,0.03,rat_movement=True
1,88,160,0.05,rat_movement=True
1,35,60,0.07,rat_movement=True
1,317,340,0.0,rat_movement=True
1,74,120,0.09,rat_movement=True
1,64,120,0.1,rat_movement=True
1,734,780,0.8,rat_movement=True
1,62,60,0.2,rat_movement=True
1,98,140,0.4,rat_movement=True
1,142,140,0.3,rat_movement=True
1,27,20,0.5,rat_movement=True
1,15,20,0.7,rat_movement=True
1,228,280,0.6,rat_movement=True
1,161,100,0.8,rat_movement=True
1,2,20,1.0,rat_movement=True
1,139,120,0.9,rat_movement=True
1,67,140,0.01,rat_movement=True
1,163,140,0.0,rat_movement=True
1,27,20,0.05,rat_movement=True
1,59,180,0.03,rat_movement=True
1,72,80,0.07,rat_movement=True
1,102,100,0.09,rat_movement=True
1,57,180,0.1,rat_movement=True
1,47,40,0.3,rat_movement=True
1,83,60,0.2,rat_movement=True
1,19,20,0.4,rat_movement=True
1,76,100,0.5,rat_movement=True
1,273,340,0.6,rat_movement=True
1,156,120,0.9,rat_movement=True
1,13,40,0.01,rat_movement=True
1,119,80,0.0,rat_movement=True
1,68,80,0.05,rat_movement=True
1,160,200,0.03,rat_movement=True
1,379,340,1.0,rat_movement=True
1,554,440,0.8,rat_movement=True
1,53,60,0.09,rat_movement=True
1,101,140,0.07,rat_movement=True
1,31,60,0.1,rat_movement=True
1,72,120,0.2,rat_movement=True
1,12,60,0.3,rat_movement=True
1,43,80,0.4,rat_movement=True
1,8,20,0.6,rat_movement=True
1,870,1020,0.7,rat_movement=True
1,134,80,0.5,rat_movement=True
1,112,100,0.7,rat_movement=True
1,94,200,0.8,rat_movement=True
1,87,60,0.9,rat_movement=True
1,40,40,0.01,rat_movement=True
1,27,40,0.03,rat_movement=True
1,61,40,0.05,rat_movement=True
1,18,100,0.07,rat_movement=True
1,50,140,0.09,rat_movement=True
1,860,780,1.0,rat_movement=True
1,92,60,0.1,rat_movement=True
1,91,100,0.2,rat_movement=True
1,22,40,0.3,rat_movement=True
1,1205,1300,0.0,rat_movement=True
1,104,160,0.4,rat_movement=True
1,32,20,0.7,rat_movement=True
1,212,260,0.5,rat_movement=True
1,79,80,0.9,rat_movement=True
1,400,560,0.6,rat_movement=True
1,501,440,0.8,rat_movement=True
1,146,280,0.03,rat_movement=True
1,21,40,0.07,rat_movement=True
1,450,360,1.0,rat_movement=True
1,127,160,0.05,rat_movement=True
1,632,640,0.0,rat_movement=True
1,21,80,0.2,rat_movement=True
1,187,480,0.09,rat_movement=True
1,260,360,0.1,rat_movement=True
1,112,100,0.3,rat_movement=True
1,101,220,0.4,rat_movement=True
1,103,80,0.5,rat_movement=True
1,1119,1240,0.01,rat_movement=True
1,115,120,1.0,rat_movement=True
1,477,460,0.6,rat_movement=True
1,104,140,0.03,rat_movement=True
1,21,20,0.05,rat_movement=True
1,437,360,0.9,rat_movement=True
1,231,360,0.01,rat_movement=True
1,65,80,0.09,rat_movement=True
1,50,40,0.1,rat_movement=True
1,830,860,0.8,rat_movement=True
1,284,460,0.07,rat_movement=True
1,28,100,0.2,rat_movement=True
1,169,260,0.3,rat_movement=True
1,153,220,0.4,rat_movement=True
1,140,240,0.5,rat_movement=True
1,148,120,0.7,rat_movement=True
1,69,60,0.9,rat_movement=True
1,22,20,1.0,rat_movement=True
1,485,400,0.6,rat_movement=True
1,31,20,0.0,rat_movement=True
1,1436,1920,0.0,rat_movement=True
1,58,40,0.03,rat_movement=True
1,570,480,0.8,rat_movement=True
1,103,260,0.01,rat_movement=True
1,32,60,0.05,rat_movement=True
1,52,60,0.07,rat_movement=True
1,86,160,0.1,rat_movement=True
1,33,60,0.3,rat_movement=True
1,264,440,0.09,rat_movement=True
1,195,260,0.2,rat_movement=True
1,135,140,0.5,rat_movement=True
1,63,60,0.7,rat_movement=True
1,351,540,0.4,rat_movement=True
1,293,320,0.6,rat_movement=True
1,104,100,0.0,rat_movement=True
1,195,220,1.0,rat_movement=True
1,335,300,0.8,rat_movement=True
1,23,80,0.01,rat_movement=True
1,88,100,0.03,rat_movement=True
1,40,60,0.07,rat_movement=True
1,130,160,0.09,rat_movement=True
1,102,140,0.2,rat_movement=True
1,463,700,0.1,rat_movement=True
1,1277,1120,0.9,rat_movement=True
1,47,40,0.5,rat_movement=True
1,210,140,0.4,rat_movement=True
1,218,320,0.3,rat_movement=True
1,38,40,0.7,rat_movement=True
1,47,40,0.8,rat_movement=True
1,29,100,0.9,rat_movement=True
1,60,40,1.0,rat_movement=True
1,1179,1520,0.05,rat_movement=True
1,99,80,0.0,rat_movement=True
1,355,500,0.6,rat_movement=True
1,26,40,0.03,rat_movement=True
1,103,220,0.01,rat_movement=True
1,98,180,0.05,rat_movement=True
1,64,100,0.07,rat_movement=True
1,76,60,0.09,rat_movement=True
1,42,80,0.2,rat_movement=True
1,153,300,0.1,rat_movement=True
1,120,180,0.4,rat_movement=True
1,315,360,0.3,rat_movement=True
1,159,140,0.5,rat_movement=True
1,87,160,0.6,rat_movement=True
1,227,200,0.7,rat_movement=True
1,46,60,0.03,rat_movement=True
1,352,300,0.9,rat_movement=True
1,39,60,0.05,rat_movement=True
1,127,220,0.01,rat_movement=True
1,110,60,0.09,rat_movement=True
1,141,340,0.07,rat_movement=True
1,69,100,0.1,rat_movement=True
1,485,640,0.0,rat_movement=True
1,177,180,0.2,rat_movement=True
1,790,640,1.0,rat_movement=True
1,33,20,0.6,rat_movement=True
1,156,120,0.4,rat_movement=True
1,1064,880,0.8,rat_movement=True
1,318,360,0.3,rat_movement=True
1,233,180,0.5,rat_movement=True
1,113,120,0.9,rat_movement=True
1,223,260,0.7,rat_movement=True
1,17,20,0.01,rat_movement=True
1,196,180,0.0,rat_movement=True
1,117,220,0.03,rat_movement=True
1,54,40,0.05,rat_movement=True
1,69,80,0.07,rat_movement=True
1,176,300,0.09,rat_movement=True
1,65,60,0.2,rat_movement=True
1,92,120,0.1,rat_movement=True
1,745,700,0.8,rat_movement=True
1,41,160,0.5,rat_movement=True
1,116,160,0.4,rat_movement=True
1,93,120,0.6,rat_movement=True
1,350,500,0.3,rat_movement=True
1,265,240,0.8,rat_movement=True
1,43,40,0.9,rat_movement=True
1,179,180,1.0,rat_movement=True
1,158,160,0.0,rat_movement=True
1,74,60,0.03,rat_movement=True
1,1665,1340,1.0,rat_movement=True
1,18,40,0.05,rat_movement=True
1,53,60,0.09,rat_movement=True
1,892,660,0.7,rat_movement=True
1,255,460,0.01,rat_movement=True
1,142,260,0.07,rat_movement=True
1,109,200,0.1,rat_movement=True
1,164,220,0.3,rat_movement=True
1,186,140,0.5,rat_movement=True
1,219,300,0.4,rat_movement=True
1,182,300,0.6,rat_movement=True
1,232,200,0.7,rat_movement=True
1,187,160,0.8,rat_movement=True
1,127,160,0.01,rat_movement=True
1,1104,1420,0.2,rat_movement=True
1,38,40,0.05,rat_movement=True
1,115,180,0.03,rat_movement=True
1,66,100,0.07,rat_movement=True
1,566,680,0.0,rat_movement=True
1,918,860,0.9,rat_movement=True
1,770,800,1.0,rat_movement=True
1,75,100,0.09,rat_movement=True
1,98,60,0.3,rat_movement=True
1,7,20,0.5,rat_movement=True
1,143,260,0.2,rat_movement=True
1,240,440,0.1,rat_movement=True
1,187,180,0.6,rat_movement=True
1,147,140,0.7,rat_movement=True
1,4,20,1.0,rat_movement=True
1,131,80,0.9,rat_movement=True
1,221,180,0.8,rat_movement=True
1,558,840,0.4,rat_movement=True
1,40,100,0.05,rat_movement=True
1,48,80,0.07,rat_movement=True
1,8,20,0.1,rat_movement=True
1,253,460,0.01,rat_movement=True
1,14,20,0.2,rat_movement=True
1,134,260,0.09,rat_movement=True
1,32,60,0.3,rat_movement=True
1,16,60,0.4,rat_movement=True
1,46,40,0.6,rat_movement=True
1,511,600,0.03,rat_movement=True
1,442,740,0.5,rat_movement=True
1,247,200,0.8,rat_movement=True
1,465,340,0.7,rat_movement=True
1,113,100,0.0,rat_movement=True
1,222,200,1.0,rat_movement=True
1,38,60,0.01,rat_movement=True
1,55,120,0.03,rat_movement=True
1,17,20,0.05,rat_movement=True
1,33,20,0.07,rat_movement=True
1,30,80,0.09,rat_movement=True
1,51,140,0.1,rat_movement=True
1,74,120,0.2,rat_movement=True
1,90,140,0.3,rat_movement=True
1,120,160,0.4,rat_movement=True
1,107,80,0.5,rat_movement=True
1,46,120,0.6,rat_movement=True
1,1036,900,0.9,rat_movement=True
1,103,100,0.8,rat_movement=True
1,68,60,1.0,rat_movement=True
1,275,300,0.7,rat_movement=True
1,49,200,0.01,rat_movement=True
1,52,140,0.03,rat_movement=True
1,73,160,0.05,rat_movement=True
1,4,20,0.07,rat_movement=True
1,519,760,0.9,rat_movement=True
1,64,60,0.09,rat_movement=True
1,36,60,0.1,rat_movement=True
1,86,100,0.3,rat_movement=True
1,315,460,0.2,rat_movement=True
1,1065,1320,0.0,rat_movement=True
1,97,120,0.6,rat_movement=True
1,178,220,0.5,rat_movement=True
1,34,40,0.7,rat_movement=True
1,326,500,0.4,rat_movement=True
1,33,60,1.0,rat_movement=True
1,378,340,0.9,rat_movement=True
1,139,280,0.01,rat_movement=True
1,127,180,0.03,rat_movement=True
1,563,480,0.8,rat_movement=True
1,61,80,0.07,rat_movement=True
1,107,120,0.05,rat_movement=True
1,8,20,0.09,rat_movement=True
1,50,100,0.1,rat_movement=True
1,620,700,0.0,rat_movement=True
1,233,440,0.2,rat_movement=True
1,163,140,0.4,rat_movement=True
1,62,40,0.6,rat_movement=True
1,179,200,0.5,rat_movement=True
1,34,140,0.9,rat_movement=True
1,515,800,0.3,rat_movement=True
1,156,300,0.7,rat_movement=True
1,81,60,0.8,rat_movement=True
1,180,160,0.0,rat_movement=True
1,77,100,0.03,rat_movement=True
1,43,20,0.05,rat_movement=True
1,275,420,0.01,rat_movement=True
1,147,220,0.09,rat_movement=True
1,249,320,0.07,rat_movement=True
1,24,20,0.2,rat_movement=True
1,107,200,0.1,rat_movement=True
1,681,820,1.0,rat_movement=True
1,57,80,0.4,rat_movement=True
1,171,200,0.3,rat_movement=True
1,85,60,0.5,rat_movement=True
1,77,120,0.7,rat_movement=True
1,162,180,0.6,rat_movement=True
1,163,140,0.8,rat_movement=True
1,28,40,0.0,rat_movement=True
1,113,300,0.9,rat_movement=True
1,8,40,0.01,rat_movement=True
1,200,240,1.0,rat_movement=True
1,110,160,0.03,rat_movement=True
1,58,80,0.07,rat_movement=True
1,144,220,0.05,rat_movement=True
1,67,60,0.1,rat_movement=True
1,101,100,0.09,rat_movement=True
1,29,120,0.2,rat_movement=True
1,130,120,0.4,rat_movement=True
1,81,60,0.6,rat_movement=True
1,222,260,0.5,rat_movement=True
1,94,60,1.0,rat_movement=True
1,379,440,0.7,rat_movement=True
1,94,140,0.01,rat_movement=True
1,50,60,0.03,rat_movement=True
1,79,120,0.05,rat_movement=True
1,110,180,0.07,rat_movement=True
1,912,740,0.9,rat_movement=True
1,571,820,0.0,rat_movement=True
1,44,60,0.1,rat_movement=True
1,23,40,0.2,rat_movement=True
1,175,280,0.09,rat_movement=True
1,66,60,0.4,rat_movement=True
1,440,440,0.3,rat_movement=True
1,28,20,0.7,rat_movement=True
1,221,180,0.6,rat_movement=True
1,203,140,0.8,rat_movement=True
1,124,100,0.0,rat_movement=True
1,54,80,0.03,rat_movement=True
1,551,460,0.9,rat_movement=True
1,483,400,1.0,rat_movement=True
1,108,180,0.05,rat_movement=True
1,43,20,0.07,rat_movement=True
1,353,560,0.01,rat_movement=True
1,32,60,0.09,rat_movement=True
1,1512,1220,0.5,rat_movement=True
1,94,80,0.1,rat_movement=True
1,38,20,0.3,rat_movement=True
1,7,20,0.4,rat_movement=True
1,147,200,0.2,rat_movement=True
1,12,20,0.7,rat_movement=True
1,126,140,0.5,rat_movement=True
1,67,60,0.6,rat_movement=True
1,165,160,1.0,rat_movement=True
1,10,20,0.01,rat_movement=True
1,157,120,0.0,rat_movement=True
1,37,100,0.03,rat_movement=True
1,41,80,0.05,rat_movement=True
1,880,920,0.9,rat_movement=True
1,4,20,0.09,rat_movement=True
1,160,240,0.07,rat_movement=True
1,71,200,0.2,rat_movement=True
1,66,40,0.3,rat_movement=True
1,305,520,0.1,rat_movement=True
1,54,140,0.4,rat_movement=True
1,38,20,0.5,rat_movement=True
1,1782,1740,0.8,rat_movement=True
1,65,60,0.7,rat_movement=True
1,87,60,0.8,rat_movement=True
1,35,40,1.0,rat_movement=True
1,587,460,0.6,rat_movement=True
1,128,100,0.0,rat_movement=True
1,365,260,0.9,rat_movement=True
1,61,60,0.03,rat_movement=True
1,105,160,0.05,rat_movement=True
1,59,140,0.07,rat_movement=True
1,68,160,0.09,rat_movement=True
1,148,140,0.1,rat_movement=True
1,100,180,0.2,rat_movement=True
1,83,140,0.3,rat_movement=True
1,142,140,0.4,rat_movement=True
1,158,120,0.5,rat_movement=True
1,10,20,0.7,rat_movement=True
1,89,200,0.6,rat_movement=True
1,1241,1420,0.01,rat_movement=True
1,66,40,0.9,rat_movement=True
1,95,80,1.0,rat_movement=True
1,167,260,0.0,rat_movement=True
1,57,60,0.05,rat_movement=True
1,164,360,0.01,rat_movement=True
1,230,380,0.03,rat_movement=True
1,722,560,0.8,rat_movement=True
1,234,340,0.07,rat_movement=True
1,38,40,0.2,rat_movement=True
1,201,420,0.4,rat_movement=True
1,302,280,0.3,rat_movement=True
1,739,880,0.1,rat_movement=True
1,887,1020,0.09,rat_movement=True
1,524,640,0.5,rat_movement=True
1,490,440,0.6,rat_movement=True
1,471,480,0.7,rat_movement=True
1,372,380,0.9,rat_movement=True
1,103,100,0.0,rat_movement=True
1,575,520,0.8,rat_movement=True
1,40,40,0.05,rat_movement=True
1,85,140,0.03,rat_movement=True
1,136,180,0.01,rat_movement=True
1,5,20,0.09,rat_movement=True
1,50,60,0.07,rat_movement=True
1,606,540,1.0,rat_movement=True
1,26,20,0.2,rat_movement=True
1,151,280,0.1,rat_movement=True
1,62,120,0.4,rat_movement=True
1,107,160,0.5,rat_movement=True
1,115,260,0.7,rat_movement=True
1,283,260,0.6,rat_movement=True
1,93,60,0.9,rat_movement=True
1,300,260,0.8,rat_movement=True
1,66,80,1.0,rat_movement=True
1,556,860,0.3,rat_movement=True
1,130,180,0.01,rat_movement=True
1,69,120,0.03,rat_movement=True
1,34,80,0.05,rat_movement=True
1,53,40,0.07,rat_movement=True
1,38,40,0.1,rat_movement=True
1,348,420,0.0,rat_movement=True
1,103,240,0.09,rat_movement=True
1,102,140,0.2,rat_movement=True
1,124,100,0.3,rat_movement=True
1,94,80,0.5,rat_movement=True
1,49,60,0.6,rat_movement=True
1,48,40,0.7,rat_movement=True
1,12,80,1.0,rat_movement=True
1,108,80,0.9,rat_movement=True
1,595,800,0.4,rat_movement=True
1,159,360,0.01,rat_movement=True
1,607,480,0.8,rat_movement=True
1,75,100,0.05,rat_movement=True
1,147,160,0.03,rat_movement=True
1,97,120,0.07,rat_movement=True
1,119,160,0.09,rat_movement=True
1,102,100,0.1,rat_movement=True
1,71,40,0.3,rat_movement=True
1,149,280,0.2,rat_movement=True
1,127,100,0.4,rat_movement=True
1,810,900,0.0,rat_movement=True
1,121,80,0.5,rat_movement=True
1,127,80,0.6,rat_movement=True
1,52,40,0.7,rat_movement=True
1,129,160,0.8,rat_movement=True
1,33,40,1.0,rat_movement=True
1,17,20,0.01,rat_movement=True
1,104,120,0.03,rat_movement=True
1,158,180,0.05,rat_movement=True
1,31,100,0.09,rat_movement=True
1,100,180,0.07,rat_movement=True
1,72,60,0.1,rat_movement=True
1,1082,940,0.9,rat_movement=True
1,51,100,0.2,rat_movement=True
1,139,200,0.3,rat_movement=True
1,127,100,0.4,rat_movement=True
1,13,20,0.7,rat_movement=True
1,63,180,0.6,rat_movement=True
1,1127,1340,0.0,rat_movement=True
1,73,220,0.8,rat_movement=True
1,96,220,0.01,rat_movement=True
1,112,140,0.03,rat_movement=True
1,204,220,0.0,rat_movement=True
1,243,380,1.0,rat_movement=True
1,27,40,0.07,rat_movement=True
1,157,280,0.05,rat_movement=True
1,104,160,0.09,rat_movement=True
1,133,200,0.1,rat_movement=True
1,736,620,0.9,rat_movement=True
1,7,20,0.4,rat_movement=True
1,1057,980,0.5,rat_movement=True
1,54,40,0.5,rat_movement=True
1,4,40,0.7,rat_movement=True
1,82,100,0.6,rat_movement=True
1,262,380,0.3,rat_movement=True
1,114,80,0.8,rat_movement=True
1,157,260,0.01,rat_movement=True
1,89,120,0.03,rat_movement=True
1,81,180,0.05,rat_movement=True
1,410,540,0.0,rat_movement=True
1,70,60,0.07,rat_movement=True
1,28,20,0.09,rat_movement=True
1,769,640,0.9,rat_movement=True
1,14,20,0.4,rat_movement=True
1,49,160,0.3,rat_movement=True
1,130,220,0.2,rat_movement=True
1,64,60,0.7,rat_movement=True
1,204,200,0.5,rat_movement=True
1,281,540,0.1,rat_movement=True
1,1271,1000,1.0,rat_movement=True
1,87,200,0.9,rat_movement=True
1,1898,2040,0.2,rat_movement=True
1,321,420,0.8,rat_movement=True
1,534,640,0.6,rat_movement=True
1,147,160,0.0,rat_movement=True
1,58,60,0.01,rat_movement=True
1,130,160,0.03,rat_movement=True
1,344,420,1.0,rat_movement=True
1,31,20,0.07,rat_movement=True
1,84,140,0.05,rat_movement=True
1,5,20,0.1,rat_movement=True
1,76,100,0.09,rat_movement=True
1,60,100,0.2,rat_movement=True
1,52,100,0.3,rat_movement=True
1,50,100,0.4,rat_movement=True
1,53,60,0.5,rat_movement=True
1,407,400,0.6,rat_movement=True
1,300,300,0.7,rat_movement=True
1,17,40,0.0,rat_movement=True
1,307,300,0.8,rat_movement=True
1,91,100,0.01,rat_movement=True
1,16,40,0.03,rat_movement=True
1,282,260,1.0,rat_movement=True
1,67,160,0.05,rat_movement=True
1,45,40,0.07,rat_movement=True
1,436,480,0.9,rat_movement=True
1,123,60,0.1,rat_movement=True
1,128,140,0.2,rat_movement=True
1,114,200,0.3,rat_movement=True
1,104,260,0.4,rat_movement=True
1,449,620,0.09,rat_movement=True
1,208,220,0.5,rat_movement=True
1,324,280,0.6,rat_movement=True
1,244,360,0.7,rat_movement=True
1,166,180,0.8,rat_movement=True
1,62,60,0.0,rat_movement=True
1,61,80,0.01,rat_movement=True
1,338,280,1.0,rat_movement=True
1,232,360,0.03,rat_movement=True
1,28,40,0.09,rat_movement=True
1,48,80,0.07,rat_movement=True
1,195,360,0.05,rat_movement=True
1,107,140,0.1,rat_movement=True
1,16,20,0.2,rat_movement=True
1,823,640,0.9,rat_movement=True
1,37,80,0.4,rat_movement=True
1,278,240,0.3,rat_movement=True
1,193,220,0.5,rat_movement=True
1,199,220,0.6,rat_movement=True
1,62,160,0.8,rat_movement=True
1,141,260,0.7,rat_movement=True
1,30,40,0.0,rat_movement=True
1,38,80,0.01,rat_movement=True
1,197,360,0.03,rat_movement=True
1,54,40,0.07,rat_movement=True
1,227,280,0.05,rat_movement=True
1,20,40,0.09,rat_movement=True
1,93,140,0.2,rat_movement=True
1,120,220,0.1,rat_movement=True
1,73,80,0.3,rat_movement=True
1,17,20,0.4,rat_movement=True
1,1299,1020,0.9,rat_movement=True
1,85,80,0.5,rat_movement=True
1,180,180,0.6,rat_movement=True
1,124,100,0.7,rat_movement=True
1,37,40,0.8,rat_movement=True
1,98,80,1.0,rat_movement=True
1,355,440,0.9,rat_movement=True
1,74,140,0.03,rat_movement=True
1,117,180,0.05,rat_movement=True
1,8,20,0.07,rat_movement=True
1,45,120,0.09,rat_movement=True
1,21,20,0.1,rat_movement=True
1,71,100,0.2,rat_movement=True
1,55,60,0.3,rat_movement=True
1,714,900,0.0,rat_movement=True
1,14,20,0.4,rat_movement=True
1,98,60,0.5,rat_movement=True
1,75,60,0.6,rat_movement=True
1,958,1140,0.01,rat_movement=True
1,234,200,0.8,rat_movement=True
1,118,200,0.01,rat_movement=True
1,146,120,0.03,rat_movement=True
1,83,140,0.07,rat_movement=True
1,623,520,0.7,rat_movement=True
1,471,360,0.9,rat_movement=True
1,498,420,1.0,rat_movement=True
1,83,80,0.09,rat_movement=True
1,118,180,0.1,rat_movement=True
1,74,100,0.3,rat_movement=True
1,618,820,0.0,rat_movement=True
1,370,440,0.05,rat_movement=True
1,71,180,0.5,rat_movement=True
1,177,360,0.2,rat_movement=True
1,201,160,0.7,rat_movement=True
1,39,60,0.9,rat_movement=True
1,468,420,0.4,rat_movement=True
1,413,320,0.8,rat_movement=True
1,93,160,0.01,rat_movement=True
1,37,100,0.03,rat_movement=True
1,98,260,0.05,rat_movement=True
1,20,40,0.07,rat_movement=True
1,12,20,0.09,rat_movement=True
1,592,500,1.0,rat_movement=True
1,88,120,0.1,rat_movement=True
1,964,980,0.6,rat_movement=True
1,94,160,0.2,rat_movement=True
1,92,80,0.4,rat_movement=True
1,122,120,0.3,rat_movement=True
1,429,440,0.5,rat_movement=True
1,410,420,0.6,rat_movement=True
1,338,300,0.7,rat_movement=True
1,116,80,0.8,rat_movement=True
1,1410,1380,0.0,rat_movement=True
1,63,100,0.0,rat_movement=True
1,70,60,0.03,rat_movement=True
1,121,180,0.01,rat_movement=True
1,39,60,0.07,rat_movement=True
1,60,60,0.09,rat_movement=True
1,262,380,0.05,rat_movement=True
1,738,620,0.9,rat_movement=True
1,184,260,0.1,rat_movement=True
1,66,140,0.2,rat_movement=True
1,51,60,0.3,rat_movement=True
1,1167,880,1.0,rat_movement=True
1,393,440,0.4,rat_movement=True
1,163,240,0.5,rat_movement=True
1,51,60,0.7,rat_movement=True
1,223,240,0.6,rat_movement=True
1,39,40,1.0,rat_movement=True
1,353,300,0.9,rat_movement=True
1,25,20,0.03,rat_movement=True
1,242,200,0.01,rat_movement=True
1,93,160,0.05,rat_movement=True
1,937,900,0.8,rat_movement=True
1,505,520,0.0,rat_movement=True
1,155,140,0.07,rat_movement=True
1,5,40,0.1,rat_movement=True
1,69,140,0.09,rat_movement=True
1,83,120,0.2,rat_movement=True
1,163,200,0.3,rat_movement=True
1,67,40,0.6,rat_movement=True
1,170,180,0.5,rat_movement=True
1,172,300,0.4,rat_movement=True
1,17,20,0.9,rat_movement=True
1,83,60,0.8,rat_movement=True
1,31,40,0.0,rat_movement=True
1,141,240,0.7,rat_movement=True
1,179,240,0.01,rat_movement=True
1,227,240,0.03,rat_movement=True
1,131,120,0.05,rat_movement=True
1,201,340,0.07,rat_movement=True
1,641,580,1.0,rat_movement=True
1,121,180,0.1,rat_movement=True
1,9,40,0.4,rat_movement=True
1,165,140,0.2,rat_movement=True
1,148,140,0.3,rat_movement=True
1,350,580,0.09,rat_movement=True
1,53,60,0.7,rat_movement=True
1,194,160,0.5,rat_movement=True
1,275,260,0.6,rat_movement=True
1,197,140,0.9,rat_movement=True
1,351,340,0.8,rat_movement=True
1,12,20,0.03,rat_movement=True
1,160,160,0.01,rat_movement=True
1,79,140,0.05,rat_movement=True
1,119,240,0.09,rat_movement=True
1,242,320,0.07,rat_movement=True
1,10,20,0.1,rat_movement=True
1,57,60,0.2,rat_movement=True
1,3,20,0.4,rat_movement=True
1,131,220,0.3,rat_movement=True
1,94,180,0.6,rat_movement=True
1,0,0,0.7,rat_movement=True
1,1288,1420,0.0,rat_movement=True
1,98,80,1.0,rat_movement=True
1,179,260,0.9,rat_movement=True
1,747,540,0.5,rat_movement=True
1,41,40,0.01,rat_movement=True
1,312,360,0.8,rat_movement=True
1,98,120,0.03,rat_movement=True
1,93,160,0.05,rat_movement=True
1,40,40,0.09,rat_movement=True
1,130,200,0.1,rat_movement=True
1,215,400,0.07,rat_movement=True
1,76,80,0.2,rat_movement=True
1,544,640,0.0,rat_movement=True
1,18,60,0.6,rat_movement=True
1,110,80,0.4,rat_movement=True
1,177,280,0.5,rat_movement=True
1,259,240,0.3,rat_movement=True
1,168,240,0.8,rat_movement=True
1,273,200,0.7,rat_movement=True
1,59,80,0.0,rat_movement=True
1,62,40,0.03,rat_movement=True
1,273,260,1.0,rat_movement=True
1,442,460,0.9,rat_movement=True
1,280,420,0.01,rat_movement=True
1,141,260,0.07,rat_movement=True
1,26,40,0.1,rat_movement=True
1,4,20,0.2,rat_movement=True
1,264,500,0.05,rat_movement=True
1,57,60,0.3,rat_movement=True
1,97,200,0.09,rat_movement=True
1,184,160,0.5,rat_movement=True
1,211,160,0.7,rat_movement=True
1,59,80,0.9,rat_movement=True
1,253,280,0.8,rat_movement=True
1,361,440,0.6,rat_movement=True
1,455,660,0.4,rat_movement=True
1,33,80,0.03,rat_movement=True
1,285,260,1.0,rat_movement=True
1,158,160,0.01,rat_movement=True
1,52,80,0.07,rat_movement=True
1,128,60,0.09,rat_movement=True
1,231,280,0.05,rat_movement=True
1,92,220,0.1,rat_movement=True
1,24,20,0.3,rat_movement=True
1,65,220,0.2,rat_movement=True
1,64,120,0.4,rat_movement=True
1,273,380,0.5,rat_movement=True
1,392,320,0.6,rat_movement=True
1,400,340,0.7,rat_movement=True
1,43,40,0.9,rat_movement=True
1,315,380,0.8,rat_movement=True
1,33,80,0.0,rat_movement=True
1,73,80,0.03,rat_movement=True
1,118,140,0.01,rat_movement=True
1,94,120,0.05,rat_movement=True
1,37,40,0.07,rat_movement=True
1,69,80,0.09,rat_movement=True
1,49,120,0.1,rat_movement=True
1,51,100,0.2,rat_movement=True
1,76,60,0.3,rat_movement=True
1,36,80,0.6,rat_movement=True
1,40,40,0.7,rat_movement=True
1,65,140,0.5,rat_movement=True
1,126,100,0.4,rat_movement=True
1,27,40,0.9,rat_movement=True
1,983,960,1.0,rat_movement=True
1,110,80,1.0,rat_movement=True
1,183,200,0.8,rat_movement=True
1,215,260,0.0,rat_movement=True
1,185,180,0.01,rat_movement=True
1,40,20,0.07,rat_movement=True
1,74,140,0.05,rat_movement=True
1,22,20,0.09,rat_movement=True
1,250,420,0.03,rat_movement=True
1,41,40,0.1,rat_movement=True
1,30,20,0.3,rat_movement=True
1,106,120,0.2,rat_movement=True
1,59,40,0.4,rat_movement=True
1,66,140,0.5,rat_movement=True
1,54,40,0.7,rat_movement=True
1,246,240,0.6,rat_movement=True
1,10,20,0.8,rat_movement=True
1,45,40,1.0,rat_movement=True
1,137,220,0.03,rat_movement=True
1,15,60,0.05,rat_movement=True
1,510,540,0.9,rat_movement=True
1,81,80,0.07,rat_movement=True
1,426,560,0.0,rat_movement=True
1,52,40,0.3,rat_movement=True
1,135,220,0.1,rat_movement=True
1,163,360,0.09,rat_movement=True
1,90,260,0.4,rat_movement=True
1,192,360,0.2,rat_movement=True
1,39,140,0.6,rat_movement=True
1,64,40,0.5,rat_movement=True
1,706,840,0.01,rat_movement=True
1,70,60,0.8,rat_movement=True
1,30,40,0.9,rat_movement=True
1,16,60,1.0,rat_movement=True
1,337,320,0.7,rat_movement=True
1,72,80,0.01,rat_movement=True
1,48,80,0.05,rat_movement=True
1,26,80,0.07,rat_movement=True
1,158,340,0.03,rat_movement=True
1,89,100,0.09,rat_movement=True
1,66,80,0.1,rat_movement=True
1,38,40,0.2,rat_movement=True
1,86,100,0.3,rat_movement=True
1,130,200,0.4,rat_movement=True
1,15,20,0.5,rat_movement=True
1,1043,1140,0.0,rat_movement=True
1,55,40,0.7,rat_movement=True
1,32,40,0.9,rat_movement=True
1,122,120,0.8,rat_movement=True
1,320,300,0.6,rat_movement=True
1,39,80,0.01,rat_movement=True
1,17,80,0.03,rat_movement=True
1,45,80,0.05,rat_movement=True
1,61,100,0.07,rat_movement=True
1,310,440,0.0,rat_movement=True
1,583,480,1.0,rat_movement=True
1,125,140,0.09,rat_movement=True
1,28,20,0.2,rat_movement=True
1,118,220,0.1,rat_movement=True
1,90,80,0.3,rat_movement=True
1,50,40,0.6,rat_movement=True
1,54,100,0.8,rat_movement=True
1,155,340,0.5,rat_movement=True
1,144,120,0.7,rat_movement=True
1,4,20,1.0,rat_movement=True
1,93,140,0.9,rat_movement=True
1,102,220,0.01,rat_movement=True
1,87,120,0.03,rat_movement=True
1,558,640,0.4,rat_movement=True
1,36,20,0.09,rat_movement=True
1,89,80,0.07,rat_movement=True
1,42,60,0.1,rat_movement=True
1,239,340,0.05,rat_movement=True
1,93,160,0.2,rat_movement=True
1,131,160,0.3,rat_movement=True
1,115,120,0.4,rat_movement=True
1,5,20,0.6,rat_movement=True
1,75,100,0.5,rat_movement=True
1,20,80,0.7,rat_movement=True
1,132,100,0.9,rat_movement=True
1,70,60,0.0,rat_movement=True
1,371,300,0.8,rat_movement=True
1,1119,1280,0.0,rat_movement=True
1,191,200,0.01,rat_movement=True
1,151,160,0.05,rat_movement=True
1,20,60,0.09,rat_movement=True
1,109,120,0.07,rat_movement=True
1,36,40,0.1,rat_movement=True
1,278,460,0.03,rat_movement=True
1,698,560,1.0,rat_movement=True
1,158,100,0.2,rat_movement=True
1,56,80,0.4,rat_movement=True
1,15,40,0.5,rat_movement=True
1,248,180,0.3,rat_movement=True
1,107,80,0.7,rat_movement=True
1,146,120,0.6,rat_movement=True
1,131,120,0.8,rat_movement=True
1,207,240,0.9,rat_movement=True
1,113,180,1.0,rat_movement=True
1,45,100,0.03,rat_movement=True
1,233,360,0.01,rat_movement=True
1,76,120,0.05,rat_movement=True
1,87,60,0.09,rat_movement=True
1,516,720,0.07,rat_movement=True
1,1047,960,0.0,rat_movement=True
1,58,140,0.2,rat_movement=True
1,67,140,0.3,rat_movement=True
1,236,260,0.1,rat_movement=True
1,114,160,0.4,rat_movement=True
1,52,60,0.5,rat_movement=True
1,25,20,0.6,rat_movement=True
1,2,20,0.7,rat_movement=True
1,36,80,0.8,rat_movement=True
1,15,20,0.0,rat_movement=True
1,48,60,1.0,rat_movement=True
1,142,180,0.01,rat_movement=True
1,62,80,0.05,rat_movement=True
1,106,200,0.03,rat_movement=True
1,327,280,0.9,rat_movement=True
1,18,80,0.2,rat_movement=True
1,58,140,0.1,rat_movement=True
1,182,360,0.07,rat_movement=True
1,64,140,0.3,rat_movement=True
1,91,120,0.5,rat_movement=True
1,295,380,0.09,rat_movement=True
1,131,100,0.4,rat_movement=True
1,26,20,0.7,rat_movement=True
1,7,20,0.8,rat_movement=True
1,89,60,0.6,rat_movement=True
1,18,60,0.9,rat_movement=True
1,168,240,1.0,rat_movement=True
1,74,140,0.01,rat_movement=True
1,84,80,0.03,rat_movement=True
1,313,380,0.0,rat_movement=True
1,94,140,0.05,rat_movement=True
1,62,140,0.07,rat_movement=True
1,100,120,0.09,rat_movement=True
1,123,200,0.1,rat_movement=True
1,131,140,0.2,rat_movement=True
1,114,140,0.3,rat_movement=True
1,16,20,0.4,rat_movement=True
1,216,180,0.5,rat_movement=True
1,71,80,0.7,rat_movement=True
1,362,400,0.6,rat_movement=True
1,65,140,0.01,rat_movement=True
1,176,200,0.0,rat_movement=True
1,405,380,0.9,rat_movement=True
1,114,140,0.03,rat_movement=True
1,420,500,1.0,rat_movement=True
1,13,20,0.09,rat_movement=True
1,148,160,0.07,rat_movement=True
1,95,140,0.1,rat_movement=True
1,113,160,0.2,rat_movement=True
1,961,860,0.8,rat_movement=True
1,51,40,0.4,rat_movement=True
1,578,760,0.05,rat_movement=True
1,130,140,0.5,rat_movement=True
1,77,60,0.6,rat_movement=True
1,22,20,0.8,rat_movement=True
1,77,60,0.9,rat_movement=True
1,624,500,0.3,rat_movement=True
1,22,20,0.01,rat_movement=True
1,325,280,1.0,rat_movement=True
1,44,140,0.03,rat_movement=True
1,72,80,0.05,rat_movement=True
1,340,500,0.0,rat_movement=True
1,23,20,0.09,rat_movement=True
1,47,80,0.07,rat_movement=True
1,87,160,0.2,rat_movement=True
1,137,160,0.1,rat_movement=True
1,43,100,0.3,rat_movement=True
1,49,120,0.5,rat_movement=True
1,133,100,0.4,rat_movement=True
1,18,40,0.6,rat_movement=True
1,1077,920,0.7,rat_movement=True
1,21,20,0.8,rat_movement=True
1,12,40,0.9,rat_movement=True
1,439,420,0.7,rat_movement=True
1,32,20,0.01,rat_movement=True
1,79,200,0.03,rat_movement=True
1,517,560,1.0,rat_movement=True
1,452,620,0.0,rat_movement=True
1,10,20,0.07,rat_movement=True
1,85,100,0.09,rat_movement=True
1,72,80,0.1,rat_movement=True
1,8,20,0.2,rat_movement=True
1,30,40,0.3,rat_movement=True
1,52,40,0.4,rat_movement=True
1,97,80,0.6,rat_movement=True
1,4,20,0.9,rat_movement=True
1,59,40,0.8,rat_movement=True
1,283,300,0.5,rat_movement=True
1,45,80,0.01,rat_movement=True
1,11,40,0.03,rat_movement=True
1,27,20,0.05,rat_movement=True
1,495,420,1.0,rat_movement=True
1,1289,1800,0.05,rat_movement=True
1,149,220,0.07,rat_movement=True
1,65,80,0.09,rat_movement=True
1,784,840,0.0,rat_movement=True
1,49,100,0.3,rat_movement=True
1,154,300,0.2,rat_movement=True
1,1298,1320,0.7,rat_movement=True
1,154,120,0.4,rat_movement=True
1,55,60,0.5,rat_movement=True
1,500,800,0.1,rat_movement=True
1,158,160,0.6,rat_movement=True
1,6,20,0.8,rat_movement=True
1,6,20,1.0,rat_movement=True
1,235,200,0.9,rat_movement=True
1,526,440,0.7,rat_movement=True
1,77,180,0.01,rat_movement=True
1,26,20,0.05,rat_movement=True
1,78,60,0.07,rat_movement=True
1,44,40,0.09,rat_movement=True
1,412,620,0.03,rat_movement=True
1,136,260,0.1,rat_movement=True
1,31,20,0.4,rat_movement=True
1,165,140,0.3,rat_movement=True
1,80,80,0.7,rat_movement=True
1,196,280,0.5,rat_movement=True
1,309,500,0.2,rat_movement=True
1,22,80,0.9,rat_movement=True
1,270,240,0.6,rat_movement=True
1,155,180,0.0,rat_movement=True
1,321,360,1.0,rat_movement=True
1,55,40,0.03,rat_movement=True
1,123,200,0.01,rat_movement=True
1,79,140,0.05,rat_movement=True
1,99,140,0.07,rat_movement=True
1,833,720,0.8,rat_movement=True
1,105,160,0.1,rat_movement=True
1,109,80,0.2,rat_movement=True
1,67,100,0.3,rat_movement=True
1,49,120,0.4,rat_movement=True
1,308,520,0.09,rat_movement=True
1,18,60,0.5,rat_movement=True
1,48,100,0.6,rat_movement=True
1,365,500,0.7,rat_movement=True
1,26,100,0.9,rat_movement=True
1,76,60,0.0,rat_movement=True
1,88,80,0.01,rat_movement=True
1,7,20,0.03,rat_movement=True
1,360,340,1.0,rat_movement=True
1,123,80,0.05,rat_movement=True
1,118,280,0.07,rat_movement=True
1,18,80,0.09,rat_movement=True
1,116,180,0.2,rat_movement=True
1,1361,1120,0.8,rat_movement=True
1,278,380,0.1,rat_movement=True
1,100,140,0.3,rat_movement=True
1,32,40,0.5,rat_movement=True
1,40,60,0.7,rat_movement=True
1,289,480,0.4,rat_movement=True
1,94,60,0.9,rat_movement=True
1,345,320,0.6,rat_movement=True
1,62,60,1.0,rat_movement=True
1,117,200,0.03,rat_movement=True
1,337,300,0.8,rat_movement=True
1,151,220,0.01,rat_movement=True
1,126,240,0.05,rat_movement=True
1,35,140,0.07,rat_movement=True
1,321,400,0.09,rat_movement=True
1,590,680,0.0,rat_movement=True
1,42,100,0.2,rat_movement=True
1,83,200,0.3,rat_movement=True
1,60,100,0.4,rat_movement=True
1,43,80,0.5,rat_movement=True
1,28,20,0.7,rat_movement=True
1,201,240,0.6,rat_movement=True
1,256,420,0.8,rat_movement=True
1,87,60,1.0,rat_movement=True
1,368,360,0.9,rat_movement=True
1,108,140,0.0,rat_movement=True
1,25,120,0.03,rat_movement=True
1,79,100,0.05,rat_movement=True
1,302,340,0.01,rat_movement=True
1,16,20,0.07,rat_movement=True
1,19,20,0.09,rat_movement=True
1,35,60,0.2,rat_movement=True
1,58,180,0.1,rat_movement=True
1,71,60,0.3,rat_movement=True
1,100,80,0.5,rat_movement=True
1,238,240,0.4,rat_movement=True
1,264,260,0.6,rat_movement=True
1,71,60,0.9,rat_movement=True
1,521,440,0.7,rat_movement=True
1,18,20,0.01,rat_movement=True
1,487,360,0.8,rat_movement=True
1,46,60,0.03,rat_movement=True
1,35,60,0.05,rat_movement=True
1,278,300,0.0,rat_movement=True
1,70,60,0.07,rat_movement=True
1,441,400,1.0,rat_movement=True
1,85,100,0.09,rat_movement=True
1,75,60,0.2,rat_movement=True
1,104,140,0.1,rat_movement=True
1,59,60,0.4,rat_movement=True
1,83,80,0.6,rat_movement=True
1,179,140,0.5,rat_movement=True
1,299,480,0.3,rat_movement=True
1,74,60,0.9,rat_movement=True
1,268,300,0.8,rat_movement=True
1,499,560,0.7,rat_movement=True
1,117,180,0.01,rat_movement=True
1,770,680,1.0,rat_movement=True
1,91,100,0.05,rat_movement=True
1,48,40,0.07,rat_movement=True
1,38,20,0.09,rat_movement=True
1,274,360,0.03,rat_movement=True
1,93,120,0.3,rat_movement=True
1,83,60,0.4,rat_movement=True
1,419,620,0.1,rat_movement=True
1,1224,1380,0.0,rat_movement=True
1,493,880,0.2,rat_movement=True
1,215,200,0.6,rat_movement=True
1,185,300,0.7,rat_movement=True
1,435,620,0.5,rat_movement=True
1,57,60,1.0,rat_movement=True
1,126,240,0.8,rat_movement=True
1,20,20,0.03,rat_movement=True
1,49,140,0.01,rat_movement=True
1,219,200,0.9,rat_movement=True
1,52,120,0.05,rat_movement=True
1,37,80,0.09,rat_movement=True
1,262,220,0.0,rat_movement=True
1,132,180,0.07,rat_movement=True
1,119,100,0.1,rat_movement=True
1,125,140,0.2,rat_movement=True
1,81,160,0.3,rat_movement=True
1,52,60,0.5,rat_movement=True
1,496,620,0.4,rat_movement=True
1,155,380,0.6,rat_movement=True
1,29,20,0.8,rat_movement=True
1,178,220,0.9,rat_movement=True
1,170,160,1.0,rat_movement=True
1,520,460,0.7,rat_movement=True
1,170,200,0.0,rat_movement=True
1,146,200,0.01,rat_movement=True
1,64,120,0.03,rat_movement=True
1,22,60,0.09,rat_movement=True
1,179,200,0.07,rat_movement=True
1,231,460,0.05,rat_movement=True
1,252,260,0.1,rat_movement=True
1,102,100,0.4,rat_movement=True
1,76,100,0.5,rat_movement=True
1,267,460,0.3,rat_movement=True
1,179,240,0.6,rat_movement=True
1,189,200,0.7,rat_movement=True
1,58,60,0.9,rat_movement=True
1,26,20,1.0,rat_movement=True
1,475,840,0.2,rat_movement=True
1,53,80,0.0,rat_movement=True
1,56,40,0.01,rat_movement=True
1,60,40,0.05,rat_movement=True
1,123,140,0.03,rat_movement=True
1,56,100,0.09,rat_movement=True
1,72,40,0.1,rat_movement=True
1,25,60,0.3,rat_movement=True
1,185,280,0.07,rat_movement=True
1,99,180,0.2,rat_movement=True
1,129,120,0.4,rat_movement=True
1,161,140,0.5,rat_movement=True
1,912,800,0.8,rat_movement=True
1,55,140,0.9,rat_movement=True
1,290,260,0.6,rat_movement=True
1,264,400,0.7,rat_movement=True
1,12,40,0.03,rat_movement=True
1,90,180,0.01,rat_movement=True
1,284,240,0.0,rat_movement=True
1,18,60,0.07,rat_movement=True
1,78,100,0.09,rat_movement=True
1,165,240,0.05,rat_movement=True
1,33,100,0.1,rat_movement=True
1,70,80,0.2,rat_movement=True
1,50,60,0.5,rat_movement=True
1,9,20,0.6,rat_movement=True
1,733,680,1.0,rat_movement=True
1,48,100,0.8,rat_movement=True
1,240,420,0.3,rat_movement=True
1,338,320,0.4,rat_movement=True
1,168,160,0.9,rat_movement=True
1,19,20,0.0,rat_movement=True
1,106,100,1.0,rat_movement=True
1,1398,1220,0.8,rat_movement=True
1,41,20,0.05,rat_movement=True
1,265,420,0.03,rat_movement=True
1,414,600,0.01,rat_movement=True
1,851,780,0.7,rat_movement=True
1,13,60,0.1,rat_movement=True
1,89,180,0.09,rat_movement=True
1,64,100,0.2,rat_movement=True
1,47,120,0.3,rat_movement=True
1,16,20,0.5,rat_movement=True
1,345,360,0.07,rat_movement=True
1,144,100,0.6,rat_movement=True
1,268,420,0.4,rat_movement=True
1,244,220,0.7,rat_movement=True
1,42,40,1.0,rat_movement=True
1,129,100,0.0,rat_movement=True
1,78,140,0.01,rat_movement=True
1,448,560,0.8,rat_movement=True
1,107,140,0.03,rat_movement=True
1,19,20,0.07,rat_movement=True
1,84,120,0.05,rat_movement=True
1,73,80,0.1,rat_movement=True
1,144,200,0.09,rat_movement=True
1,40,60,0.2,rat_movement=True
1,78,60,0.4,rat_movement=True
1,839,660,0.9,rat_movement=True
1,173,300,0.3,rat_movement=True
1,129,100,0.6,rat_movement=True
1,27,40,0.7,rat_movement=True
1,37,60,0.9,rat_movement=True
1,34,40,0.0,rat_movement=True
1,453,380,0.5,rat_movement=True
1,174,160,1.0,rat_movement=True
1,38,40,0.03,rat_movement=True
1,41,120,0.05,rat_movement=True
1,192,160,0.01,rat_movement=True
1,133,320,0.07,rat_movement=True
1,157,300,0.09,rat_movement=True
1,709,620,0.8,rat_movement=True
1,124,160,0.1,rat_movement=True
1,48,40,0.2,rat_movement=True
1,47,40,0.3,rat_movement=True
1,130,140,0.4,rat_movement=True
1,104,160,0.6,rat_movement=True
1,57,160,0.7,rat_movement=True
1,249,200,1.0,rat_movement=True
1,612,740,0.5,rat_movement=True
1,33,20,0.03,rat_movement=True
1,144,280,0.01,rat_movement=True
1,64,80,0.05,rat_movement=True
1,794,860,0.9,rat_movement=True
1,40,60,0.07,rat_movement=True
1,731,880,0.0,rat_movement=True
1,80,160,0.09,rat_movement=True
1,119,220,0.1,rat_movement=True
1,21,20,0.4,rat_movement=True
1,44,40,0.5,rat_movement=True
1,307,440,0.3,rat_movement=True
1,309,600,0.2,rat_movement=True
1,2,20,0.8,rat_movement=True
1,397,360,0.6,rat_movement=True
1,354,320,0.7,rat_movement=True
1,126,220,0.01,rat_movement=True
1,91,140,0.05,rat_movement=True
1,445,520,0.0,rat_movement=True
1,41,40,0.07,rat_movement=True
1,271,580,0.03,rat_movement=True
1,127,140,0.09,rat_movement=True
1,94,180,0.1,rat_movement=True
1,52,80,0.2,rat_movement=True
1,160,180,0.3,rat_movement=True
1,12,40,0.6,rat_movement=True
1,227,300,0.4,rat_movement=True
1,16,40,0.7,rat_movement=True
1,1417,1300,1.0,rat_movement=True
1,258,340,0.5,rat_movement=True
1,87,60,0.8,rat_movement=True
1,14,20,1.0,rat_movement=True
1,11,20,0.0,rat_movement=True
1,52,40,0.05,rat_movement=True
1,348,400,0.01,rat_movement=True
1,31,60,0.07,rat_movement=True
1,102,120,0.09,rat_movement=True
1,8,40,0.1,rat_movement=True
1,21,20,0.3,rat_movement=True
1,681,860,0.03,rat_movement=True
1,128,340,0.2,rat_movement=True
1,85,60,0.5,rat_movement=True
1,48,40,0.7,rat_movement=True
1,22,20,0.8,rat_movement=True
1,433,620,0.4,rat_movement=True
1,182,180,0.9,rat_movement=True
1,155,140,1.0,rat_movement=True
1,0,20,0.01,rat_movement=True
1,1934,1620,0.9,rat_movement=True
1,576,480,0.6,rat_movement=True
1,82,120,0.05,rat_movement=True
1,180,180,0.03,rat_movement=True
1,81,140,0.07,rat_movement=True
1,141,220,0.09,rat_movement=True
1,85,200,0.1,rat_movement=True
1,47,100,0.2,rat_movement=True
1,732,940,0.0,rat_movement=True
1,31,100,0.4,rat_movement=True
1,71,60,0.5,rat_movement=True
1,34,40,0.7,rat_movement=True
1,314,280,0.3,rat_movement=True
1,203,200,0.6,rat_movement=True
1,177,140,0.8,rat_movement=True
1,144,120,0.9,rat_movement=True
1,10,20,0.0,rat_movement=True
1,32,80,0.01,rat_movement=True
1,60,140,0.03,rat_movement=True
1,79,60,0.07,rat_movement=True
1,31,20,0.09,rat_movement=True
1,22,20,0.1,rat_movement=True
1,160,380,0.05,rat_movement=True
1,44,40,0.2,rat_movement=True
1,21,60,0.3,rat_movement=True
1,427,620,1.0,rat_movement=True
1,155,140,0.4,rat_movement=True
1,196,200,0.5,rat_movement=True
1,95,60,0.7,rat_movement=True
1,122,100,0.8,rat_movement=True
1,66,220,0.9,rat_movement=True
1,55,160,0.01,rat_movement=True
1,79,60,0.03,rat_movement=True
1,57,100,0.05,rat_movement=True
1,341,500,0.6,rat_movement=True
1,25,40,0.09,rat_movement=True
1,44,60,0.1,rat_movement=True
1,22,60,0.2,rat_movement=True
1,2,20,0.3,rat_movement=True
1,87,160,0.07,rat_movement=True
1,38,100,0.7,rat_movement=True
1,502,800,0.4,rat_movement=True
1,3,20,0.9,rat_movement=True
1,109,80,0.8,rat_movement=True
1,615,720,0.5,rat_movement=True
1,83,160,0.01,rat_movement=True
1,804,640,0.6,rat_movement=True
1,102,120,0.05,rat_movement=True
1,1415,1520,0.0,rat_movement=True
1,7,20,0.1,rat_movement=True
1,239,320,0.03,rat_movement=True
1,1779,1340,1.0,rat_movement=True
1,271,480,0.09,rat_movement=True
1,49,40,0.3,rat_movement=True
1,12,40,0.4,rat_movement=True
1,15,20,0.5,rat_movement=True
1,539,660,0.07,rat_movement=True
1,31,120,0.7,rat_movement=True
1,616,920,0.2,rat_movement=True
1,126,160,0.8,rat_movement=True
1,360,280,0.6,rat_movement=True
1,169,180,0.9,rat_movement=True
1,1528,1300,1.0,rat_movement=True
1,49,40,0.0,rat_movement=True
1,1598,1540,0.0,rat_movement=True
1,302,360,1.0,rat_movement=True
1,57,80,0.03,rat_movement=True
1,211,280,0.01,rat_movement=True
1,55,100,0.05,rat_movement=True
1,82,100,0.09,rat_movement=True
1,0,20,0.1,rat_movement=True
1,206,420,0.07,rat_movement=True
1,68,160,0.2,rat_movement=True
1,154,320,0.3,rat_movement=True
1,171,140,0.4,rat_movement=True
1,23,20,0.6,rat_movement=True
1,197,160,0.5,rat_movement=True
1,25,140,0.8,rat_movement=True
1,46,140,0.7,rat_movement=True
1,14,40,0.9,rat_movement=True
1,72,120,0.03,rat_movement=True
1,168,240,0.01,rat_movement=True
1,82,100,0.05,rat_movement=True
1,18,40,0.07,rat_movement=True
1,197,320,0.1,rat_movement=True
1,263,440,0.09,rat_movement=True
1,0,0,0.4,rat_movement=True
1,13,20,0.5,rat_movement=True
1,60,100,0.3,rat_movement=True
1,304,560,0.2,rat_movement=True
1,297,560,0.6,rat_movement=True
1,96,120,0.8,rat_movement=True
1,421,400,0.7,rat_movement=True
1,208,160,1.0,rat_movement=True
1,32,20,0.01,rat_movement=True
1,34,40,0.03,rat_movement=True
1,12,80,0.07,rat_movement=True
1,103,240,0.05,rat_movement=True
1,624,700,0.0,rat_movement=True
1,138,160,0.09,rat_movement=True
1,23,40,0.3,rat_movement=True
1,186,420,0.1,rat_movement=True
1,69,100,0.5,rat_movement=True
1,123,120,0.4,rat_movement=True
1,1295,960,0.9,rat_movement=True
1,67,60,0.6,rat_movement=True
1,30,20,0.9,rat_movement=True
1,415,600,0.2,rat_movement=True
1,83,60,1.0,rat_movement=True
1,236,360,0.7,rat_movement=True
1,320,340,0.8,rat_movement=True
1,222,340,0.01,rat_movement=True
1,55,120,0.05,rat_movement=True
1,98,60,0.07,rat_movement=True
1,79,80,0.09,rat_movement=True
1,29,20,0.1,rat_movement=True
1,665,900,0.03,rat_movement=True
1,5,20,0.2,rat_movement=True
1,102,80,0.5,rat_movement=True
1,267,320,0.4,rat_movement=True
1,163,200,0.6,rat_movement=True
1,1437,1580,0.0,rat_movement=True
1,582,740,0.3,rat_movement=True
1,24,40,1.0,rat_movement=True
1,114,80,0.9,rat_movement=True
1,395,340,0.7,rat_movement=True
1,11,20,0.03,rat_movement=True
1,70,120,0.05,rat_movement=True
1,538,440,0.8,rat_movement=True
1,100,80,0.07,rat_movement=True
1,438,420,0.01,rat_movement=True
1,8,60,0.09,rat_movement=True
1,500,640,0.0,rat_movement=True
1,24,40,0.1,rat_movement=True
1,110,160,0.2,rat_movement=True
1,223,200,0.4,rat_movement=True
1,309,320,0.3,rat_movement=True
1,47,20,0.7,rat_movement=True
1,150,180,0.6,rat_movement=True
1,36,100,0.8,rat_movement=True
1,422,540,0.5,rat_movement=True
1,236,240,0.9,rat_movement=True
1,36,80,0.03,rat_movement=True
1,232,400,0.01,rat_movement=True
1,65,100,0.05,rat_movement=True
1,449,400,0.0,rat_movement=True
1,552,560,1.0,rat_movement=True
1,104,180,0.07,rat_movement=True
1,75,100,0.09,rat_movement=True
1,28,20,0.2,rat_movement=True
1,130,160,0.1,rat_movement=True
1,245,280,0.3,rat_movement=True
1,121,280,0.6,rat_movement=True
1,83,220,0.8,rat_movement=True
1,5,20,0.9,rat_movement=True
1,493,620,0.5,rat_movement=True
1,504,780,0.4,rat_movement=True
1,38,40,0.0,rat_movement=True
1,424,420,0.7,rat_movement=True
1,124,120,0.03,rat_movement=True
1,60,40,0.05,rat_movement=True
1,29,40,0.09,rat_movement=True
1,80,140,0.07,rat_movement=True
1,114,180,0.1,rat_movement=True
1,113,100,0.3,rat_movement=True
1,232,280,0.2,rat_movement=True
1,96,160,0.4,rat_movement=True
1,689,800,0.01,rat_movement=True
1,49,40,0.5,rat_movement=True
1,260,240,0.7,rat_movement=True
1,464,680,0.6,rat_movement=True
1,87,60,0.9,rat_movement=True
1,1666,1300,1.0,rat_movement=True
1,29,60,0.05,rat_movement=True
1,258,500,0.8,rat_movement=True
1,66,120,0.07,rat_movement=True
1,228,300,0.03,rat_movement=True
1,527,560,1.0,rat_movement=True
1,74,80,0.2,rat_movement=True
1,476,740,0.01,rat_movement=True
1,232,280,0.09,rat_movement=True
1,217,420,0.1,rat_movement=True
1,104,120,0.4,rat_movement=True
1,94,80,0.5,rat_movement=True
1,54,60,0.7,rat_movement=True
1,257,280,0.3,rat_movement=True
1,787,980,0.0,rat_movement=True
1,129,120,0.8,rat_movement=True
1,421,380,0.6,rat_movement=True
1,86,240,1.0,rat_movement=True
1,323,380,0.9,rat_movement=True
1,118,100,0.0,rat_movement=True
1,80,60,0.01,rat_movement=True
1,57,60,0.03,rat_movement=True
1,58,40,0.05,rat_movement=True
1,21,60,0.07,rat_movement=True
1,57,60,0.09,rat_movement=True
1,64,140,0.1,rat_movement=True
1,13,40,0.3,rat_movement=True
1,97,120,0.2,rat_movement=True
1,210,280,0.5,rat_movement=True
1,417,420,0.4,rat_movement=True
1,76,60,0.8,rat_movement=True
1,488,420,0.7,rat_movement=True
1,37,20,0.01,rat_movement=True
1,7,20,0.03,rat_movement=True
1,56,60,0.05,rat_movement=True
1,11,40,0.07,rat_movement=True
1,307,320,1.0,rat_movement=True
1,260,300,0.0,rat_movement=True
1,432,460,0.9,rat_movement=True
1,96,120,0.1,rat_movement=True
1,5,20,0.2,rat_movement=True
1,167,220,0.09,rat_movement=True
1,1420,1460,0.6,rat_movement=True
1,115,80,0.4,rat_movement=True
1,246,460,0.3,rat_movement=True
1,89,160,0.7,rat_movement=True
1,341,320,0.5,rat_movement=True
1,385,340,0.6,rat_movement=True
1,254,260,0.9,rat_movement=True
1,142,200,0.0,rat_movement=True
1,89,200,0.01,rat_movement=True
1,19,40,0.05,rat_movement=True
1,136,240,0.03,rat_movement=True
1,735,560,0.8,rat_movement=True
1,154,240,0.07,rat_movement=True
1,150,140,0.09,rat_movement=True
1,70,60,0.3,rat_movement=True
1,325,500,0.1,rat_movement=True
1,136,140,0.4,rat_movement=True
1,295,300,0.2,rat_movement=True
1,300,260,0.5,rat_movement=True
1,283,280,0.6,rat_movement=True
1,308,300,0.7,rat_movement=True
1,1598,1400,1.0,rat_movement=True
1,359,260,0.8,rat_movement=True
1,444,360,0.9,rat_movement=True
1,51,80,0.03,rat_movement=True
1,152,220,0.01,rat_movement=True
1,41,40,0.07,rat_movement=True
1,56,40,0.09,rat_movement=True
1,569,660,1.0,rat_movement=True
1,202,380,0.05,rat_movement=True
1,95,140,0.2,rat_movement=True
1,707,660,0.0,rat_movement=True
1,220,280,0.1,rat_movement=True
1,115,80,0.3,rat_movement=True
1,68,120,0.6,rat_movement=True
1,160,180,0.4,rat_movement=True
1,25,40,0.7,rat_movement=True
1,0,20,0.8,rat_movement=True
1,315,400,0.5,rat_movement=True
1,63,60,0.01,rat_movement=True
1,235,280,0.9,rat_movement=True
1,39,80,0.03,rat_movement=True
1,132,180,0.05,rat_movement=True
1,37,100,0.09,rat_movement=True
1,421,400,1.0,rat_movement=True
1,137,200,0.07,rat_movement=True
1,547,560,0.0,rat_movement=True
1,94,140,0.3,rat_movement=True
1,132,220,0.2,rat_movement=True
1,125,100,0.4,rat_movement=True
1,147,120,0.6,rat_movement=True
1,81,200,0.7,rat_movement=True
1,249,300,0.5,rat_movement=True
1,207,160,0.8,rat_movement=True
1,212,220,0.9,rat_movement=True
1,87,80,0.01,rat_movement=True
1,774,980,0.1,rat_movement=True
1,75,80,0.07,rat_movement=True
1,162,200,0.05,rat_movement=True
1,57,40,0.1,rat_movement=True
1,257,420,0.03,rat_movement=True
1,123,200,0.09,rat_movement=True
1,56,40,0.3,rat_movement=True
1,118,220,0.2,rat_movement=True
1,829,820,1.0,rat_movement=True
1,110,100,0.4,rat_movement=True
1,64,160,0.5,rat_movement=True
1,13,60,0.7,rat_movement=True
1,78,120,0.6,rat_movement=True
1,798,900,0.0,rat_movement=True
1,78,100,0.8,rat_movement=True
1,50,120,0.01,rat_movement=True
1,81,120,0.03,rat_movement=True
1,15,20,0.05,rat_movement=True
1,114,180,0.07,rat_movement=True
1,33,40,0.09,rat_movement=True
1,75,80,0.1,rat_movement=True
1,35,40,0.2,rat_movement=True
1,636,540,1.0,rat_movement=True
1,74,100,0.3,rat_movement=True
1,783,680,0.9,rat_movement=True
1,122,200,0.4,rat_movement=True
1,24,20,0.7,rat_movement=True
1,38,40,0.6,rat_movement=True
1,20,20,0.8,rat_movement=True
1,429,480,0.5,rat_movement=True
1,51,60,0.0,rat_movement=True
1,11,20,0.01,rat_movement=True
1,32,100,0.03,rat_movement=True
1,326,460,1.0,rat_movement=True
1,20,60,0.05,rat_movement=True
1,548,700,0.9,rat_movement=True
1,109,140,0.07,rat_movement=True
1,30,20,0.09,rat_movement=True
1,112,80,0.2,rat_movement=True
1,140,240,0.1,rat_movement=True
1,79,40,0.3,rat_movement=True
1,80,100,0.4,rat_movement=True
1,20,20,0.6,rat_movement=True
1,220,160,0.5,rat_movement=True
1,304,240,0.7,rat_movement=True
1,232,200,0.8,rat_movement=True
1,138,160,1.0,rat_movement=True
1,32,80,0.01,rat_movement=True
1,137,200,0.03,rat_movement=True
1,53,60,0.07,rat_movement=True
1,125,180,0.05,rat_movement=True
1,8,20,0.09,rat_movement=True
1,88,120,0.1,rat_movement=True
1,231,360,0.2,rat_movement=True
1,21,60,0.3,rat_movement=True
1,45,100,0.4,rat_movement=True
1,45,40,0.6,rat_movement=True
1,126,120,0.5,rat_movement=True
1,27,40,0.7,rat_movement=True
1,1624,1280,0.9,rat_movement=True
1,145,80,0.8,rat_movement=True
1,1602,1880,0.0,rat_movement=True
1,86,100,0.03,rat_movement=True
1,24,20,0.07,rat_movement=True
1,206,180,0.01,rat_movement=True
1,539,580,0.0,rat_movement=True
1,131,260,0.05,rat_movement=True
1,69,100,0.1,rat_movement=True
1,36,40,0.2,rat_movement=True
1,33,20,0.3,rat_movement=True
1,285,480,0.09,rat_movement=True
1,8,20,0.5,rat_movement=True
1,79,140,0.6,rat_movement=True
1,1276,1140,1.0,rat_movement=True
1,34,100,0.9,rat_movement=True
1,25,20,0.0,rat_movement=True
1,378,660,0.4,rat_movement=True
1,337,340,0.7,rat_movement=True
1,462,520,0.8,rat_movement=True
1,21,60,0.05,rat_movement=True
1,19,80,0.07,rat_movement=True
1,128,280,0.03,rat_movement=True
1,293,460,0.01,rat_movement=True
1,68,80,0.09,rat_movement=True
1,1913,1720,0.9,rat_movement=True
1,42,60,0.1,rat_movement=True
1,68,80,0.2,rat_movement=True
1,99,100,0.3,rat_movement=True
1,173,220,0.4,rat_movement=True
1,294,380,0.5,rat_movement=True
1,190,200,0.7,rat_movement=True
1,284,260,0.6,rat_movement=True
1,45,40,0.9,rat_movement=True
1,119,300,0.8,rat_movement=True
1,30,40,0.01,rat_movement=True
1,1439,1120,1.0,rat_movement=True
1,115,80,0.0,rat_movement=True
1,44,40,0.03,rat_movement=True
1,81,220,0.05,rat_movement=True
1,303,280,1.0,rat_movement=True
1,115,260,0.07,rat_movement=True
1,63,100,0.09,rat_movement=True
1,68,100,0.1,rat_movement=True
1,71,80,0.2,rat_movement=True
1,177,300,0.3,rat_movement=True
1,376,420,0.4,rat_movement=True
1,70,100,0.7,rat_movement=True
1,357,420,0.5,rat_movement=True
1,439,360,0.6,rat_movement=True
1,67,60,0.0,rat_movement=True
1,41,40,0.01,rat_movement=True
1,67,60,0.03,rat_movement=True
1,573,560,0.9,rat_movement=True
1,110,100,0.05,rat_movement=True
1,774,740,1.0,rat_movement=True
1,34,40,0.07,rat_movement=True
1,230,520,0.09,rat_movement=True
1,166,240,0.1,rat_movement=True
1,55,40,0.2,rat_movement=True
1,2,20,0.3,rat_movement=True
1,57,120,0.5,rat_movement=True
1,38,20,0.6,rat_movement=True
1,356,360,0.8,rat_movement=True
1,485,440,0.7,rat_movement=True
1,318,300,0.9,rat_movement=True
1,216,260,1.0,rat_movement=True
1,118,240,0.01,rat_movement=True
1,30,40,0.03,rat_movement=True
1,179,260,0.0,rat_movement=True
1,136,180,0.07,rat_movement=True
1,85,100,0.09,rat_movement=True
1,373,500,0.05,rat_movement=True
1,27,20,0.2,rat_movement=True
1,1772,2060,0.4,rat_movement=True
1,132,100,0.4,rat_movement=True
1,141,320,0.3,rat_movement=True
1,293,360,0.1,rat_movement=True
1,17,20,0.7,rat_movement=True
1,119,80,0.5,rat_movement=True
1,73,80,0.6,rat_movement=True
1,83,80,0.9,rat_movement=True
1,257,360,0.8,rat_movement=True
1,32,60,0.01,rat_movement=True
1,38,120,0.03,rat_movement=True
1,144,160,0.05,rat_movement=True
1,115,220,0.07,rat_movement=True
1,1026,820,1.0,rat_movement=True
1,25,20,0.1,rat_movement=True
1,41,60,0.2,rat_movement=True
1,65,100,0.09,rat_movement=True
1,947,1040,0.0,rat_movement=True
1,120,80,0.3,rat_movement=True
1,76,60,0.5,rat_movement=True
1,53,60,0.6,rat_movement=True
1,28,140,0.7,rat_movement=True
1,212,320,0.4,rat_movement=True
1,33,40,0.0,rat_movement=True
1,101,200,1.0,rat_movement=True
1,213,200,0.9,rat_movement=True
1,11,60,0.03,rat_movement=True
1,295,260,0.8,rat_movement=True
1,13,20,0.05,rat_movement=True
1,201,200,0.01,rat_movement=True
1,146,200,0.09,rat_movement=True
1,291,400,0.07,rat_movement=True
1,36,40,0.2,rat_movement=True
1,205,280,0.1,rat_movement=True
1,91,80,0.3,rat_movement=True
1,208,220,0.5,rat_movement=True
1,311,280,0.4,rat_movement=True
1,221,180,0.6,rat_movement=True
1,231,280,0.7,rat_movement=True
1,51,40,0.01,rat_movement=True
1,227,260,0.9,rat_movement=True
1,46,40,0.05,rat_movement=True
1,275,500,0.8,rat_movement=True
1,10,20,0.07,rat_movement=True
1,257,380,0.03,rat_movement=True
1,472,460,0.0,rat_movement=True
1,114,160,0.09,rat_movement=True
1,104,160,0.1,rat_movement=True
1,161,180,0.2,rat_movement=True
1,83,120,0.3,rat_movement=True
1,77,60,0.6,rat_movement=True
1,144,140,0.5,rat_movement=True
1,214,140,0.4,rat_movement=True
1,49,40,0.8,rat_movement=True
1,69,120,0.7,rat_movement=True
1,103,100,0.9,rat_movement=True
1,35,40,0.03,rat_movement=True
1,387,400,1.0,rat_movement=True
1,1828,1620,1.0,rat_movement=True
1,73,140,0.05,rat_movement=True
1,217,160,0.01,rat_movement=True
1,17,40,0.09,rat_movement=True
1,99,180,0.07,rat_movement=True
1,36,80,0.1,rat_movement=True
1,39,40,0.3,rat_movement=True
1,90,200,0.2,rat_movement=True
1,62,120,0.5,rat_movement=True
1,30,20,0.6,rat_movement=True
1,135,200,0.4,rat_movement=True
1,324,380,0.7,rat_movement=True
1,206,160,0.9,rat_movement=True
1,44,60,0.0,rat_movement=True
1,238,400,0.8,rat_movement=True
1,200,180,1.0,rat_movement=True
1,93,120,0.05,rat_movement=True
1,157,240,0.01,rat_movement=True
1,37,120,0.07,rat_movement=True
1,48,100,0.09,rat_movement=True
1,36,40,0.1,rat_movement=True
1,176,240,0.03,rat_movement=True
1,1541,1600,0.0,rat_movement=True
1,121,100,0.3,rat_movement=True
1,109,180,0.2,rat_movement=True
1,69,60,0.5,rat_movement=True
1,144,120,0.4,rat_movement=True
1,234,200,0.6,rat_movement=True
1,16,20,0.0,rat_movement=True
1,236,320,0.7,rat_movement=True
1,85,80,0.01,rat_movement=True
1,137,240,1.0,rat_movement=True
1,371,300,0.8,rat_movement=True
1,170,180,0.05,rat_movement=True
1,221,220,0.03,rat_movement=True
1,96,220,0.07,rat_movement=True
1,21,60,0.1,rat_movement=True
1,25,40,0.2,rat_movement=True
1,206,180,0.09,rat_movement=True
1,98,160,0.3,rat_movement=True
1,33,100,0.4,rat_movement=True
1,15,20,0.5,rat_movement=True
1,153,140,0.6,rat_movement=True
1,1174,1000,0.9,rat_movement=True
1,221,180,0.7,rat_movement=True
1,15,20,0.9,rat_movement=True
1,47,40,1.0,rat_movement=True
1,78,60,0.03,rat_movement=True
1,76,120,0.05,rat_movement=True
1,425,440,0.8,rat_movement=True
1,68,60,0.07,rat_movement=True
1,1,20,0.1,rat_movement=True
1,49,40,0.09,rat_movement=True
1,29,60,0.2,rat_movement=True
1,100,240,0.3,rat_movement=True
1,222,220,0.4,rat_movement=True
1,849,960,0.01,rat_movement=True
1,140,100,0.6,rat_movement=True
1,78,100,0.7,rat_movement=True
1,133,80,0.9,rat_movement=True
1,118,80,1.0,rat_movement=True
1,461,460,0.8,rat_movement=True
1,177,240,0.0,rat_movement=True
1,57,100,0.03,rat_movement=True
1,181,200,0.01,rat_movement=True
1,863,1200,0.5,rat_movement=True
1,16,40,0.09,rat_movement=True
1,1977,1740,0.0,rat_movement=True
1,167,340,0.05,rat_movement=True
1,42,60,0.1,rat_movement=True
1,111,220,0.07,rat_movement=True
1,29,60,0.3,rat_movement=True
1,52,80,0.2,rat_movement=True
1,108,80,0.7,rat_movement=True
1,259,500,0.4,rat_movement=True
1,48,140,0.8,rat_movement=True
1,337,340,0.5,rat_movement=True
1,109,80,0.9,rat_movement=True
1,132,100,1.0,rat_movement=True
1,22,120,0.01,rat_movement=True
1,112,160,0.05,rat_movement=True
1,138,240,0.03,rat_movement=True
1,618,620,0.6,rat_movement=True
1,119,200,0.07,rat_movement=True
1,83,100,0.1,rat_movement=True
1,165,300,0.09,rat_movement=True
1,154,260,0.2,rat_movement=True
1,108,100,0.3,rat_movement=True
1,620,640,0.0,rat_movement=True
1,103,120,0.4,rat_movement=True
1,16,20,0.7,rat_movement=True
1,80,60,0.8,rat_movement=True
1,201,240,0.5,rat_movement=True
1,40,40,0.9,rat_movement=True
1,210,160,0.6,rat_movement=True
1,59,40,0.0,rat_movement=True
1,79,160,0.03,rat_movement=True
1,62,80,0.05,rat_movement=True
1,340,320,1.0,rat_movement=True
1,196,440,0.01,rat_movement=True
1,34,80,0.07,rat_movement=True
1,71,160,0.09,rat_movement=True
1,97,100,0.2,rat_movement=True
1,203,200,0.3,rat_movement=True
1,127,140,0.4,rat_movement=True
1,367,720,0.1,rat_movement=True
1,82,180,0.6,rat_movement=True
1,66,80,0.7,rat_movement=True
1,114,100,1.0,rat_movement=True
1,362,360,0.5,rat_movement=True
1,45,80,0.01,rat_movement=True
1,85,100,0.03,rat_movement=True
1,416,460,0.9,rat_movement=True
1,18,20,0.07,rat_movement=True
1,115,80,0.05,rat_movement=True
1,615,580,0.8,rat_movement=True
1,40,60,0.1,rat_movement=True
1,170,340,0.09,rat_movement=True
1,94,120,0.2,rat_movement=True
1,81,80,0.4,rat_movement=True
1,303,360,0.6,rat_movement=True
1,287,260,0.7,rat_movement=True
1,355,700,0.5,rat_movement=True
1,1301,1320,0.0,rat_movement=True
1,44,60,1.0,rat_movement=True
1,792,1240,0.3,rat_movement=True
1,124,160,0.01,rat_movement=True
1,145,260,0.03,rat_movement=True
1,69,140,0.05,rat_movement=True
1,30,40,0.07,rat_movement=True
1,48,60,0.09,rat_movement=True
1,18,20,0.1,rat_movement=True
1,30,100,0.2,rat_movement=True
1,755,880,0.9,rat_movement=True
1,49,40,0.3,rat_movement=True
1,978,880,0.8,rat_movement=True
1,16,40,0.4,rat_movement=True
1,720,960,0.0,rat_movement=True
1,58,40,0.6,rat_movement=True
1,65,60,0.7,rat_movement=True
1,391,360,0.5,rat_movement=True
1,5,20,0.9,rat_movement=True
1,21,20,1.0,rat_movement=True
1,86,80,0.01,rat_movement=True
1,72,200,0.05,rat_movement=True
1,136,300,0.03,rat_movement=True
1,120,180,0.07,rat_movement=True
1,99,60,0.09,rat_movement=True
1,23,40,0.1,rat_movement=True
1,75,80,0.2,rat_movement=True
1,82,100,0.3,rat_movement=True
1,705,700,0.0,rat_movement=True
1,1021,900,0.8,rat_movement=True
1,140,200,0.4,rat_movement=True
1,172,300,0.5,rat_movement=True
1,37,40,0.7,rat_movement=True
1,141,100,0.6,rat_movement=True
1,219,300,1.0,rat_movement=True
1,79,80,0.01,rat_movement=True
1,616,540,0.8,rat_movement=True
1,204,320,0.05,rat_movement=True
1,88,160,0.07,rat_movement=True
1,390,540,0.03,rat_movement=True
1,72,120,0.09,rat_movement=True
1,722,720,0.0,rat_movement=True
1,55,60,0.1,rat_movement=True
1,68,220,0.2,rat_movement=True
1,171,200,0.3,rat_movement=True
1,166,260,0.4,rat_movement=True
1,147,140,0.5,rat_movement=True
1,152,360,0.7,rat_movement=True
1,265,320,0.6,rat_movement=True
1,1829,1500,0.9,rat_movement=True
1,39,40,0.0,rat_movement=True
1,95,120,0.01,rat_movement=True
1,332,240,1.0,rat_movement=True
1,83,120,0.03,rat_movement=True
1,101,140,0.05,rat_movement=True
1,108,120,0.07,rat_movement=True
1,853,740,0.8,rat_movement=True
1,88,160,0.09,rat_movement=True
1,55,80,0.1,rat_movement=True
1,13,20,0.4,rat_movement=True
1,132,380,0.2,rat_movement=True
1,235,260,0.3,rat_movement=True
1,76,60,0.7,rat_movement=True
1,191,340,0.6,rat_movement=True
1,259,240,0.5,rat_movement=True
1,249,200,0.9,rat_movement=True
1,12,20,0.01,rat_movement=True
1,1836,1560,0.9,rat_movement=True
1,444,360,1.0,rat_movement=True
1,65,40,0.05,rat_movement=True
1,170,240,0.03,rat_movement=True
1,66,140,0.09,rat_movement=True
1,130,240,0.07,rat_movement=True
1,50,100,0.1,rat_movement=True
1,12,20,0.2,rat_movement=True
1,156,140,0.4,rat_movement=True
1,929,1000,0.0,rat_movement=True
1,219,220,0.3,rat_movement=True
1,83,60,0.6,rat_movement=True
1,136,200,0.8,rat_movement=True
1,240,300,0.7,rat_movement=True
1,10,20,0.9,rat_movement=True
1,652,520,0.5,rat_movement=True
1,59,100,0.03,rat_movement=True
1,30,40,0.05,rat_movement=True
1,358,440,0.01,rat_movement=True
1,86,160,0.07,rat_movement=True
1,498,500,1.0,rat_movement=True
1,99,260,0.1,rat_movement=True
1,206,200,0.09,rat_movement=True
1,63,60,0.3,rat_movement=True
1,7,40,0.4,rat_movement=True
1,246,260,0.2,rat_movement=True
1,42,80,0.6,rat_movement=True
1,36,120,0.05,rat_movement=False
1,129,80,0.03,rat_movement=False
1,30,120,0.07,rat_movement=False
1,187,180,0.0,rat_movement=False
1,142,220,0.01,rat_movement=False
1,27,60,0.09,rat_movement=False
1,120,180,0.1,rat_movement=False
1,98,140,0.2,rat_movement=False
1,300,180,0.3,rat_movement=False
1,251,160,0.4,rat_movement=False
1,305,200,0.5,rat_movement=False
1,309,220,0.6,rat_movement=False
1,82,60,0.8,rat_movement=False
1,102,60,0.9,rat_movement=False
1,52,40,0.0,rat_movement=False
1,352,240,0.7,rat_movement=False
1,55,100,0.01,rat_movement=False
1,71,80,0.03,rat_movement=False
1,493,420,1.0,rat_movement=False
1,74,60,0.05,rat_movement=False
1,117,180,0.07,rat_movement=False
1,35,40,0.09,rat_movement=False
1,54,120,0.1,rat_movement=False
1,24,60,0.3,rat_movement=False
1,166,80,0.2,rat_movement=False
1,71,40,0.4,rat_movement=False
1,360,240,0.5,rat_movement=False
1,239,160,0.6,rat_movement=False
1,277,200,0.7,rat_movement=False
1,196,120,0.8,rat_movement=False
1,172,160,0.9,rat_movement=False
1,944,680,1.0,rat_movement=False
1,209,180,0.0,rat_movement=False
1,53,60,0.01,rat_movement=False
1,66,200,0.03,rat_movement=False
1,102,160,0.05,rat_movement=False
1,94,100,0.07,rat_movement=False
1,67,40,0.09,rat_movement=False
1,38,120,0.1,rat_movement=False
1,168,200,0.2,rat_movement=False
1,54,100,0.3,rat_movement=False
1,6,20,0.4,rat_movement=False
1,229,180,0.5,rat_movement=False
1,55,120,0.6,rat_movement=False
1,222,140,0.7,rat_movement=False
1,154,80,0.8,rat_movement=False
1,233,160,0.9,rat_movement=False
1,36,20,0.01,rat_movement=False
1,335,220,1.0,rat_movement=False
1,54,100,0.03,rat_movement=False
1,79,80,0.05,rat_movement=False
1,46,80,0.07,rat_movement=False
1,56,80,0.09,rat_movement=False
1,49,100,0.1,rat_movement=False
1,24,40,0.2,rat_movement=False
1,152,120,0.3,rat_movement=False
1,294,240,0.4,rat_movement=False
1,196,140,0.5,rat_movement=False
1,352,240,0.6,rat_movement=False
1,269,160,0.7,rat_movement=False
1,24,80,0.8,rat_movement=False
1,3181,2620,0.0,rat_movement=False
1,60,80,0.9,rat_movement=False
1,441,360,1.0,rat_movement=False
1,49,160,0.01,rat_movement=False
1,63,80,0.03,rat_movement=False
1,75,160,0.05,rat_movement=False
1,36,60,0.07,rat_movement=False
1,39,80,0.09,rat_movement=False
1,72,140,0.1,rat_movement=False
1,120,140,0.2,rat_movement=False
1,110,120,0.3,rat_movement=False
1,46,60,0.4,rat_movement=False
1,352,260,0.5,rat_movement=False
1,2471,2260,0.0,rat_movement=False
1,18,60,0.6,rat_movement=False
1,61,40,0.7,rat_movement=False
1,80,60,1.0,rat_movement=False
1,406,320,0.9,rat_movement=False
1,824,620,0.8,rat_movement=False
1,138,260,0.01,rat_movement=False
1,62,80,0.03,rat_movement=False
1,331,260,0.0,rat_movement=False
1,51,140,0.05,rat_movement=False
1,54,100,0.07,rat_movement=False
1,28,20,0.09,rat_movement=False
1,67,100,0.1,rat_movement=False
1,112,180,0.2,rat_movement=False
1,35,20,0.3,rat_movement=False
1,124,60,0.4,rat_movement=False
1,197,180,0.5,rat_movement=False
1,89,100,0.6,rat_movement=False
1,139,100,0.8,rat_movement=False
1,403,300,0.7,rat_movement=False
1,285,220,0.9,rat_movement=False
1,345,240,1.0,rat_movement=False
1,163,300,0.01,rat_movement=False
1,71,80,0.03,rat_movement=False
1,83,140,0.05,rat_movement=False
1,982,960,0.0,rat_movement=False
1,94,140,0.07,rat_movement=False
1,94,60,0.09,rat_movement=False
1,70,120,0.1,rat_movement=False
1,124,180,0.2,rat_movement=False
1,58,80,0.3,rat_movement=False
1,285,220,0.4,rat_movement=False
1,257,180,0.5,rat_movement=False
1,93,60,0.6,rat_movement=False
1,287,180,0.7,rat_movement=False
1,281,220,0.8,rat_movement=False
1,219,140,0.9,rat_movement=False
1,683,540,1.0,rat_movement=False
1,51,120,0.03,rat_movement=False
1,80,80,0.05,rat_movement=False
1,211,320,0.01,rat_movement=False
1,94,140,0.07,rat_movement=False
1,76,140,0.09,rat_movement=False
1,1179,960,0.0,rat_movement=False
1,15,80,0.1,rat_movement=False
1,24,80,0.2,rat_movement=False
1,210,160,0.3,rat_movement=False
1,25,20,0.4,rat_movement=False
1,58,60,0.5,rat_movement=False
1,322,200,0.6,rat_movement=False
1,203,180,0.7,rat_movement=False
1,93,60,0.8,rat_movement=False
1,95,60,0.9,rat_movement=False
1,20,20,1.0,rat_movement=False
1,73,140,0.03,rat_movement=False
1,147,280,0.01,rat_movement=False
1,49,120,0.05,rat_movement=False
1,51,100,0.07,rat_movement=False
1,83,140,0.09,rat_movement=False
1,39,60,0.1,rat_movement=False
1,707,580,0.0,rat_movement=False
1,72,80,0.2,rat_movement=False
1,19,40,0.4,rat_movement=False
1,108,140,0.3,rat_movement=False
1,174,100,0.5,rat_movement=False
1,173,140,0.6,rat_movement=False
1,175,120,0.7,rat_movement=False
1,221,180,0.8,rat_movement=False
1,38,100,1.0,rat_movement=False
1,386,280,0.9,rat_movement=False
1,208,300,0.01,rat_movement=False
1,122,160,0.03,rat_movement=False
1,58,80,0.05,rat_movement=False
1,112,120,0.07,rat_movement=False
1,98,120,0.09,rat_movement=False
1,165,120,0.1,rat_movement=False
1,80,80,0.2,rat_movement=False
1,174,100,0.3,rat_movement=False
1,57,80,0.4,rat_movement=False
1,248,220,0.5,rat_movement=False
1,3264,2700,0.0,rat_movement=False
1,339,260,0.6,rat_movement=False
1,255,180,0.7,rat_movement=False
1,86,80,0.9,rat_movement=False
1,247,140,1.0,rat_movement=False
1,367,340,0.0,rat_movement=False
1,72,80,0.03,rat_movement=False
1,563,400,0.8,rat_movement=False
1,49,80,0.05,rat_movement=False
1,194,520,0.01,rat_movement=False
1,27,40,0.07,rat_movement=False
1,39,60,0.09,rat_movement=False
1,66,60,0.1,rat_movement=False
1,30,20,0.2,rat_movement=False
1,58,80,0.3,rat_movement=False
1,11,20,0.4,rat_movement=False
1,425,280,0.5,rat_movement=False
1,184,140,0.6,rat_movement=False
1,259,200,0.7,rat_movement=False
1,248,160,0.8,rat_movement=False
1,353,280,0.9,rat_movement=False
1,603,400,1.0,rat_movement=False
1,93,200,0.01,rat_movement=False
1,52,100,0.03,rat_movement=False
1,46,100,0.05,rat_movement=False
1,54,160,0.07,rat_movement=False
1,14,60,0.09,rat_movement=False
1,53,80,0.1,rat_movement=False
1,79,160,0.2,rat_movement=False
1,107,100,0.3,rat_movement=False
1,15,40,0.4,rat_movement=False
1,1766,1360,0.0,rat_movement=False
1,126,100,0.5,rat_movement=False
1,406,340,0.6,rat_movement=False
1,262,200,0.7,rat_movement=False
1,90,60,0.9,rat_movement=False
1,226,180,0.8,rat_movement=False
1,394,300,1.0,rat_movement=False
1,249,200,0.0,rat_movement=False
1,68,80,0.01,rat_movement=False
1,80,160,0.03,rat_movement=False
1,73,120,0.05,rat_movement=False
1,129,120,0.07,rat_movement=False
1,59,100,0.09,rat_movement=False
1,59,120,0.1,rat_movement=False
1,28,60,0.2,rat_movement=False
1,65,60,0.3,rat_movement=False
1,88,80,0.4,rat_movement=False
1,12,40,0.5,rat_movement=False
1,33,100,0.7,rat_movement=False
1,364,280,0.6,rat_movement=False
1,375,280,0.8,rat_movement=False
1,326,260,0.9,rat_movement=False
1,302,200,1.0,rat_movement=False
1,88,180,0.01,rat_movement=False
1,104,100,0.03,rat_movement=False
1,30,40,0.05,rat_movement=False
1,69,80,0.07,rat_movement=False
1,59,120,0.09,rat_movement=False
1,1197,1040,0.0,rat_movement=False
1,48,80,0.1,rat_movement=False
1,31,20,0.3,rat_movement=False
1,160,140,0.2,rat_movement=False
1,181,160,0.4,rat_movement=False
1,13,60,0.5,rat_movement=False
1,198,160,0.6,rat_movement=False
1,55,40,0.8,rat_movement=False
1,293,200,0.7,rat_movement=False
1,362,300,0.9,rat_movement=False
1,547,400,1.0,rat_movement=False
1,175,180,0.01,rat_movement=False
1,50,80,0.03,rat_movement=False
1,102,160,0.05,rat_movement=False
1,108,140,0.07,rat_movement=False
1,52,80,0.09,rat_movement=False
1,27,60,0.1,rat_movement=False
1,1021,860,0.0,rat_movement=False
1,53,80,0.2,rat_movement=False
1,262,240,0.3,rat_movement=False
1,47,80,0.4,rat_movement=False
1,24,20,0.6,rat_movement=False
1,340,220,0.5,rat_movement=False
1,23,80,0.7,rat_movement=False
1,370,260,0.8,rat_movement=False
1,180,120,1.0,rat_movement=False
1,327,240,0.9,rat_movement=False
1,65,80,0.0,rat_movement=False
1,118,240,0.01,rat_movement=False
1,74,80,0.03,rat_movement=False
1,10,20,0.05,rat_movement=False
1,37,40,0.07,rat_movement=False
1,47,100,0.09,rat_movement=False
1,126,160,0.1,rat_movement=False
1,90,100,0.2,rat_movement=False
1,22,60,0.3,rat_movement=False
1,59,40,0.4,rat_movement=False
1,189,100,0.5,rat_movement=False
1,329,220,0.6,rat_movement=False
1,276,180,0.7,rat_movement=False
1,86,60,0.9,rat_movement=False
1,409,300,0.8,rat_movement=False
1,172,120,1.0,rat_movement=False
1,26,100,0.01,rat_movement=False
1,439,380,0.0,rat_movement=False
1,53,60,0.03,rat_movement=False
1,53,120,0.05,rat_movement=False
1,38,20,0.07,rat_movement=False
1,103,100,0.09,rat_movement=False
1,43,40,0.1,rat_movement=False
1,55,80,0.2,rat_movement=False
1,4,20,0.3,rat_movement=False
1,105,60,0.4,rat_movement=False
1,254,180,0.5,rat_movement=False
1,69,40,0.6,rat_movement=False
1,202,160,0.7,rat_movement=False
1,252,160,0.8,rat_movement=False
1,87,100,0.9,rat_movement=False
1,376,280,1.0,rat_movement=False
1,110,160,0.01,rat_movement=False
1,54,120,0.03,rat_movement=False
1,34,20,0.05,rat_movement=False
1,22,40,0.07,rat_movement=False
1,558,520,0.0,rat_movement=False
1,19,60,0.09,rat_movement=False
1,61,120,0.1,rat_movement=False
1,59,80,0.2,rat_movement=False
1,123,80,0.3,rat_movement=False
1,124,120,0.4,rat_movement=False
1,52,60,0.5,rat_movement=False
1,43,20,0.6,rat_movement=False
1,249,140,0.7,rat_movement=False
1,57,40,0.8,rat_movement=False
1,459,320,0.9,rat_movement=False
1,316,220,1.0,rat_movement=False
1,50,40,0.01,rat_movement=False
1,105,200,0.03,rat_movement=False
1,46,140,0.07,rat_movement=False
1,148,200,0.05,rat_movement=False
1,32,80,0.1,rat_movement=False
1,72,160,0.09,rat_movement=False
1,80,100,0.2,rat_movement=False
1,80,60,0.3,rat_movement=False
1,17,60,0.4,rat_movement=False
1,25,60,0.5,rat_movement=False
1,182,140,0.6,rat_movement=False
1,191,120,0.7,rat_movement=False
1,2293,1880,0.0,rat_movement=False
1,600,440,0.8,rat_movement=False
1,14,20,1.0,rat_movement=False
1,251,160,0.9,rat_movement=False
1,86,60,0.0,rat_movement=False
1,21,20,0.01,rat_movement=False
1,83,160,0.03,rat_movement=False
1,16,40,0.05,rat_movement=False
1,71,100,0.07,rat_movement=False
1,58,60,0.09,rat_movement=False
1,68,100,0.1,rat_movement=False
1,93,120,0.2,rat_movement=False
1,48,140,0.3,rat_movement=False
1,61,80,0.4,rat_movement=False
1,219,160,0.5,rat_movement=False
1,209,180,0.7,rat_movement=False
1,411,300,0.6,rat_movement=False
1,170,120,0.8,rat_movement=False
1,71,40,1.0,rat_movement=False
1,161,100,0.9,rat_movement=False
1,95,240,0.01,rat_movement=False
1,102,260,0.03,rat_movement=False
1,39,140,0.05,rat_movement=False
1,75,100,0.07,rat_movement=False
1,52,100,0.09,rat_movement=False
1,57,120,0.1,rat_movement=False
1,97,120,0.2,rat_movement=False
1,103,60,0.3,rat_movement=False
1,13,40,0.4,rat_movement=False
1,6,20,0.5,rat_movement=False
1,2897,2620,0.0,rat_movement=False
1,68,40,0.7,rat_movement=False
1,402,280,0.6,rat_movement=False
1,32,20,0.8,rat_movement=False
1,109,60,0.9,rat_movement=False
1,193,100,1.0,rat_movement=False
1,151,340,0.01,rat_movement=False
1,107,180,0.03,rat_movement=False
1,41,60,0.05,rat_movement=False
1,75,140,0.07,rat_movement=False
1,74,120,0.09,rat_movement=False
1,98,180,0.1,rat_movement=False
1,43,100,0.2,rat_movement=False
1,59,100,0.3,rat_movement=False
1,29,40,0.4,rat_movement=False
1,15,60,0.5,rat_movement=False
1,1563,1220,0.0,rat_movement=False
1,17,60,0.6,rat_movement=False
1,423,300,0.7,rat_movement=False
1,311,220,0.8,rat_movement=False
1,257,200,0.9,rat_movement=False
1,87,200,0.01,rat_movement=False
1,829,660,1.0,rat_movement=False
1,66,100,0.03,rat_movement=False
1,87,100,0.05,rat_movement=False
1,59,60,0.07,rat_movement=False
1,92,120,0.09,rat_movement=False
1,46,120,0.1,rat_movement=False
1,254,240,0.2,rat_movement=False
1,114,120,0.3,rat_movement=False
1,60,40,0.4,rat_movement=False
1,235,160,0.5,rat_movement=False
1,2976,2500,0.0,rat_movement=False
1,183,120,0.6,rat_movement=False
1,45,80,0.7,rat_movement=False
1,320,220,0.8,rat_movement=False
1,27,40,0.0,rat_movement=False
1,54,40,0.01,rat_movement=False
1,694,500,0.9,rat_movement=False
1,71,140,0.03,rat_movement=False
1,80,160,0.05,rat_movement=False
1,69,60,0.07,rat_movement=False
1,62,100,0.09,rat_movement=False
1,103,120,0.1,rat_movement=False
1,626,580,1.0,rat_movement=False
1,30,80,0.2,rat_movement=False
1,23,60,0.3,rat_movement=False
1,195,200,0.4,rat_movement=False
1,83,60,0.5,rat_movement=False
1,96,60,0.6,rat_movement=False
1,310,220,0.7,rat_movement=False
1,225,180,0.8,rat_movement=False
1,141,80,0.9,rat_movement=False
1,260,160,1.0,rat_movement=False
1,258,240,0.0,rat_movement=False
1,30,20,0.01,rat_movement=False
1,54,120,0.03,rat_movement=False
1,104,80,0.05,rat_movement=False
1,51,60,0.07,rat_movement=False
1,29,40,0.09,rat_movement=False
1,46,120,0.1,rat_movement=False
1,22,80,0.2,rat_movement=False
1,42,80,0.3,rat_movement=False
1,30,60,0.4,rat_movement=False
1,169,120,0.5,rat_movement=False
1,36,20,0.6,rat_movement=False
1,137,80,0.7,rat_movement=False
1,189,180,0.8,rat_movement=False
1,31,20,1.0,rat_movement=False
1,525,380,0.9,rat_movement=False
1,54,60,0.01,rat_movement=False
1,53,100,0.03,rat_movement=False
1,353,280,0.0,rat_movement=False
1,93,120,0.05,rat_movement=False
1,108,160,0.07,rat_movement=False
1,51,100,0.09,rat_movement=False
1,87,60,0.1,rat_movement=False
1,96,100,0.2,rat_movement=False
1,88,160,0.3,rat_movement=False
1,84,60,0.4,rat_movement=False
1,177,140,0.5,rat_movement=False
1,95,60,0.6,rat_movement=False
1,202,120,0.7,rat_movement=False
1,340,280,0.8,rat_movement=False
1,278,200,0.9,rat_movement=False
1,150,100,1.0,rat_movement=False
1,153,240,0.01,rat_movement=False
1,87,180,0.03,rat_movement=False
1,74,180,0.05,rat_movement=False
1,764,640,0.0,rat_movement=False
1,135,180,0.07,rat_movement=False
1,28,80,0.09,rat_movement=False
1,83,100,0.1,rat_movement=False
1,109,100,0.2,rat_movement=False
1,227,120,0.3,rat_movement=False
1,332,280,0.4,rat_movement=False
1,211,180,0.5,rat_movement=False
1,173,120,0.6,rat_movement=False
1,22,100,0.8,rat_movement=False
1,173,100,0.9,rat_movement=False
1,362,240,0.7,rat_movement=False
1,240,200,1.0,rat_movement=False
1,109,120,0.01,rat_movement=False
1,376,280,0.0,rat_movement=False
1,97,100,0.03,rat_movement=False
1,94,180,0.05,rat_movement=False
1,40,100,0.07,rat_movement=False
1,21,40,0.09,rat_movement=False
1,6,40,0.2,rat_movement=False
1,89,100,0.1,rat_movement=False
1,72,180,0.3,rat_movement=False
1,182,140,0.4,rat_movement=False
1,143,120,0.5,rat_movement=False
1,11,40,0.6,rat_movement=False
1,5,20,0.7,rat_movement=False
1,274,180,0.8,rat_movement=False
1,405,300,0.9,rat_movement=False
1,271,220,1.0,rat_movement=False
1,161,160,0.0,rat_movement=False
1,112,120,0.01,rat_movement=False
1,53,100,0.03,rat_movement=False
1,96,140,0.05,rat_movement=False
1,50,120,0.07,rat_movement=False
1,41,80,0.09,rat_movement=False
1,38,80,0.1,rat_movement=False
1,39,80,0.2,rat_movement=False
1,61,40,0.3,rat_movement=False
1,14,20,0.4,rat_movement=False
1,284,260,0.5,rat_movement=False
1,27,20,0.6,rat_movement=False
1,35,20,0.7,rat_movement=False
1,25,20,0.8,rat_movement=False
1,181,160,0.9,rat_movement=False
1,159,260,0.01,rat_movement=False
1,14,100,0.03,rat_movement=False
1,797,560,1.0,rat_movement=False
1,101,160,0.05,rat_movement=False
1,61,140,0.07,rat_movement=False
1,65,120,0.09,rat_movement=False
1,53,40,0.1,rat_movement=False
1,40,60,0.2,rat_movement=False
1,1621,1440,0.0,rat_movement=False
1,130,80,0.3,rat_movement=False
1,161,80,0.4,rat_movement=False
1,2,20,0.5,rat_movement=False
1,309,220,0.6,rat_movement=False
1,213,140,0.7,rat_movement=False
1,13,20,0.8,rat_movement=False
1,272,180,0.9,rat_movement=False
1,57,60,1.0,rat_movement=False
1,54,80,0.01,rat_movement=False
1,45,20,0.03,rat_movement=False
1,50,40,0.05,rat_movement=False
1,80,120,0.07,rat_movement=False
1,17,60,0.09,rat_movement=False
1,648,520,0.0,rat_movement=False
1,58,100,0.1,rat_movement=False
1,82,40,0.2,rat_movement=False
1,159,140,0.3,rat_movement=False
1,118,100,0.4,rat_movement=False
1,205,140,0.5,rat_movement=False
1,9,20,0.6,rat_movement=False
1,167,120,0.7,rat_movement=False
1,166,120,0.8,rat_movement=False
1,65,40,1.0,rat_movement=False
1,122,60,0.9,rat_movement=False
1,194,380,0.01,rat_movement=False
1,446,460,0.0,rat_movement=False
1,85,120,0.03,rat_movement=False
1,25,40,0.05,rat_movement=False
1,103,200,0.07,rat_movement=False
1,88,120,0.09,rat_movement=False
1,44,20,0.1,rat_movement=False
1,99,80,0.2,rat_movement=False
1,20,20,0.3,rat_movement=False
1,91,80,0.5,rat_movement=False
1,197,160,0.4,rat_movement=False
1,622,500,0.6,rat_movement=False
1,295,220,0.7,rat_movement=False
1,226,140,0.8,rat_movement=False
1,128,60,1.0,rat_movement=False
1,508,480,0.0,rat_movement=False
1,1098,900,0.9,rat_movement=False
1,192,160,0.01,rat_movement=False
1,42,40,0.03,rat_movement=False
1,85,180,0.05,rat_movement=False
1,7,60,0.07,rat_movement=False
1,21,80,0.09,rat_movement=False
1,137,160,0.1,rat_movement=False
1,22,80,0.2,rat_movement=False
1,32,20,0.3,rat_movement=False
1,3,20,0.4,rat_movement=False
1,67,40,0.5,rat_movement=False
1,149,80,0.6,rat_movement=False
1,262,180,0.7,rat_movement=False
1,443,280,0.8,rat_movement=False
1,54,40,0.9,rat_movement=False
1,201,160,1.0,rat_movement=False
1,87,60,0.0,rat_movement=False
1,138,220,0.01,rat_movement=False
1,10,40,0.03,rat_movement=False
1,51,60,0.05,rat_movement=False
1,54,120,0.07,rat_movement=False
1,67,40,0.09,rat_movement=False
1,31,100,0.1,rat_movement=False
1,44,100,0.2,rat_movement=False
1,49,120,0.3,rat_movement=False
1,99,80,0.4,rat_movement=False
1,235,140,0.5,rat_movement=False
1,253,160,0.6,rat_movement=False
1,265,220,0.7,rat_movement=False
1,106,60,0.8,rat_movement=False
1,29,80,0.9,rat_movement=False
1,95,100,1.0,rat_movement=False
1,125,120,0.0,rat_movement=False
1,69,100,0.01,rat_movement=False
1,89,80,0.03,rat_movement=False
1,44,100,0.05,rat_movement=False
1,106,100,0.07,rat_movement=False
1,26,20,0.09,rat_movement=False
1,98,160,0.1,rat_movement=False
1,33,60,0.3,rat_movement=False
1,267,180,0.2,rat_movement=False
1,188,140,0.4,rat_movement=False
1,93,140,0.5,rat_movement=False
1,178,180,0.6,rat_movement=False
1,74,40,0.7,rat_movement=False
1,313,280,0.8,rat_movement=False
1,58,40,0.9,rat_movement=False
1,165,100,1.0,rat_movement=False
1,89,220,0.01,rat_movement=False
1,76,80,0.03,rat_movement=False
1,85,140,0.05,rat_movement=False
1,46,60,0.07,rat_movement=False
1,757,680,0.0,rat_movement=False
1,40,80,0.1,rat_movement=False
1,101,120,0.09,rat_movement=False
1,113,180,0.2,rat_movement=False
1,81,40,0.3,rat_movement=False
1,167,140,0.4,rat_movement=False
1,267,240,0.5,rat_movement=False
1,50,40,0.6,rat_movement=False
1,101,100,0.7,rat_movement=False
1,437,300,0.8,rat_movement=False
1,134,60,0.9,rat_movement=False
1,258,160,1.0,rat_movement=False
1,51,120,0.01,rat_movement=False
1,331,260,0.0,rat_movement=False
1,45,100,0.03,rat_movement=False
1,69,100,0.05,rat_movement=False
1,46,120,0.07,rat_movement=False
1,74,120,0.09,rat_movement=False
1,80,180,0.1,rat_movement=False
1,79,80,0.2,rat_movement=False
1,29,60,0.3,rat_movement=False
1,68,120,0.4,rat_movement=False
1,81,60,0.5,rat_movement=False
1,289,240,0.6,rat_movement=False
1,17,20,0.7,rat_movement=False
1,22,60,0.8,rat_movement=False
1,170,140,0.9,rat_movement=False
1,350,220,1.0,rat_movement=False
1,72,220,0.01,rat_movement=False
1,44,140,0.03,rat_movement=False
1,39,60,0.05,rat_movement=False
1,62,100,0.07,rat_movement=False
1,75,120,0.09,rat_movement=False
1,77,80,0.1,rat_movement=False
1,1650,1480,0.0,rat_movement=False
1,169,100,0.2,rat_movement=False
1,13,60,0.3,rat_movement=False
1,193,160,0.4,rat_movement=False
1,118,180,0.5,rat_movement=False
1,301,180,0.6,rat_movement=False
1,186,100,0.7,rat_movement=False
1,5,20,0.9,rat_movement=False
1,166,140,0.8,rat_movement=False
1,163,100,1.0,rat_movement=False
1,97,60,0.01,rat_movement=False
1,6,20,0.03,rat_movement=False
1,88,200,0.05,rat_movement=False
1,86,160,0.07,rat_movement=False
1,52,60,0.09,rat_movement=False
1,39,60,0.1,rat_movement=False
1,58,100,0.2,rat_movement=False
1,102,80,0.4,rat_movement=False
1,251,180,0.3,rat_movement=False
1,19,60,0.6,rat_movement=False
1,152,140,0.5,rat_movement=False
1,32,20,0.8,rat_movement=False
1,309,200,0.7,rat_movement=False
1,50,40,1.0,rat_movement=False
1,2125,1740,0.0,rat_movement=False
1,436,360,0.9,rat_movement=False
1,989,960,0.0,rat_movement=False
1,79,200,0.01,rat_movement=False
1,121,160,0.03,rat_movement=False
1,56,80,0.05,rat_movement=False
1,117,160,0.07,rat_movement=False
1,105,220,0.09,rat_movement=False
1,103,80,0.1,rat_movement=False
1,98,80,0.2,rat_movement=False
1,17,80,0.3,rat_movement=False
1,75,60,0.4,rat_movement=False
1,13,60,0.5,rat_movement=False
1,58,40,0.6,rat_movement=False
1,314,260,0.7,rat_movement=False
1,50,60,0.9,rat_movement=False
1,73,40,1.0,rat_movement=False
1,364,300,0.8,rat_movement=False
1,43,80,0.01,rat_movement=False
1,105,160,0.03,rat_movement=False
1,500,500,0.0,rat_movement=False
1,77,140,0.05,rat_movement=False
1,52,140,0.07,rat_movement=False
1,86,160,0.09,rat_movement=False
1,56,120,0.1,rat_movement=False
1,42,120,0.2,rat_movement=False
1,40,100,0.3,rat_movement=False
1,95,80,0.4,rat_movement=False
1,243,180,0.5,rat_movement=False
1,177,160,0.6,rat_movement=False
1,35,20,0.7,rat_movement=False
1,411,300,0.8,rat_movement=False
1,222,200,0.9,rat_movement=False
1,50,40,0.0,rat_movement=False
1,230,160,1.0,rat_movement=False
1,64,60,0.01,rat_movement=False
1,128,220,0.03,rat_movement=False
1,84,140,0.05,rat_movement=False
1,109,120,0.07,rat_movement=False
1,43,60,0.09,rat_movement=False
1,90,120,0.1,rat_movement=False
1,57,120,0.2,rat_movement=False
1,61,80,0.3,rat_movement=False
1,20,80,0.4,rat_movement=False
1,247,180,0.5,rat_movement=False
1,229,140,0.6,rat_movement=False
1,298,220,0.7,rat_movement=False
1,176,100,0.8,rat_movement=False
1,167,120,0.9,rat_movement=False
1,91,60,1.0,rat_movement=False
1,140,260,0.01,rat_movement=False
1,52,160,0.03,rat_movement=False
1,49,100,0.05,rat_movement=False
1,532,500,0.0,rat_movement=False
1,58,80,0.07,rat_movement=False
1,29,40,0.09,rat_movement=False
1,105,120,0.1,rat_movement=False
1,73,80,0.2,rat_movement=False
1,117,60,0.3,rat_movement=False
1,8,20,0.4,rat_movement=False
1,224,160,0.6,rat_movement=False
1,286,220,0.5,rat_movement=False
1,217,140,0.7,rat_movement=False
1,232,220,0.8,rat_movement=False
1,301,220,0.9,rat_movement=False
1,220,200,1.0,rat_movement=False
1,106,80,0.0,rat_movement=False
1,92,240,0.01,rat_movement=False
1,50,80,0.03,rat_movement=False
1,112,100,0.05,rat_movement=False
1,76,40,0.07,rat_movement=False
1,88,120,0.09,rat_movement=False
1,47,80,0.1,rat_movement=False
1,177,140,0.2,rat_movement=False
1,101,80,0.3,rat_movement=False
1,94,80,0.4,rat_movement=False
1,42,60,0.6,rat_movement=False
1,360,260,0.5,rat_movement=False
1,113,60,0.7,rat_movement=False
1,245,180,0.8,rat_movement=False
1,187,120,1.0,rat_movement=False
1,497,360,0.9,rat_movement=False
1,114,240,0.01,rat_movement=False
1,145,280,0.03,rat_movement=False
1,19,40,0.05,rat_movement=False
1,921,840,0.0,rat_movement=False
1,110,160,0.07,rat_movement=False
1,69,80,0.09,rat_movement=False
1,100,140,0.1,rat_movement=False
1,26,60,0.2,rat_movement=False
1,81,80,0.3,rat_movement=False
1,8,40,0.4,rat_movement=False
1,89,40,0.5,rat_movement=False
1,274,200,0.6,rat_movement=False
1,71,40,0.7,rat_movement=False
1,4,20,0.9,rat_movement=False
1,102,60,0.8,rat_movement=False
1,50,60,1.0,rat_movement=False
1,62,80,0.01,rat_movement=False
1,1087,960,0.0,rat_movement=False
1,76,80,0.03,rat_movement=False
1,93,200,0.05,rat_movement=False
1,23,60,0.07,rat_movement=False
1,53,60,0.09,rat_movement=False
1,15,40,0.1,rat_movement=False
1,38,80,0.2,rat_movement=False
1,53,60,0.3,rat_movement=False
1,15,40,0.4,rat_movement=False
1,222,160,0.5,rat_movement=False
1,23,60,0.6,rat_movement=False
1,111,140,0.7,rat_movement=False
1,63,80,0.9,rat_movement=False
1,277,220,0.8,rat_movement=False
1,127,80,1.0,rat_movement=False
1,77,220,0.01,rat_movement=False
1,27,60,0.03,rat_movement=False
1,47,20,0.05,rat_movement=False
1,27,40,0.07,rat_movement=False
1,63,120,0.09,rat_movement=False
1,20,40,0.1,rat_movement=False
1,52,100,0.2,rat_movement=False
1,1677,1400,0.0,rat_movement=False
1,29,100,0.3,rat_movement=False
1,26,20,0.5,rat_movement=False
1,228,160,0.4,rat_movement=False
1,105,100,0.6,rat_movement=False
1,45,40,0.7,rat_movement=False
1,394,280,0.8,rat_movement=False
1,233,160,0.9,rat_movement=False
1,517,340,1.0,rat_movement=False
1,100,140,0.01,rat_movement=False
1,64,140,0.05,rat_movement=False
1,114,260,0.03,rat_movement=False
1,33,40,0.07,rat_movement=False
1,33,80,0.09,rat_movement=False
1,23,60,0.1,rat_movement=False
1,82,160,0.2,rat_movement=False
1,209,180,0.3,rat_movement=False
1,163,120,0.4,rat_movement=False
1,67,120,0.5,rat_movement=False
1,2157,1920,0.0,rat_movement=False
1,567,440,0.6,rat_movement=False
1,448,320,0.7,rat_movement=False
1,28,100,0.9,rat_movement=False
1,383,300,0.8,rat_movement=False
1,373,280,1.0,rat_movement=False
1,38,120,0.01,rat_movement=False
1,422,380,0.0,rat_movement=False
1,87,160,0.03,rat_movement=False
1,69,120,0.05,rat_movement=False
1,44,80,0.07,rat_movement=False
1,75,80,0.09,rat_movement=False
1,42,40,0.1,rat_movement=False
1,9,60,0.2,rat_movement=False
1,32,60,0.3,rat_movement=False
1,323,220,0.4,rat_movement=False
1,164,200,0.5,rat_movement=False
1,111,80,0.7,rat_movement=False
1,41,100,0.8,rat_movement=False
1,299,260,0.6,rat_movement=False
1,166,100,0.9,rat_movement=False
1,255,180,1.0,rat_movement=False
1,302,260,0.0,rat_movement=False
1,37,60,0.03,rat_movement=False
1,46,60,0.05,rat_movement=False
1,228,320,0.01,rat_movement=False
1,115,140,0.07,rat_movement=False
1,164,200,0.09,rat_movement=False
1,31,120,0.1,rat_movement=False
1,69,80,0.2,rat_movement=False
1,190,140,0.3,rat_movement=False
1,27,20,0.4,rat_movement=False
1,62,140,0.5,rat_movement=False
1,225,200,0.6,rat_movement=False
1,38,20,0.7,rat_movement=False
1,32,20,0.9,rat_movement=False
1,306,220,0.8,rat_movement=False
1,179,120,1.0,rat_movement=False
1,53,60,0.0,rat_movement=False
1,64,160,0.03,rat_movement=False
1,155,380,0.01,rat_movement=False
1,13,60,0.07,rat_movement=False
1,126,220,0.05,rat_movement=False
1,97,140,0.09,rat_movement=False
1,125,180,0.1,rat_movement=False
1,99,80,0.2,rat_movement=False
1,200,160,0.3,rat_movement=False
1,234,160,0.4,rat_movement=False
1,274,160,0.5,rat_movement=False
1,186,140,0.7,rat_movement=False
1,13,20,0.9,rat_movement=False
1,532,360,0.6,rat_movement=False
1,342,280,0.8,rat_movement=False
1,313,200,1.0,rat_movement=False
1,87,240,0.01,rat_movement=False
1,547,380,0.0,rat_movement=False
1,90,160,0.03,rat_movement=False
1,46,60,0.05,rat_movement=False
1,46,80,0.07,rat_movement=False
1,6,40,0.09,rat_movement=False
1,63,120,0.1,rat_movement=False
1,68,100,0.2,rat_movement=False
1,82,120,0.3,rat_movement=False
1,186,160,0.4,rat_movement=False
1,35,20,0.5,rat_movement=False
1,131,100,0.6,rat_movement=False
1,211,160,0.7,rat_movement=False
1,128,100,0.8,rat_movement=False
1,379,240,0.9,rat_movement=False
1,15,20,0.0,rat_movement=False
1,43,60,1.0,rat_movement=False
1,54,100,0.01,rat_movement=False
1,80,200,0.03,rat_movement=False
1,51,140,0.05,rat_movement=False
1,83,100,0.07,rat_movement=False
1,21,60,0.09,rat_movement=False
1,92,100,0.1,rat_movement=False
1,232,220,0.2,rat_movement=False
1,212,140,0.3,rat_movement=False
1,291,240,0.4,rat_movement=False
1,238,180,0.5,rat_movement=False
1,279,200,0.6,rat_movement=False
1,151,120,0.7,rat_movement=False
1,314,220,0.8,rat_movement=False
1,169,100,0.9,rat_movement=False
1,345,240,1.0,rat_movement=False
1,247,240,0.01,rat_movement=False
1,150,200,0.03,rat_movement=False
1,79,80,0.05,rat_movement=False
1,95,140,0.07,rat_movement=False
1,30,40,0.09,rat_movement=False
1,70,40,0.2,rat_movement=False
1,105,80,0.1,rat_movement=False
1,1722,1500,0.0,rat_movement=False
1,110,60,0.4,rat_movement=False
1,14,60,0.5,rat_movement=False
1,259,180,0.3,rat_movement=False
1,94,80,0.6,rat_movement=False
1,21,80,0.7,rat_movement=False
1,9,40,0.8,rat_movement=False
1,380,280,0.9,rat_movement=False
1,311,200,1.0,rat_movement=False
1,46,160,0.01,rat_movement=False
1,33,60,0.05,rat_movement=False
1,79,200,0.03,rat_movement=False
1,22,80,0.09,rat_movement=False
1,71,140,0.07,rat_movement=False
1,139,80,0.1,rat_movement=False
1,93,100,0.2,rat_movement=False
1,171,120,0.3,rat_movement=False
1,1637,1400,0.0,rat_movement=False
1,301,200,0.4,rat_movement=False
1,276,240,0.5,rat_movement=False
1,189,180,0.6,rat_movement=False
1,268,200,0.7,rat_movement=False
1,205,160,0.9,rat_movement=False
1,49,40,1.0,rat_movement=False
1,567,440,0.8,rat_movement=False
1,44,100,0.01,rat_movement=False
1,139,280,0.03,rat_movement=False
1,43,60,0.05,rat_movement=False
1,512,440,0.0,rat_movement=False
1,30,40,0.07,rat_movement=False
1,122,80,0.09,rat_movement=False
1,30,80,0.1,rat_movement=False
1,65,120,0.2,rat_movement=False
1,182,100,0.3,rat_movement=False
1,205,220,0.4,rat_movement=False
1,250,200,0.5,rat_movement=False
1,33,100,0.7,rat_movement=False
1,358,280,0.6,rat_movement=False
1,58,120,0.8,rat_movement=False
1,162,140,0.9,rat_movement=False
1,123,60,1.0,rat_movement=False
1,35,100,0.03,rat_movement=False
1,120,140,0.05,rat_movement=False
1,256,500,0.01,rat_movement=False
1,71,140,0.07,rat_movement=False
1,1101,1020,0.0,rat_movement=False
1,25,100,0.09,rat_movement=False
1,40,120,0.1,rat_movement=False
1,138,80,0.2,rat_movement=False
1,62,60,0.3,rat_movement=False
1,270,200,0.4,rat_movement=False
1,61,40,0.5,rat_movement=False
1,7,20,0.6,rat_movement=False
1,236,180,0.8,rat_movement=False
1,369,280,0.7,rat_movement=False
1,154,100,0.9,rat_movement=False
1,156,80,1.0,rat_movement=False
1,104,120,0.0,rat_movement=False
1,136,240,0.01,rat_movement=False
1,22,60,0.05,rat_movement=False
1,182,300,0.03,rat_movement=False
1,55,60,0.07,rat_movement=False
1,58,80,0.09,rat_movement=False
1,73,80,0.1,rat_movement=False
1,71,160,0.2,rat_movement=False
1,64,120,0.3,rat_movement=False
1,230,160,0.4,rat_movement=False
1,229,180,0.5,rat_movement=False
1,184,180,0.6,rat_movement=False
1,92,60,0.7,rat_movement=False
1,102,60,0.9,rat_movement=False
1,305,260,0.8,rat_movement=False
1,425,280,1.0,rat_movement=False
1,96,80,0.0,rat_movement=False
1,159,80,0.01,rat_movement=False
1,26,60,0.05,rat_movement=False
1,122,300,0.03,rat_movement=False
1,85,200,0.07,rat_movement=False
1,80,100,0.09,rat_movement=False
1,63,120,0.1,rat_movement=False
1,137,140,0.2,rat_movement=False
1,167,120,0.3,rat_movement=False
1,63,40,0.5,rat_movement=False
1,325,260,0.4,rat_movement=False
1,299,240,0.6,rat_movement=False
1,198,140,0.7,rat_movement=False
1,480,360,0.8,rat_movement=False
1,293,220,0.9,rat_movement=False
1,586,380,1.0,rat_movement=False
1,430,420,0.0,rat_movement=False
1,176,160,0.01,rat_movement=False
1,105,120,0.03,rat_movement=False
1,83,100,0.05,rat_movement=False
1,46,60,0.07,rat_movement=False
1,40,100,0.09,rat_movement=False
1,87,80,0.1,rat_movement=False
1,29,100,0.2,rat_movement=False
1,36,60,0.3,rat_movement=False
1,166,120,0.4,rat_movement=False
1,372,260,0.5,rat_movement=False
1,69,120,0.6,rat_movement=False
1,26,20,0.7,rat_movement=False
1,679,500,0.8,rat_movement=False
1,409,300,0.9,rat_movement=False
1,343,260,1.0,rat_movement=False
1,148,120,0.0,rat_movement=False
1,32,140,0.01,rat_movement=False
1,80,160,0.03,rat_movement=False
1,61,120,0.05,rat_movement=False
1,38,100,0.07,rat_movement=False
1,69,60,0.09,rat_movement=False
1,18,20,0.1,rat_movement=False
1,213,160,0.2,rat_movement=False
1,150,120,0.3,rat_movement=False
1,22,40,0.4,rat_movement=False
1,42,120,0.5,rat_movement=False
1,187,100,0.6,rat_movement=False
1,42,40,0.7,rat_movement=False
1,100,100,0.8,rat_movement=False
1,282,220,0.9,rat_movement=False
1,251,160,1.0,rat_movement=False
1,117,120,0.0,rat_movement=False
1,48,180,0.03,rat_movement=False
1,100,300,0.01,rat_movement=False
1,92,80,0.05,rat_movement=False
1,54,100,0.07,rat_movement=False
1,61,100,0.09,rat_movement=False
1,63,100,0.1,rat_movement=False
1,84,80,0.2,rat_movement=False
1,31,80,0.3,rat_movement=False
1,164,120,0.4,rat_movement=False
1,103,60,0.5,rat_movement=False
1,43,20,0.7,rat_movement=False
1,400,300,0.6,rat_movement=False
1,5,40,0.9,rat_movement=False
1,239,220,0.8,rat_movement=False
1,572,420,1.0,rat_movement=False
1,9,20,0.01,rat_movement=False
1,391,320,0.0,rat_movement=False
1,139,140,0.03,rat_movement=False
1,82,120,0.05,rat_movement=False
1,71,100,0.07,rat_movement=False
1,28,80,0.09,rat_movement=False
1,69,100,0.1,rat_movement=False
1,64,140,0.2,rat_movement=False
1,241,180,0.3,rat_movement=False
1,56,60,0.4,rat_movement=False
1,26,80,0.5,rat_movement=False
1,175,100,0.6,rat_movement=False
1,279,180,0.8,rat_movement=False
1,515,440,0.7,rat_movement=False
1,378,340,0.9,rat_movement=False
1,368,280,1.0,rat_movement=False
1,10,40,0.03,rat_movement=False
1,95,220,0.01,rat_movement=False
1,79,80,0.05,rat_movement=False
1,96,100,0.07,rat_movement=False
1,42,80,0.09,rat_movement=False
1,109,140,0.1,rat_movement=False
1,1566,1160,0.0,rat_movement=False
1,172,160,0.2,rat_movement=False
1,98,80,0.3,rat_movement=False
1,45,100,0.4,rat_movement=False
1,116,60,0.5,rat_movement=False
1,93,60,0.6,rat_movement=False
1,419,300,0.7,rat_movement=False
1,63,40,0.9,rat_movement=False
1,633,500,0.8,rat_movement=False
1,410,300,1.0,rat_movement=False
1,96,200,0.01,rat_movement=False
1,531,440,0.0,rat_movement=False
1,49,60,0.03,rat_movement=False
1,109,60,0.07,rat_movement=False
1,88,140,0.05,rat_movement=False
1,32,80,0.09,rat_movement=False
1,85,120,0.1,rat_movement=False
1,170,100,0.2,rat_movement=False
1,193,120,0.3,rat_movement=False
1,189,160,0.4,rat_movement=False
1,99,80,0.5,rat_movement=False
1,37,20,0.7,rat_movement=False
1,295,240,0.6,rat_movement=False
1,58,40,0.9,rat_movement=False
1,261,220,0.8,rat_movement=False
1,122,60,1.0,rat_movement=False
1,28,20,0.01,rat_movement=False
1,77,160,0.03,rat_movement=False
1,85,100,0.05,rat_movement=False
1,41,80,0.07,rat_movement=False
1,30,80,0.09,rat_movement=False
1,31,80,0.1,rat_movement=False
1,39,80,0.2,rat_movement=False
1,2472,2120,0.0,rat_movement=False
1,168,100,0.3,rat_movement=False
1,200,160,0.4,rat_movement=False
1,186,140,0.6,rat_movement=False
1,324,280,0.5,rat_movement=False
1,113,60,0.8,rat_movement=False
1,327,260,0.7,rat_movement=False
1,119,60,0.9,rat_movement=False
1,3,20,1.0,rat_movement=False
1,134,160,0.0,rat_movement=False
1,102,180,0.01,rat_movement=False
1,104,200,0.03,rat_movement=False
1,58,140,0.05,rat_movement=False
1,55,120,0.07,rat_movement=False
1,35,100,0.09,rat_movement=False
1,71,100,0.1,rat_movement=False
1,263,220,0.2,rat_movement=False
1,159,160,0.3,rat_movement=False
1,157,120,0.4,rat_movement=False
1,243,260,0.5,rat_movement=False
1,16,40,0.7,rat_movement=False
1,326,240,0.6,rat_movement=False
1,305,200,0.8,rat_movement=False
1,432,300,0.9,rat_movement=False
1,561,460,1.0,rat_movement=False
1,120,180,0.01,rat_movement=False
1,121,180,0.03,rat_movement=False
1,59,100,0.05,rat_movement=False
1,92,100,0.07,rat_movement=False
1,54,120,0.09,rat_movement=False
1,136,140,0.1,rat_movement=False
1,1387,1200,0.0,rat_movement=False
1,39,80,0.2,rat_movement=False
1,74,120,0.3,rat_movement=False
1,320,260,0.4,rat_movement=False
1,158,120,0.5,rat_movement=False
1,192,140,0.6,rat_movement=False
1,152,100,0.7,rat_movement=False
1,78,40,0.9,rat_movement=False
1,280,220,0.8,rat_movement=False
1,616,520,1.0,rat_movement=False
1,339,300,0.0,rat_movement=False
1,41,60,0.01,rat_movement=False
1,91,180,0.03,rat_movement=False
1,44,120,0.05,rat_movement=False
1,24,60,0.07,rat_movement=False
1,74,120,0.09,rat_movement=False
1,23,80,0.1,rat_movement=False
1,109,160,0.2,rat_movement=False
1,72,160,0.3,rat_movement=False
1,150,120,0.4,rat_movement=False
1,164,140,0.5,rat_movement=False
1,235,180,0.6,rat_movement=False
1,5,40,0.7,rat_movement=False
1,140,100,0.8,rat_movement=False
1,176,100,0.9,rat_movement=False
1,424,320,1.0,rat_movement=False
1,224,360,0.01,rat_movement=False
1,107,220,0.03,rat_movement=False
1,646,540,0.0,rat_movement=False
1,80,80,0.05,rat_movement=False
1,47,120,0.07,rat_movement=False
1,107,140,0.09,rat_movement=False
1,37,80,0.1,rat_movement=False
1,57,160,0.2,rat_movement=False
1,68,100,0.3,rat_movement=False
1,16,80,0.4,rat_movement=False
1,12,60,0.5,rat_movement=False
1,184,140,0.6,rat_movement=False
1,219,200,0.7,rat_movement=False
1,26,20,0.8,rat_movement=False
1,367,260,1.0,rat_movement=False
1,640,480,0.9,rat_movement=False
1,88,360,0.01,rat_movement=False
1,470,420,0.0,rat_movement=False
1,77,180,0.03,rat_movement=False
1,47,100,0.05,rat_movement=False
1,70,140,0.07,rat_movement=False
1,50,100,0.09,rat_movement=False
1,34,80,0.1,rat_movement=False
1,62,100,0.2,rat_movement=False
1,130,80,0.3,rat_movement=False
1,282,200,0.4,rat_movement=False
1,129,100,0.5,rat_movement=False
1,258,180,0.6,rat_movement=False
1,243,200,0.7,rat_movement=False
1,177,100,0.8,rat_movement=False
1,7,20,0.9,rat_movement=False
1,21,80,1.0,rat_movement=False
1,561,580,0.0,rat_movement=False
1,177,260,0.01,rat_movement=False
1,31,100,0.05,rat_movement=False
1,120,140,0.03,rat_movement=False
1,54,100,0.07,rat_movement=False
1,56,100,0.09,rat_movement=False
1,118,180,0.1,rat_movement=False
1,13,40,0.2,rat_movement=False
1,111,140,0.3,rat_movement=False
1,187,160,0.4,rat_movement=False
1,86,60,0.5,rat_movement=False
1,251,140,0.6,rat_movement=False
1,181,180,0.7,rat_movement=False
1,141,120,0.8,rat_movement=False
1,144,80,0.9,rat_movement=False
1,148,120,1.0,rat_movement=False
1,77,80,0.01,rat_movement=False
1,986,920,0.0,rat_movement=False
1,102,160,0.03,rat_movement=False
1,57,100,0.05,rat_movement=False
1,28,20,0.09,rat_movement=False
1,81,100,0.07,rat_movement=False
1,47,100,0.1,rat_movement=False
1,48,100,0.2,rat_movement=False
1,114,120,0.3,rat_movement=False
1,15,60,0.4,rat_movement=False
1,118,60,0.5,rat_movement=False
1,94,60,0.6,rat_movement=False
1,59,100,0.7,rat_movement=False
1,152,140,0.9,rat_movement=False
1,671,480,0.8,rat_movement=False
1,55,40,0.0,rat_movement=False
1,98,140,0.01,rat_movement=False
1,48,140,0.03,rat_movement=False
1,745,620,1.0,rat_movement=False
1,6,20,0.07,rat_movement=False
1,72,200,0.05,rat_movement=False
1,77,100,0.09,rat_movement=False
1,88,140,0.1,rat_movement=False
1,120,120,0.2,rat_movement=False
1,206,160,0.3,rat_movement=False
1,149,80,0.4,rat_movement=False
1,46,40,0.5,rat_movement=False
1,294,220,0.6,rat_movement=False
1,67,40,0.8,rat_movement=False
1,333,220,0.7,rat_movement=False
1,34,20,1.0,rat_movement=False
1,155,140,0.9,rat_movement=False
1,140,360,0.01,rat_movement=False
1,72,120,0.03,rat_movement=False
1,47,60,0.05,rat_movement=False
1,62,80,0.07,rat_movement=False
1,46,120,0.09,rat_movement=False
1,49,80,0.1,rat_movement=False
1,71,140,0.2,rat_movement=False
1,62,60,0.3,rat_movement=False
1,1802,1520,0.0,rat_movement=False
1,114,60,0.4,rat_movement=False
1,132,100,0.5,rat_movement=False
1,333,220,0.6,rat_movement=False
1,418,260,0.7,rat_movement=False
1,231,120,0.8,rat_movement=False
1,77,40,0.9,rat_movement=False
1,634,480,1.0,rat_movement=False
1,127,320,0.01,rat_movement=False
1,55,100,0.03,rat_movement=False
1,56,80,0.05,rat_movement=False
1,66,120,0.07,rat_movement=False
1,1108,900,0.0,rat_movement=False
1,64,100,0.09,rat_movement=False
1,88,160,0.1,rat_movement=False
1,80,80,0.3,rat_movement=False
1,175,180,0.2,rat_movement=False
1,207,160,0.4,rat_movement=False
1,94,60,0.5,rat_movement=False
1,258,200,0.6,rat_movement=False
1,315,220,0.7,rat_movement=False
1,303,200,0.8,rat_movement=False
1,114,60,0.9,rat_movement=False
1,213,120,1.0,rat_movement=False
1,89,140,0.01,rat_movement=False
1,99,140,0.03,rat_movement=False
1,93,160,0.05,rat_movement=False
1,838,740,0.0,rat_movement=False
1,27,60,0.07,rat_movement=False
1,51,100,0.09,rat_movement=False
1,113,120,0.1,rat_movement=False
1,82,40,0.2,rat_movement=False
1,72,60,0.3,rat_movement=False
1,213,140,0.4,rat_movement=False
1,104,60,0.5,rat_movement=False
1,57,80,0.6,rat_movement=False
1,62,40,0.9,rat_movement=False
1,235,180,0.7,rat_movement=False
1,13,60,1.0,rat_movement=False
1,283,240,0.8,rat_movement=False
1,193,180,0.0,rat_movement=False
1,110,300,0.01,rat_movement=False
1,89,160,0.03,rat_movement=False
1,94,160,0.05,rat_movement=False
1,26,60,0.07,rat_movement=False
1,97,140,0.09,rat_movement=False
1,72,140,0.1,rat_movement=False
1,83,80,0.2,rat_movement=False
1,71,100,0.3,rat_movement=False
1,273,160,0.4,rat_movement=False
1,68,80,0.5,rat_movement=False
1,183,120,0.6,rat_movement=False
1,123,60,0.7,rat_movement=False
1,199,120,0.8,rat_movement=False
1,402,300,0.9,rat_movement=False
1,424,300,1.0,rat_movement=False
1,164,180,0.0,rat_movement=False
1,124,240,0.01,rat_movement=False
1,45,140,0.03,rat_movement=False
1,102,100,0.05,rat_movement=False
1,55,100,0.07,rat_movement=False
1,107,80,0.09,rat_movement=False
1,33,100,0.1,rat_movement=False
1,87,80,0.2,rat_movement=False
1,83,140,0.3,rat_movement=False
1,67,40,0.4,rat_movement=False
1,176,100,0.5,rat_movement=False
1,267,200,0.6,rat_movement=False
1,272,220,0.7,rat_movement=False
1,162,80,0.8,rat_movement=False
1,575,380,0.9,rat_movement=False
1,614,460,1.0,rat_movement=False
1,283,280,0.0,rat_movement=False
1,165,300,0.01,rat_movement=False
1,61,140,0.03,rat_movement=False
1,23,40,0.07,rat_movement=False
1,91,120,0.05,rat_movement=False
1,61,120,0.09,rat_movement=False
1,22,40,0.2,rat_movement=False
1,65,140,0.1,rat_movement=False
1,114,60,0.4,rat_movement=False
1,160,140,0.3,rat_movement=False
1,170,100,0.5,rat_movement=False
1,206,120,0.6,rat_movement=False
1,38,100,0.7,rat_movement=False
1,259,180,0.8,rat_movement=False
1,80,60,0.9,rat_movement=False
1,77,60,1.0,rat_movement=False
1,402,340,0.0,rat_movement=False
1,219,380,0.01,rat_movement=False
1,66,80,0.03,rat_movement=False
1,49,40,0.05,rat_movement=False
1,85,140,0.07,rat_movement=False
1,113,80,0.09,rat_movement=False
1,90,80,0.1,rat_movement=False
1,32,20,0.2,rat_movement=False
1,52,40,0.3,rat_movement=False
1,11,40,0.5,rat_movement=False
1,263,220,0.4,rat_movement=False
1,165,100,0.6,rat_movement=False
1,420,320,0.7,rat_movement=False
1,178,100,0.8,rat_movement=False
1,367,280,0.9,rat_movement=False
1,447,340,1.0,rat_movement=False
1,99,260,0.01,rat_movement=False
1,535,520,0.0,rat_movement=False
1,70,220,0.03,rat_movement=False
1,97,160,0.05,rat_movement=False
1,37,40,0.07,rat_movement=False
1,36,100,0.09,rat_movement=False
1,52,60,0.1,rat_movement=False
1,86,100,0.2,rat_movement=False
1,73,140,0.3,rat_movement=False
1,7,20,0.4,rat_movement=False
1,88,60,0.5,rat_movement=False
1,24,20,0.6,rat_movement=False
1,290,200,0.7,rat_movement=False
1,114,60,0.8,rat_movement=False
1,95,60,0.9,rat_movement=False
1,597,480,1.0,rat_movement=False
1,309,520,0.01,rat_movement=False
1,112,80,0.03,rat_movement=False
1,21,40,0.05,rat_movement=False
1,31,80,0.07,rat_movement=False
1,78,100,0.09,rat_movement=False
1,17,20,0.1,rat_movement=False
1,159,140,0.2,rat_movement=False
1,102,140,0.3,rat_movement=False
1,117,60,0.4,rat_movement=False
1,2028,1680,0.0,rat_movement=False
1,82,60,0.5,rat_movement=False
1,31,20,0.6,rat_movement=False
1,337,220,0.7,rat_movement=False
1,233,180,0.8,rat_movement=False
1,107,60,1.0,rat_movement=False
1,88,100,0.0,rat_movement=False
1,386,300,0.9,rat_movement=False
1,100,80,0.01,rat_movement=False
1,67,100,0.05,rat_movement=False
1,104,320,0.03,rat_movement=False
1,35,80,0.07,rat_movement=False
1,81,100,0.09,rat_movement=False
1,180,160,0.1,rat_movement=False
1,171,160,0.2,rat_movement=False
1,64,60,0.3,rat_movement=False
1,103,140,0.4,rat_movement=False
1,71,100,0.5,rat_movement=False
1,472,360,0.6,rat_movement=False
1,87,60,0.9,rat_movement=False
1,245,180,0.8,rat_movement=False
1,204,120,1.0,rat_movement=False
1,641,440,0.7,rat_movement=False
1,229,220,0.0,rat_movement=False
1,126,220,0.01,rat_movement=False
1,113,80,0.03,rat_movement=False
1,110,180,0.05,rat_movement=False
1,43,80,0.07,rat_movement=False
1,89,120,0.09,rat_movement=False
1,40,100,0.1,rat_movement=False
1,18,80,0.2,rat_movement=False
1,229,200,0.3,rat_movement=False
1,166,100,0.4,rat_movement=False
1,263,220,0.5,rat_movement=False
1,38,80,0.6,rat_movement=False
1,256,140,0.7,rat_movement=False
1,168,160,0.8,rat_movement=False
1,220,160,0.9,rat_movement=False
1,179,100,1.0,rat_movement=False
1,1109,940,0.0,rat_movement=False
1,67,220,0.01,rat_movement=False
1,59,140,0.05,rat_movement=False
1,114,160,0.03,rat_movement=False
1,33,80,0.07,rat_movement=False
1,21,80,0.09,rat_movement=False
1,75,60,0.1,rat_movement=False
1,73,40,0.2,rat_movement=False
1,94,60,0.3,rat_movement=False
1,215,200,0.4,rat_movement=False
1,174,140,0.5,rat_movement=False
1,256,160,0.6,rat_movement=False
1,298,220,0.7,rat_movement=False
1,130,80,0.8,rat_movement=False
1,20,80,1.0,rat_movement=False
1,324,240,0.9,rat_movement=False
1,70,140,0.01,rat_movement=False
1,32,20,0.05,rat_movement=False
1,100,140,0.03,rat_movement=False
1,29,80,0.07,rat_movement=False
1,93,100,0.09,rat_movement=False
1,80,120,0.1,rat_movement=False
1,109,120,0.2,rat_movement=False
1,75,120,0.3,rat_movement=False
1,1592,1300,0.0,rat_movement=False
1,289,220,0.4,rat_movement=False
1,199,120,0.5,rat_movement=False
1,11,60,0.6,rat_movement=False
1,59,40,0.7,rat_movement=False
1,27,20,0.8,rat_movement=False
1,288,200,0.9,rat_movement=False
1,39,40,0.0,rat_movement=False
1,469,360,1.0,rat_movement=False
1,88,100,0.03,rat_movement=False
1,37,20,0.07,rat_movement=False
1,172,380,0.01,rat_movement=False
1,22,60,0.09,rat_movement=False
1,113,140,0.05,rat_movement=False
1,115,120,0.2,rat_movement=False
1,144,160,0.1,rat_movement=False
1,31,40,0.3,rat_movement=False
1,344,280,0.4,rat_movement=False
1,13,20,0.6,rat_movement=False
1,220,200,0.5,rat_movement=False
1,381,240,0.7,rat_movement=False
1,345,220,0.8,rat_movement=False
1,53,80,1.0,rat_movement=False
1,515,400,0.9,rat_movement=False
1,121,80,0.01,rat_movement=False
1,40,100,0.03,rat_movement=False
1,5,40,0.05,rat_movement=False
1,691,680,0.0,rat_movement=False
1,56,60,0.07,rat_movement=False
1,22,20,0.09,rat_movement=False
1,83,120,0.1,rat_movement=False
1,43,80,0.2,rat_movement=False
1,201,160,0.3,rat_movement=False
1,171,120,0.4,rat_movement=False
1,78,40,0.6,rat_movement=False
1,220,200,0.5,rat_movement=False
1,598,440,0.7,rat_movement=False
1,289,220,0.8,rat_movement=False
1,6,20,1.0,rat_movement=False
1,138,120,0.0,rat_movement=False
1,376,260,0.9,rat_movement=False
1,153,260,0.01,rat_movement=False
1,93,140,0.03,rat_movement=False
1,84,220,0.05,rat_movement=False
1,12,20,0.07,rat_movement=False
1,9,60,0.09,rat_movement=False
1,78,120,0.1,rat_movement=False
1,75,60,0.2,rat_movement=False
1,61,100,0.3,rat_movement=False
1,35,20,0.5,rat_movement=False
1,282,220,0.4,rat_movement=False
1,256,200,0.6,rat_movement=False
1,476,380,0.7,rat_movement=False
1,8,20,0.8,rat_movement=False
1,212,140,0.9,rat_movement=False
1,499,360,1.0,rat_movement=False
1,62,200,0.01,rat_movement=False
1,30,40,0.03,rat_movement=False
1,1020,960,0.0,rat_movement=False
1,123,200,0.05,rat_movement=False
1,59,200,0.07,rat_movement=False
1,70,100,0.09,rat_movement=False
1,17,40,0.2,rat_movement=False
1,114,140,0.1,rat_movement=False
1,187,180,0.3,rat_movement=False
1,13,60,0.4,rat_movement=False
1,189,180,0.5,rat_movement=False
1,113,60,0.6,rat_movement=False
1,198,120,0.7,rat_movement=False
1,296,240,0.8,rat_movement=False
1,136,120,1.0,rat_movement=False
1,469,360,0.9,rat_movement=False
1,255,260,0.0,rat_movement=False
1,195,240,0.01,rat_movement=False
1,89,120,0.03,rat_movement=False
1,76,80,0.05,rat_movement=False
1,71,160,0.07,rat_movement=False
1,58,60,0.09,rat_movement=False
1,43,80,0.1,rat_movement=False
1,76,60,0.2,rat_movement=False
1,234,200,0.3,rat_movement=False
1,178,100,0.4,rat_movement=False
1,138,80,0.5,rat_movement=False
1,57,100,0.6,rat_movement=False
1,42,20,0.8,rat_movement=False
1,368,260,0.7,rat_movement=False
1,30,20,0.9,rat_movement=False
1,262,200,1.0,rat_movement=False
1,76,40,0.0,rat_movement=False
1,89,200,0.01,rat_movement=False
1,30,120,0.03,rat_movement=False
1,89,180,0.05,rat_movement=False
1,6,40,0.09,rat_movement=False
1,52,120,0.07,rat_movement=False
1,59,60,0.1,rat_movement=False
1,28,80,0.2,rat_movement=False
1,44,60,0.3,rat_movement=False
1,200,180,0.4,rat_movement=False
1,265,180,0.5,rat_movement=False
1,329,220,0.6,rat_movement=False
1,52,120,0.8,rat_movement=False
1,523,380,0.7,rat_movement=False
1,90,60,0.9,rat_movement=False
1,369,280,1.0,rat_movement=False
1,76,180,0.01,rat_movement=False
1,58,100,0.03,rat_movement=False
1,41,80,0.05,rat_movement=False
1,148,160,0.07,rat_movement=False
1,31,40,0.09,rat_movement=False
1,957,780,0.0,rat_movement=False
1,32,80,0.1,rat_movement=False
1,120,100,0.2,rat_movement=False
1,46,60,0.3,rat_movement=False
1,275,200,0.4,rat_movement=False
1,232,160,0.5,rat_movement=False
1,324,220,0.6,rat_movement=False
1,291,220,0.7,rat_movement=False
1,112,60,0.8,rat_movement=False
1,224,160,0.9,rat_movement=False
1,175,100,1.0,rat_movement=False
1,174,300,0.01,rat_movement=False
1,78,220,0.03,rat_movement=False
1,97,120,0.05,rat_movement=False
1,124,160,0.07,rat_movement=False
1,69,100,0.09,rat_movement=False
1,84,140,0.1,rat_movement=False
1,16,40,0.2,rat_movement=False
1,16,20,0.3,rat_movement=False
1,155,120,0.4,rat_movement=False
1,9,40,0.5,rat_movement=False
1,96,60,0.6,rat_movement=False
1,98,60,0.7,rat_movement=False
1,2455,2080,0.0,rat_movement=False
1,27,20,0.8,rat_movement=False
1,13,20,0.9,rat_movement=False
1,165,120,1.0,rat_movement=False
1,78,60,0.0,rat_movement=False
1,79,200,0.01,rat_movement=False
1,44,140,0.03,rat_movement=False
1,101,200,0.05,rat_movement=False
1,76,120,0.07,rat_movement=False
1,57,80,0.09,rat_movement=False
1,68,80,0.1,rat_movement=False
1,57,60,0.2,rat_movement=False
1,225,200,0.3,rat_movement=False
1,49,40,0.4,rat_movement=False
1,208,180,0.5,rat_movement=False
1,334,240,0.6,rat_movement=False
1,148,120,0.8,rat_movement=False
1,429,320,0.7,rat_movement=False
1,399,320,0.9,rat_movement=False
1,247,160,1.0,rat_movement=False
1,123,120,0.01,rat_movement=False
1,622,700,0.0,rat_movement=False
1,103,200,0.03,rat_movement=False
1,81,100,0.07,rat_movement=False
1,113,180,0.05,rat_movement=False
1,28,60,0.09,rat_movement=False
1,42,80,0.1,rat_movement=False
1,64,60,0.2,rat_movement=False
1,55,60,0.3,rat_movement=False
1,164,100,0.4,rat_movement=False
1,10,40,0.5,rat_movement=False
1,247,140,0.6,rat_movement=False
1,163,100,0.7,rat_movement=False
1,239,160,0.8,rat_movement=False
1,15,20,1.0,rat_movement=False
1,179,160,0.9,rat_movement=False
1,23,100,0.01,rat_movement=False
1,59,40,0.03,rat_movement=False
1,109,120,0.05,rat_movement=False
1,72,140,0.07,rat_movement=False
1,21,100,0.09,rat_movement=False
1,68,60,0.1,rat_movement=False
1,168,160,0.2,rat_movement=False
1,215,180,0.3,rat_movement=False
1,117,100,0.4,rat_movement=False
1,13,60,0.6,rat_movement=False
1,126,80,0.5,rat_movement=False
1,212,140,0.7,rat_movement=False
1,199,160,0.8,rat_movement=False
1,33,100,0.9,rat_movement=False
1,2495,2100,0.0,rat_movement=False
1,52,80,1.0,rat_movement=False
1,110,100,0.0,rat_movement=False
1,44,40,0.01,rat_movement=False
1,34,20,0.03,rat_movement=False
1,46,140,0.05,rat_movement=False
1,67,100,0.07,rat_movement=False
1,16,20,0.09,rat_movement=False
1,64,120,0.1,rat_movement=False
1,101,140,0.2,rat_movement=False
1,60,100,0.3,rat_movement=False
1,16,60,0.5,rat_movement=False
1,269,200,0.4,rat_movement=False
1,415,320,0.6,rat_movement=False
1,274,200,0.7,rat_movement=False
1,277,260,0.8,rat_movement=False
1,342,240,0.9,rat_movement=False
1,236,200,1.0,rat_movement=False
1,70,60,0.01,rat_movement=False
1,355,380,0.0,rat_movement=False
1,103,120,0.03,rat_movement=False
1,103,100,0.05,rat_movement=False
1,79,120,0.07,rat_movement=False
1,52,120,0.09,rat_movement=False
1,92,60,0.1,rat_movement=False
1,168,180,0.2,rat_movement=False
1,218,120,0.3,rat_movement=False
1,247,160,0.4,rat_movement=False
1,78,40,0.6,rat_movement=False
1,277,200,0.5,rat_movement=False
1,194,140,0.7,rat_movement=False
1,115,60,0.8,rat_movement=False
1,172,100,0.9,rat_movement=False
1,406,280,1.0,rat_movement=False
1,146,100,0.0,rat_movement=False
1,42,220,0.01,rat_movement=False
1,107,120,0.03,rat_movement=False
1,79,60,0.05,rat_movement=False
1,41,40,0.07,rat_movement=False
1,56,40,0.09,rat_movement=False
1,40,80,0.1,rat_movement=False
1,168,140,0.2,rat_movement=False
1,148,120,0.3,rat_movement=False
1,277,200,0.4,rat_movement=False
1,15,40,0.7,rat_movement=False
1,202,160,0.6,rat_movement=False
1,10,20,0.8,rat_movement=False
1,414,280,0.5,rat_movement=False
1,55,60,0.0,rat_movement=False
1,193,140,1.0,rat_movement=False
1,330,220,0.9,rat_movement=False
1,42,220,0.01,rat_movement=False
1,113,160,0.03,rat_movement=False
1,46,140,0.07,rat_movement=False
1,119,160,0.05,rat_movement=False
1,9,40,0.1,rat_movement=False
1,146,140,0.09,rat_movement=False
1,21,100,0.2,rat_movement=False
1,74,120,0.3,rat_movement=False
1,112,60,0.4,rat_movement=False
1,76,80,0.5,rat_movement=False
1,215,180,0.6,rat_movement=False
1,222,160,0.7,rat_movement=False
1,218,180,0.8,rat_movement=False
1,184,100,0.9,rat_movement=False
1,11,40,1.0,rat_movement=False
1,199,180,0.0,rat_movement=False
1,138,240,0.01,rat_movement=False
1,17,40,0.03,rat_movement=False
1,82,120,0.05,rat_movement=False
1,103,160,0.07,rat_movement=False
1,145,180,0.09,rat_movement=False
1,59,100,0.1,rat_movement=False
1,69,60,0.2,rat_movement=False
1,74,120,0.3,rat_movement=False
1,134,80,0.4,rat_movement=False
1,152,80,0.5,rat_movement=False
1,107,60,0.6,rat_movement=False
1,183,140,0.7,rat_movement=False
1,233,200,0.8,rat_movement=False
1,105,60,0.9,rat_movement=False
1,324,200,1.0,rat_movement=False
1,53,40,0.0,rat_movement=False
1,154,380,0.01,rat_movement=False
1,37,140,0.03,rat_movement=False
1,90,160,0.05,rat_movement=False
1,107,120,0.07,rat_movement=False
1,86,100,0.09,rat_movement=False
1,67,120,0.1,rat_movement=False
1,31,60,0.2,rat_movement=False
1,46,100,0.3,rat_movement=False
1,13,20,0.4,rat_movement=False
1,197,140,0.5,rat_movement=False
1,175,140,0.6,rat_movement=False
1,127,80,0.7,rat_movement=False
1,35,20,0.8,rat_movement=False
1,49,60,0.9,rat_movement=False
1,497,360,1.0,rat_movement=False
1,84,120,0.01,rat_movement=False
1,17,60,0.03,rat_movement=False
1,80,80,0.05,rat_movement=False
1,84,100,0.07,rat_movement=False
1,89,100,0.09,rat_movement=False
1,717,620,0.0,rat_movement=False
1,89,100,0.1,rat_movement=False
1,116,120,0.2,rat_movement=False
1,144,120,0.4,rat_movement=False
1,162,140,0.3,rat_movement=False
1,340,200,0.5,rat_movement=False
1,83,60,0.7,rat_movement=False
1,341,220,0.6,rat_movement=False
1,316,200,0.8,rat_movement=False
1,190,160,0.9,rat_movement=False
1,45,60,1.0,rat_movement=False
1,121,220,0.01,rat_movement=False
1,41,100,0.03,rat_movement=False
1,96,100,0.05,rat_movement=False
1,47,80,0.07,rat_movement=False
1,75,60,0.09,rat_movement=False
1,129,60,0.1,rat_movement=False
1,13,40,0.2,rat_movement=False
1,153,120,0.3,rat_movement=False
1,60,120,0.4,rat_movement=False
1,64,60,0.5,rat_movement=False
1,139,60,0.6,rat_movement=False
1,176,120,0.7,rat_movement=False
1,2986,2460,0.0,rat_movement=False
1,24,20,0.9,rat_movement=False
1,607,400,0.8,rat_movement=False
1,61,40,1.0,rat_movement=False
1,94,60,0.01,rat_movement=False
1,103,180,0.03,rat_movement=False
1,95,100,0.05,rat_movement=False
1,54,40,0.07,rat_movement=False
1,1073,900,0.0,rat_movement=False
1,102,140,0.09,rat_movement=False
1,43,120,0.1,rat_movement=False
1,113,120,0.2,rat_movement=False
1,58,100,0.3,rat_movement=False
1,161,120,0.4,rat_movement=False
1,248,160,0.5,rat_movement=False
1,208,140,0.6,rat_movement=False
1,210,140,0.7,rat_movement=False
1,365,240,0.8,rat_movement=False
1,324,240,1.0,rat_movement=False
1,628,520,0.9,rat_movement=False
1,71,40,0.01,rat_movement=False
1,73,60,0.03,rat_movement=False
1,64,140,0.05,rat_movement=False
1,70,80,0.07,rat_movement=False
1,24,120,0.09,rat_movement=False
1,46,80,0.1,rat_movement=False
1,1478,1200,0.0,rat_movement=False
1,106,160,0.2,rat_movement=False
1,131,140,0.3,rat_movement=False
1,122,60,0.4,rat_movement=False
1,138,100,0.5,rat_movement=False
1,20,20,0.6,rat_movement=False
1,20,20,0.8,rat_movement=False
1,634,440,0.7,rat_movement=False
1,384,280,0.9,rat_movement=False
1,235,200,0.0,rat_movement=False
1,310,220,1.0,rat_movement=False
1,165,160,0.01,rat_movement=False
1,121,200,0.03,rat_movement=False
1,77,40,0.05,rat_movement=False
1,85,80,0.07,rat_movement=False
1,129,160,0.09,rat_movement=False
1,79,160,0.1,rat_movement=False
1,136,180,0.2,rat_movement=False
1,14,20,0.3,rat_movement=False
1,165,180,0.4,rat_movement=False
1,198,140,0.5,rat_movement=False
1,429,320,0.6,rat_movement=False
1,258,200,0.7,rat_movement=False
1,357,260,0.8,rat_movement=False
1,166,160,0.9,rat_movement=False
1,772,540,1.0,rat_movement=False
1,81,100,0.01,rat_movement=False
1,1049,940,0.0,rat_movement=False
1,123,120,0.03,rat_movement=False
1,50,120,0.05,rat_movement=False
1,88,100,0.07,rat_movement=False
1,48,60,0.09,rat_movement=False
1,53,140,0.1,rat_movement=False
1,48,60,0.2,rat_movement=False
1,204,140,0.3,rat_movement=False
1,98,80,0.4,rat_movement=False
1,197,100,0.5,rat_movement=False
1,290,200,0.6,rat_movement=False
1,169,100,0.8,rat_movement=False
1,556,380,0.7,rat_movement=False
1,6,40,1.0,rat_movement=False
1,256,180,0.9,rat_movement=False
1,141,140,0.0,rat_movement=False
1,192,320,0.01,rat_movement=False
1,113,140,0.03,rat_movement=False
1,135,160,0.05,rat_movement=False
1,64,80,0.07,rat_movement=False
1,63,120,0.09,rat_movement=False
1,16,40,0.1,rat_movement=False
1,53,120,0.2,rat_movement=False
1,203,160,0.3,rat_movement=False
1,174,100,0.4,rat_movement=False
1,208,180,0.5,rat_movement=False
1,359,240,0.6,rat_movement=False
1,204,160,0.7,rat_movement=False
1,100,100,0.8,rat_movement=False
1,294,240,0.9,rat_movement=False
1,202,160,0.0,rat_movement=False
1,50,140,0.01,rat_movement=False
1,46,100,0.03,rat_movement=False
1,27,40,0.05,rat_movement=False
1,30,100,0.07,rat_movement=False
1,82,40,0.09,rat_movement=False
1,46,60,0.1,rat_movement=False
1,29,20,0.2,rat_movement=False
1,889,620,1.0,rat_movement=False
1,73,80,0.3,rat_movement=False
1,187,160,0.4,rat_movement=False
1,64,100,0.5,rat_movement=False
1,97,200,0.6,rat_movement=False
1,168,160,0.7,rat_movement=False
1,228,140,0.9,rat_movement=False
1,441,300,0.8,rat_movement=False
1,2,20,1.0,rat_movement=False
1,44,20,0.01,rat_movement=False
1,1486,1080,0.0,rat_movement=False
1,39,60,0.05,rat_movement=False
1,87,200,0.03,rat_movement=False
1,48,80,0.09,rat_movement=False
1,49,120,0.07,rat_movement=False
1,183,140,0.1,rat_movement=False
1,46,60,0.2,rat_movement=False
1,74,120,0.3,rat_movement=False
1,9,20,0.5,rat_movement=False
1,216,180,0.4,rat_movement=False
1,269,200,0.6,rat_movement=False
1,130,100,0.7,rat_movement=False
1,271,160,0.8,rat_movement=False
1,266,180,0.9,rat_movement=False
1,310,280,1.0,rat_movement=False
1,109,100,0.01,rat_movement=False
1,65,100,0.03,rat_movement=False
1,46,80,0.05,rat_movement=False
1,25,100,0.07,rat_movement=False
1,31,40,0.09,rat_movement=False
1,63,100,0.1,rat_movement=False
1,88,60,0.2,rat_movement=False
1,64,40,0.3,rat_movement=False
1,202,180,0.4,rat_movement=False
1,181,100,0.5,rat_movement=False
1,1941,1540,0.0,rat_movement=False
1,4,20,0.6,rat_movement=False
1,50,20,0.7,rat_movement=False
1,269,180,0.8,rat_movement=False
1,60,40,0.9,rat_movement=False
1,234,200,1.0,rat_movement=False
1,12,80,0.01,rat_movement=False
1,194,240,0.0,rat_movement=False
1,10,60,0.03,rat_movement=False
1,73,80,0.05,rat_movement=False
1,87,100,0.07,rat_movement=False
1,93,140,0.09,rat_movement=False
1,77,180,0.1,rat_movement=False
1,49,60,0.2,rat_movement=False
1,46,80,0.3,rat_movement=False
1,13,40,0.5,rat_movement=False
1,139,140,0.4,rat_movement=False
1,309,220,0.6,rat_movement=False
1,247,160,0.7,rat_movement=False
1,60,40,1.0,rat_movement=False
1,340,240,0.8,rat_movement=False
1,301,200,0.9,rat_movement=False
1,200,380,0.01,rat_movement=False
1,85,140,0.03,rat_movement=False
1,811,640,0.0,rat_movement=False
1,47,100,0.05,rat_movement=False
1,131,200,0.07,rat_movement=False
1,85,220,0.09,rat_movement=False
1,123,180,0.1,rat_movement=False
1,76,120,0.2,rat_movement=False
1,30,100,0.3,rat_movement=False
1,43,40,0.4,rat_movement=False
1,116,120,0.5,rat_movement=False
1,342,200,0.6,rat_movement=False
1,237,120,0.7,rat_movement=False
1,189,100,0.8,rat_movement=False
1,312,240,0.9,rat_movement=False
1,284,260,0.0,rat_movement=False
1,50,100,0.01,rat_movement=False
1,892,700,1.0,rat_movement=False
1,46,80,0.03,rat_movement=False
1,41,100,0.05,rat_movement=False
1,58,60,0.07,rat_movement=False
1,36,20,0.09,rat_movement=False
1,94,120,0.1,rat_movement=False
1,35,80,0.2,rat_movement=False
1,47,100,0.3,rat_movement=False
1,123,60,0.4,rat_movement=False
1,169,120,0.5,rat_movement=False
1,55,40,0.6,rat_movement=False
1,199,120,0.7,rat_movement=False
1,23,80,0.9,rat_movement=False
1,413,280,0.8,rat_movement=False
1,332,240,1.0,rat_movement=False
1,222,200,0.0,rat_movement=False
1,62,80,0.03,rat_movement=False
1,207,380,0.01,rat_movement=False
1,45,60,0.05,rat_movement=False
1,51,100,0.07,rat_movement=False
1,68,80,0.09,rat_movement=False
1,9,80,0.1,rat_movement=False
1,23,40,0.2,rat_movement=False
1,199,120,0.3,rat_movement=False
1,207,160,0.4,rat_movement=False
1,141,100,0.5,rat_movement=False
1,239,140,0.6,rat_movement=False
1,13,60,0.7,rat_movement=False
1,450,320,0.8,rat_movement=False
1,94,80,0.9,rat_movement=False
1,226,140,1.0,rat_movement=False
1,58,40,0.01,rat_movement=False
1,50,60,0.03,rat_movement=False
1,71,80,0.05,rat_movement=False
1,67,100,0.09,rat_movement=False
1,101,120,0.07,rat_movement=False
1,79,100,0.1,rat_movement=False
1,84,60,0.2,rat_movement=False
1,72,120,0.3,rat_movement=False
1,119,180,0.4,rat_movement=False
1,315,260,0.5,rat_movement=False
1,16,40,0.6,rat_movement=False
1,412,280,0.7,rat_movement=False
1,75,80,0.8,rat_movement=False
1,135,60,0.9,rat_movement=False
1,3146,2540,0.0,rat_movement=False
1,284,180,1.0,rat_movement=False
1,112,240,0.01,rat_movement=False
1,58,140,0.03,rat_movement=False
1,95,160,0.05,rat_movement=False
1,43,40,0.07,rat_movement=False
1,114,100,0.09,rat_movement=False
1,83,140,0.1,rat_movement=False
1,31,80,0.2,rat_movement=False
1,1819,1520,0.0,rat_movement=False
1,125,100,0.3,rat_movement=False
1,142,100,0.4,rat_movement=False
1,21,20,0.6,rat_movement=False
1,120,140,0.5,rat_movement=False
1,407,280,0.7,rat_movement=False
1,162,140,0.8,rat_movement=False
1,269,180,0.9,rat_movement=False
1,127,100,0.0,rat_movement=False
1,122,160,0.01,rat_movement=False
1,477,400,1.0,rat_movement=False
1,22,20,0.03,rat_movement=False
1,88,140,0.05,rat_movement=False
1,47,60,0.09,rat_movement=False
1,99,140,0.07,rat_movement=False
1,56,100,0.1,rat_movement=False
1,48,120,0.2,rat_movement=False
1,102,100,0.3,rat_movement=False
1,267,160,0.4,rat_movement=False
1,236,140,0.5,rat_movement=False
1,156,100,0.7,rat_movement=False
1,405,280,0.6,rat_movement=False
1,180,120,0.8,rat_movement=False
1,323,200,0.9,rat_movement=False
1,520,380,1.0,rat_movement=False
1,177,160,0.01,rat_movement=False
1,41,40,0.03,rat_movement=False
1,136,140,0.05,rat_movement=False
1,54,120,0.07,rat_movement=False
1,30,60,0.09,rat_movement=False
1,1443,1200,0.0,rat_movement=False
1,55,60,0.1,rat_movement=False
1,21,40,0.2,rat_movement=False
1,93,100,0.3,rat_movement=False
1,83,40,0.4,rat_movement=False
1,99,100,0.5,rat_movement=False
1,411,260,0.6,rat_movement=False
1,226,160,0.7,rat_movement=False
1,212,140,0.8,rat_movement=False
1,565,380,0.9,rat_movement=False
1,560,360,1.0,rat_movement=False
1,67,60,0.0,rat_movement=False
1,133,260,0.01,rat_movement=False
1,49,100,0.03,rat_movement=False
1,83,120,0.05,rat_movement=False
1,43,80,0.07,rat_movement=False
1,76,120,0.09,rat_movement=False
1,56,40,0.1,rat_movement=False
1,107,120,0.2,rat_movement=False
1,139,100,0.3,rat_movement=False
1,102,160,0.4,rat_movement=False
1,34,60,0.5,rat_movement=False
1,215,140,0.6,rat_movement=False
1,53,80,0.7,rat_movement=False
1,413,280,0.8,rat_movement=False
1,404,260,0.9,rat_movement=False
1,471,400,1.0,rat_movement=False
1,109,120,0.01,rat_movement=False
1,142,120,0.03,rat_movement=False
1,61,140,0.05,rat_movement=False
1,1484,1120,0.0,rat_movement=False
1,6,40,0.07,rat_movement=False
1,30,40,0.09,rat_movement=False
1,17,60,0.1,rat_movement=False
1,146,160,0.2,rat_movement=False
1,276,220,0.3,rat_movement=False
1,243,200,0.4,rat_movement=False
1,168,140,0.5,rat_movement=False
1,21,60,0.6,rat_movement=False
1,160,140,0.7,rat_movement=False
1,35,20,0.9,rat_movement=False
1,392,260,0.8,rat_movement=False
1,313,200,1.0,rat_movement=False
1,554,480,0.0,rat_movement=False
1,51,140,0.03,rat_movement=False
1,72,300,0.01,rat_movement=False
1,78,120,0.05,rat_movement=False
1,73,80,0.07,rat_movement=False
1,95,160,0.09,rat_movement=False
1,85,80,0.1,rat_movement=False
1,114,60,0.2,rat_movement=False
1,147,100,0.3,rat_movement=False
1,259,200,0.4,rat_movement=False
1,292,200,0.5,rat_movement=False
1,265,180,0.6,rat_movement=False
1,395,240,0.7,rat_movement=False
1,93,60,0.8,rat_movement=False
1,102,60,0.9,rat_movement=False
1,237,220,1.0,rat_movement=False
1,115,120,0.0,rat_movement=False
1,62,200,0.01,rat_movement=False
1,115,200,0.03,rat_movement=False
1,15,20,0.05,rat_movement=False
1,56,100,0.07,rat_movement=False
1,61,60,0.09,rat_movement=False
1,59,60,0.1,rat_movement=False
1,215,160,0.2,rat_movement=False
1,280,200,0.3,rat_movement=False
1,243,180,0.4,rat_movement=False
1,178,180,0.5,rat_movement=False
1,368,300,0.6,rat_movement=False
1,50,40,0.7,rat_movement=False
1,52,60,0.8,rat_movement=False
1,582,380,0.9,rat_movement=False
1,52,60,0.0,rat_movement=False
1,432,260,1.0,rat_movement=False
1,175,260,0.01,rat_movement=False
1,33,80,0.03,rat_movement=False
1,82,120,0.05,rat_movement=False
1,40,100,0.07,rat_movement=False
1,61,120,0.09,rat_movement=False
1,64,80,0.1,rat_movement=False
1,145,100,0.2,rat_movement=False
1,165,120,0.3,rat_movement=False
1,242,140,0.4,rat_movement=False
1,201,140,0.5,rat_movement=False
1,71,40,0.6,rat_movement=False
1,136,80,0.7,rat_movement=False
1,79,80,0.8,rat_movement=False
1,243,180,0.9,rat_movement=False
1,11,20,0.0,rat_movement=False
1,133,340,0.01,rat_movement=False
1,534,380,1.0,rat_movement=False
1,89,100,0.03,rat_movement=False
1,30,40,0.05,rat_movement=False
1,73,60,0.07,rat_movement=False
1,87,120,0.09,rat_movement=False
1,66,80,0.1,rat_movement=False
1,13,60,0.2,rat_movement=False
1,87,80,0.3,rat_movement=False
1,128,60,0.4,rat_movement=False
1,379,280,0.5,rat_movement=False
1,318,220,0.6,rat_movement=False
1,214,180,0.7,rat_movement=False
1,360,280,0.8,rat_movement=False
1,19,40,0.9,rat_movement=False
1,131,100,0.0,rat_movement=False
1,671,500,1.0,rat_movement=False
1,211,380,0.01,rat_movement=False
1,110,180,0.03,rat_movement=False
1,71,140,0.05,rat_movement=False
1,70,100,0.07,rat_movement=False
1,111,140,0.09,rat_movement=False
1,85,140,0.1,rat_movement=False
1,34,80,0.2,rat_movement=False
1,23,60,0.3,rat_movement=False
1,3,20,0.4,rat_movement=False
1,157,80,0.5,rat_movement=False
1,233,160,0.6,rat_movement=False
1,8,40,0.7,rat_movement=False
1,382,300,0.8,rat_movement=False
1,418,280,0.9,rat_movement=False
1,250,160,1.0,rat_movement=False
1,48,100,0.01,rat_movement=False
1,15,100,0.03,rat_movement=False
1,71,120,0.05,rat_movement=False
1,57,120,0.07,rat_movement=False
1,104,180,0.09,rat_movement=False
1,51,100,0.1,rat_movement=False
1,116,120,0.2,rat_movement=False
1,184,140,0.3,rat_movement=False
1,40,100,0.4,rat_movement=False
1,237,180,0.5,rat_movement=False
1,1980,1460,0.0,rat_movement=False
1,129,60,0.7,rat_movement=False
1,291,180,0.6,rat_movement=False
1,253,160,0.8,rat_movement=False
1,342,240,0.9,rat_movement=False
1,357,220,1.0,rat_movement=False
1,213,280,0.01,rat_movement=False
1,34,40,0.03,rat_movement=False
1,568,420,0.0,rat_movement=False
1,80,100,0.05,rat_movement=False
1,62,120,0.07,rat_movement=False
1,112,180,0.09,rat_movement=False
1,82,140,0.1,rat_movement=False
1,143,120,0.2,rat_movement=False
1,183,140,0.3,rat_movement=False
1,191,120,0.4,rat_movement=False
1,117,60,0.5,rat_movement=False
1,549,380,0.6,rat_movement=False
1,55,40,0.7,rat_movement=False
1,395,260,0.8,rat_movement=False
1,285,240,0.9,rat_movement=False
1,138,140,0.0,rat_movement=False
1,376,260,1.0,rat_movement=False
1,35,80,0.01,rat_movement=False
1,68,120,0.03,rat_movement=False
1,150,120,0.05,rat_movement=False
1,27,80,0.07,rat_movement=False
1,79,120,0.09,rat_movement=False
1,34,80,0.1,rat_movement=False
1,81,120,0.2,rat_movement=False
1,39,100,0.3,rat_movement=False
1,262,200,0.4,rat_movement=False
1,174,100,0.5,rat_movement=False
1,303,220,0.6,rat_movement=False
1,276,200,0.7,rat_movement=False
1,399,280,0.8,rat_movement=False
1,445,320,0.9,rat_movement=False
1,523,380,1.0,rat_movement=False
1,4,20,0.01,rat_movement=False
1,72,200,0.03,rat_movement=False
1,75,100,0.05,rat_movement=False
1,938,680,0.0,rat_movement=False
1,35,60,0.07,rat_movement=False
1,66,120,0.09,rat_movement=False
1,24,60,0.1,rat_movement=False
1,169,140,0.2,rat_movement=False
1,64,120,0.3,rat_movement=False
1,146,200,0.4,rat_movement=False
1,244,200,0.5,rat_movement=False
1,171,120,0.6,rat_movement=False
1,46,40,0.7,rat_movement=False
1,225,140,0.8,rat_movement=False
1,119,60,0.9,rat_movement=False
1,71,80,0.0,rat_movement=False
1,362,280,1.0,rat_movement=False
1,18,20,0.01,rat_movement=False
1,98,140,0.03,rat_movement=False
1,123,120,0.05,rat_movement=False
1,81,100,0.07,rat_movement=False
1,15,80,0.09,rat_movement=False
1,33,20,0.1,rat_movement=False
1,30,40,0.2,rat_movement=False
1,22,60,0.3,rat_movement=False
1,108,60,0.4,rat_movement=False
1,88,140,0.5,rat_movement=False
1,50,100,0.7,rat_movement=False
1,316,240,0.6,rat_movement=False
1,163,80,0.8,rat_movement=False
1,377,260,0.9,rat_movement=False
1,235,140,1.0,rat_movement=False
1,133,200,0.01,rat_movement=False
1,111,200,0.03,rat_movement=False
1,79,140,0.05,rat_movement=False
1,70,80,0.07,rat_movement=False
1,765,600,0.0,rat_movement=False
1,43,100,0.09,rat_movement=False
1,18,20,0.1,rat_movement=False
1,63,60,0.2,rat_movement=False
1,100,80,0.3,rat_movement=False
1,77,80,0.4,rat_movement=False
1,236,140,0.5,rat_movement=False
1,238,180,0.6,rat_movement=False
1,265,180,0.7,rat_movement=False
1,477,360,0.8,rat_movement=False
1,262,160,0.9,rat_movement=False
1,206,120,1.0,rat_movement=False
1,75,200,0.01,rat_movement=False
1,23,20,0.03,rat_movement=False
1,52,140,0.05,rat_movement=False
1,80,120,0.07,rat_movement=False
1,41,40,0.09,rat_movement=False
1,25,40,0.1,rat_movement=False
1,1814,1440,0.0,rat_movement=False
1,32,60,0.2,rat_movement=False
1,92,100,0.3,rat_movement=False
1,332,260,0.4,rat_movement=False
1,407,280,0.5,rat_movement=False
1,241,160,0.6,rat_movement=False
1,491,340,0.7,rat_movement=False
1,19,20,0.9,rat_movement=False
1,201,160,0.8,rat_movement=False
1,62,40,1.0,rat_movement=False
1,178,360,0.01,rat_movement=False
1,79,100,0.03,rat_movement=False
1,45,40,0.05,rat_movement=False
1,38,60,0.07,rat_movement=False
1,46,80,0.09,rat_movement=False
1,25,40,0.1,rat_movement=False
1,63,40,0.2,rat_movement=False
1,20,20,0.3,rat_movement=False
1,20,40,0.4,rat_movement=False
1,56,80,0.5,rat_movement=False
1,85,80,0.7,rat_movement=False
1,266,220,0.6,rat_movement=False
1,146,120,0.8,rat_movement=False
1,148,80,1.0,rat_movement=False
1,314,220,0.9,rat_movement=False
1,191,160,0.0,rat_movement=False
1,89,260,0.01,rat_movement=False
1,51,40,0.03,rat_movement=False
1,25,60,0.05,rat_movement=False
1,3948,3020,0.0,rat_movement=False
1,67,80,0.07,rat_movement=False
1,33,60,0.09,rat_movement=False
1,95,120,0.1,rat_movement=False
1,34,80,0.2,rat_movement=False
1,58,100,0.3,rat_movement=False
1,139,120,0.4,rat_movement=False
1,128,160,0.6,rat_movement=False
1,339,280,0.5,rat_movement=False
1,10,20,0.8,rat_movement=False
1,514,380,0.7,rat_movement=False
1,154,100,1.0,rat_movement=False
1,527,400,0.9,rat_movement=False
1,69,120,0.01,rat_movement=False
1,75,140,0.03,rat_movement=False
1,43,100,0.05,rat_movement=False
1,58,60,0.07,rat_movement=False
1,99,180,0.09,rat_movement=False
1,29,40,0.1,rat_movement=False
1,123,60,0.2,rat_movement=False
1,47,40,0.3,rat_movement=False
1,209,140,0.4,rat_movement=False
1,39,80,0.5,rat_movement=False
1,55,40,0.7,rat_movement=False
1,302,180,0.6,rat_movement=False
1,100,100,0.8,rat_movement=False
1,23,20,1.0,rat_movement=False
1,270,200,0.9,rat_movement=False
1,2380,1980,0.0,rat_movement=False
1,222,240,0.0,rat_movement=False
1,114,160,0.01,rat_movement=False
1,88,100,0.03,rat_movement=False
1,105,100,0.05,rat_movement=False
1,75,160,0.07,rat_movement=False
1,48,100,0.09,rat_movement=False
1,134,160,0.1,rat_movement=False
1,74,120,0.2,rat_movement=False
1,179,140,0.3,rat_movement=False
1,222,180,0.4,rat_movement=False
1,295,260,0.5,rat_movement=False
1,210,220,0.6,rat_movement=False
1,59,80,0.7,rat_movement=False
1,166,140,0.8,rat_movement=False
1,279,140,0.9,rat_movement=False
1,241,160,1.0,rat_movement=False
1,268,260,0.0,rat_movement=False
1,79,140,0.03,rat_movement=False
1,123,280,0.01,rat_movement=False
1,75,80,0.05,rat_movement=False
1,56,60,0.09,rat_movement=False
1,116,160,0.07,rat_movement=False
1,66,80,0.1,rat_movement=False
1,54,80,0.2,rat_movement=False
1,80,60,0.3,rat_movement=False
1,247,160,0.4,rat_movement=False
1,206,140,0.5,rat_movement=False
1,203,160,0.6,rat_movement=False
1,71,40,0.7,rat_movement=False
1,132,80,0.8,rat_movement=False
1,852,600,0.9,rat_movement=False
1,418,320,1.0,rat_movement=False
1,163,140,0.0,rat_movement=False
1,70,200,0.01,rat_movement=False
1,77,80,0.03,rat_movement=False
1,100,180,0.05,rat_movement=False
1,125,140,0.07,rat_movement=False
1,79,80,0.09,rat_movement=False
1,96,180,0.1,rat_movement=False
1,58,80,0.2,rat_movement=False
1,182,160,0.3,rat_movement=False
1,243,140,0.4,rat_movement=False
1,293,220,0.5,rat_movement=False
1,271,200,0.6,rat_movement=False
1,214,160,0.7,rat_movement=False
1,145,80,0.9,rat_movement=False
1,92,120,1.0,rat_movement=False
1,581,400,0.8,rat_movement=False
1,356,280,0.0,rat_movement=False
1,113,260,0.01,rat_movement=False
1,57,100,0.03,rat_movement=False
1,53,100,0.05,rat_movement=False
1,52,40,0.07,rat_movement=False
1,39,100,0.09,rat_movement=False
1,99,100,0.1,rat_movement=False
1,44,60,0.2,rat_movement=False
1,145,80,0.3,rat_movement=False
1,26,60,0.4,rat_movement=False
1,15,20,0.5,rat_movement=False
1,23,20,0.7,rat_movement=False
1,531,400,0.6,rat_movement=False
1,22,20,0.9,rat_movement=False
1,83,60,1.0,rat_movement=False
1,19,20,0.0,rat_movement=False
1,520,380,0.8,rat_movement=False
1,59,60,0.01,rat_movement=False
1,97,200,0.03,rat_movement=False
1,61,140,0.05,rat_movement=False
1,68,60,0.07,rat_movement=False
1,83,140,0.09,rat_movement=False
1,91,120,0.1,rat_movement=False
1,38,40,0.2,rat_movement=False
1,172,140,0.3,rat_movement=False
1,203,160,0.4,rat_movement=False
1,90,60,0.5,rat_movement=False
1,160,120,0.6,rat_movement=False
1,298,200,0.7,rat_movement=False
1,27,20,0.9,rat_movement=False
1,324,200,0.8,rat_movement=False
1,61,140,0.01,rat_movement=False
1,6,20,0.03,rat_movement=False
1,2,20,0.05,rat_movement=False
1,472,380,1.0,rat_movement=False
1,27,60,0.07,rat_movement=False
1,830,680,0.0,rat_movement=False
1,15,40,0.09,rat_movement=False
1,50,60,0.1,rat_movement=False
1,19,60,0.2,rat_movement=False
1,9,20,0.3,rat_movement=False
1,27,20,0.4,rat_movement=False
1,48,40,0.5,rat_movement=False
1,158,80,0.6,rat_movement=False
1,130,80,0.8,rat_movement=False
1,251,160,0.7,rat_movement=False
1,92,60,1.0,rat_movement=False
1,413,300,0.9,rat_movement=False
1,18,40,0.0,rat_movement=False
1,113,180,0.01,rat_movement=False
1,38,120,0.03,rat_movement=False
1,70,160,0.05,rat_movement=False
1,44,100,0.07,rat_movement=False
1,43,40,0.09,rat_movement=False
1,92,140,0.1,rat_movement=False
1,40,100,0.2,rat_movement=False
1,207,140,0.3,rat_movement=False
1,327,260,0.4,rat_movement=False
1,22,20,0.5,rat_movement=False
1,269,180,0.6,rat_movement=False
1,42,20,0.7,rat_movement=False
1,169,100,0.8,rat_movement=False
1,6,40,0.9,rat_movement=False
1,71,160,1.0,rat_movement=False
1,144,320,0.01,rat_movement=False
1,105,240,0.03,rat_movement=False
1,55,120,0.05,rat_movement=False
1,89,100,0.07,rat_movement=False
1,53,40,0.09,rat_movement=False
1,16,40,0.1,rat_movement=False
1,68,120,0.2,rat_movement=False
1,192,140,0.3,rat_movement=False
1,21,20,0.4,rat_movement=False
1,228,160,0.5,rat_movement=False
1,14,60,0.6,rat_movement=False
1,192,100,0.7,rat_movement=False
1,22,20,0.9,rat_movement=False
1,289,220,0.8,rat_movement=False
1,361,260,1.0,rat_movement=False
1,3280,2460,0.0,rat_movement=False
1,25,20,0.01,rat_movement=False
1,179,160,0.0,rat_movement=False
1,70,200,0.03,rat_movement=False
1,88,160,0.05,rat_movement=False
1,99,180,0.07,rat_movement=False
1,60,80,0.09,rat_movement=False
1,29,100,0.1,rat_movement=False
1,81,100,0.2,rat_movement=False
1,64,40,0.3,rat_movement=False
1,172,120,0.4,rat_movement=False
1,33,100,0.5,rat_movement=False
1,431,340,0.6,rat_movement=False
1,156,120,0.8,rat_movement=False
1,460,300,0.7,rat_movement=False
1,158,100,1.0,rat_movement=False
1,291,240,0.9,rat_movement=False
1,271,260,0.0,rat_movement=False
1,183,400,0.01,rat_movement=False
1,9,20,0.03,rat_movement=False
1,125,200,0.05,rat_movement=False
1,66,100,0.07,rat_movement=False
1,55,120,0.09,rat_movement=False
1,60,120,0.1,rat_movement=False
1,114,140,0.2,rat_movement=False
1,63,40,0.3,rat_movement=False
1,240,180,0.4,rat_movement=False
1,205,120,0.5,rat_movement=False
1,199,160,0.6,rat_movement=False
1,22,20,0.7,rat_movement=False
1,4,20,0.8,rat_movement=False
1,267,220,0.9,rat_movement=False
1,285,180,1.0,rat_movement=False
1,206,140,0.0,rat_movement=False
1,45,140,0.01,rat_movement=False
1,133,140,0.03,rat_movement=False
1,97,180,0.05,rat_movement=False
1,76,80,0.07,rat_movement=False
1,56,40,0.09,rat_movement=False
1,179,200,0.1,rat_movement=False
1,197,140,0.2,rat_movement=False
1,14,20,0.3,rat_movement=False
1,85,100,0.4,rat_movement=False
1,35,100,0.6,rat_movement=False
1,111,100,0.5,rat_movement=False
1,13,20,0.8,rat_movement=False
1,353,300,0.7,rat_movement=False
1,29,60,0.9,rat_movement=False
1,36,40,0.0,rat_movement=False
1,405,300,1.0,rat_movement=False
1,91,140,0.03,rat_movement=False
1,189,300,0.01,rat_movement=False
1,48,160,0.05,rat_movement=False
1,25,40,0.07,rat_movement=False
1,7,20,0.09,rat_movement=False
1,131,160,0.1,rat_movement=False
1,143,160,0.2,rat_movement=False
1,37,40,0.3,rat_movement=False
1,275,200,0.4,rat_movement=False
1,335,240,0.5,rat_movement=False
1,206,180,0.6,rat_movement=False
1,296,200,0.7,rat_movement=False
1,98,100,0.9,rat_movement=False
1,319,240,0.8,rat_movement=False
1,42,20,1.0,rat_movement=False
1,112,260,0.01,rat_movement=False
1,123,200,0.03,rat_movement=False
1,468,380,0.0,rat_movement=False
1,23,40,0.05,rat_movement=False
1,92,100,0.07,rat_movement=False
1,81,80,0.09,rat_movement=False
1,54,120,0.1,rat_movement=False
1,113,100,0.2,rat_movement=False
1,86,140,0.3,rat_movement=False
1,8,20,0.4,rat_movement=False
1,360,240,0.5,rat_movement=False
1,108,100,0.6,rat_movement=False
1,13,60,0.7,rat_movement=False
1,186,120,0.8,rat_movement=False
1,157,80,0.9,rat_movement=False
1,3,20,1.0,rat_movement=False
1,83,140,0.01,rat_movement=False
1,335,320,0.0,rat_movement=False
1,108,100,0.05,rat_movement=False
1,81,200,0.03,rat_movement=False
1,113,80,0.07,rat_movement=False
1,53,40,0.09,rat_movement=False
1,35,80,0.1,rat_movement=False
1,35,100,0.2,rat_movement=False
1,73,60,0.3,rat_movement=False
1,229,220,0.4,rat_movement=False
1,37,60,0.5,rat_movement=False
1,302,200,0.6,rat_movement=False
1,82,40,0.7,rat_movement=False
1,96,140,0.8,rat_movement=False
1,18,60,0.9,rat_movement=False
1,173,100,1.0,rat_movement=False
1,73,240,0.01,rat_movement=False
1,118,180,0.03,rat_movement=False
1,7,60,0.05,rat_movement=False
1,61,60,0.07,rat_movement=False
1,69,40,0.09,rat_movement=False
1,1326,1040,0.0,rat_movement=False
1,63,60,0.1,rat_movement=False
1,34,20,0.2,rat_movement=False
1,106,140,0.3,rat_movement=False
1,25,60,0.4,rat_movement=False
1,44,100,0.5,rat_movement=False
1,90,60,0.6,rat_movement=False
1,53,140,0.7,rat_movement=False
1,76,80,0.8,rat_movement=False
1,64,40,0.9,rat_movement=False
1,115,60,1.0,rat_movement=False
1,80,200,0.01,rat_movement=False
1,53,100,0.03,rat_movement=False
1,19,20,0.05,rat_movement=False
1,62,120,0.07,rat_movement=False
1,1501,1300,0.0,rat_movement=False
1,42,100,0.09,rat_movement=False
1,45,40,0.1,rat_movement=False
1,49,60,0.2,rat_movement=False
1,180,120,0.3,rat_movement=False
1,115,100,0.4,rat_movement=False
1,159,140,0.5,rat_movement=False
1,154,140,0.6,rat_movement=False
1,37,60,0.8,rat_movement=False
1,295,220,0.7,rat_movement=False
1,51,40,1.0,rat_movement=False
1,422,280,0.9,rat_movement=False
1,188,200,0.0,rat_movement=False
1,99,280,0.01,rat_movement=False
1,141,160,0.03,rat_movement=False
1,60,80,0.05,rat_movement=False
1,126,100,0.07,rat_movement=False
1,53,80,0.09,rat_movement=False
1,69,80,0.1,rat_movement=False
1,102,120,0.2,rat_movement=False
1,104,80,0.3,rat_movement=False
1,22,20,0.4,rat_movement=False
1,70,100,0.6,rat_movement=False
1,289,220,0.5,rat_movement=False
1,107,60,0.7,rat_movement=False
1,351,240,0.8,rat_movement=False
1,299,180,0.9,rat_movement=False
1,270,220,1.0,rat_movement=False
1,96,160,0.01,rat_movement=False
1,1008,720,0.0,rat_movement=False
1,96,180,0.03,rat_movement=False
1,78,120,0.05,rat_movement=False
1,65,180,0.07,rat_movement=False
1,89,120,0.09,rat_movement=False
1,60,100,0.1,rat_movement=False
1,102,120,0.2,rat_movement=False
1,52,40,0.3,rat_movement=False
1,183,160,0.4,rat_movement=False
1,17,40,0.5,rat_movement=False
1,262,220,0.6,rat_movement=False
1,75,40,0.7,rat_movement=False
1,8,20,0.9,rat_movement=False
1,77,100,0.8,rat_movement=False
1,35,20,1.0,rat_movement=False
1,40,180,0.01,rat_movement=False
1,26,120,0.03,rat_movement=False
1,50,140,0.05,rat_movement=False
1,59,140,0.07,rat_movement=False
1,1312,980,0.0,rat_movement=False
1,24,20,0.09,rat_movement=False
1,42,40,0.1,rat_movement=False
1,68,120,0.2,rat_movement=False
1,60,80,0.4,rat_movement=False
1,212,180,0.3,rat_movement=False
1,269,180,0.5,rat_movement=False
1,597,380,0.6,rat_movement=False
1,189,160,0.7,rat_movement=False
1,24,20,0.8,rat_movement=False
1,5,40,0.9,rat_movement=False
1,592,440,1.0,rat_movement=False
1,88,240,0.01,rat_movement=False
1,120,140,0.03,rat_movement=False
1,93,180,0.05,rat_movement=False
1,85,120,0.07,rat_movement=False
1,71,80,0.09,rat_movement=False
1,50,40,0.1,rat_movement=False
1,54,120,0.2,rat_movement=False
1,1515,1300,0.0,rat_movement=False
1,175,160,0.3,rat_movement=False
1,273,200,0.4,rat_movement=False
1,27,100,0.5,rat_movement=False
1,328,240,0.6,rat_movement=False
1,272,180,0.7,rat_movement=False
1,374,300,0.8,rat_movement=False
1,62,40,1.0,rat_movement=False
1,418,300,0.9,rat_movement=False
1,108,260,0.01,rat_movement=False
1,24,60,0.03,rat_movement=False
1,9,40,0.05,rat_movement=False
1,120,140,0.07,rat_movement=False
1,104,120,0.09,rat_movement=False
1,1691,1340,0.0,rat_movement=False
1,51,40,0.1,rat_movement=False
1,32,80,0.2,rat_movement=False
1,90,80,0.3,rat_movement=False
1,131,60,0.4,rat_movement=False
1,28,100,0.5,rat_movement=False
1,27,120,0.6,rat_movement=False
1,59,60,0.7,rat_movement=False
1,181,140,0.8,rat_movement=False
1,247,180,0.9,rat_movement=False
1,87,120,0.0,rat_movement=False
1,740,540,1.0,rat_movement=False
1,99,200,0.01,rat_movement=False
1,23,60,0.03,rat_movement=False
1,88,140,0.05,rat_movement=False
1,78,80,0.07,rat_movement=False
1,82,60,0.09,rat_movement=False
1,21,40,0.1,rat_movement=False
1,41,60,0.2,rat_movement=False
1,38,60,0.3,rat_movement=False
1,79,60,0.4,rat_movement=False
1,315,220,0.5,rat_movement=False
1,276,180,0.6,rat_movement=False
1,8,60,0.7,rat_movement=False
1,26,20,0.8,rat_movement=False
1,320,240,0.9,rat_movement=False
1,84,120,1.0,rat_movement=False
1,139,340,0.01,rat_movement=False
1,24,120,0.03,rat_movement=False
1,1508,1260,0.0,rat_movement=False
1,60,100,0.07,rat_movement=False
1,91,180,0.05,rat_movement=False
1,31,60,0.09,rat_movement=False
1,36,80,0.1,rat_movement=False
1,66,40,0.2,rat_movement=False
1,64,40,0.3,rat_movement=False
1,52,60,0.4,rat_movement=False
1,115,60,0.5,rat_movement=False
1,116,60,0.6,rat_movement=False
1,225,160,0.7,rat_movement=False
1,272,180,0.8,rat_movement=False
1,291,180,0.9,rat_movement=False
1,197,100,1.0,rat_movement=False
1,193,140,0.0,rat_movement=False
1,193,300,0.01,rat_movement=False
1,80,120,0.03,rat_movement=False
1,80,100,0.05,rat_movement=False
1,87,120,0.07,rat_movement=False
1,105,160,0.09,rat_movement=False
1,70,100,0.1,rat_movement=False
1,30,40,0.2,rat_movement=False
1,294,200,0.3,rat_movement=False
1,77,120,0.4,rat_movement=False
1,339,280,0.5,rat_movement=False
1,309,200,0.6,rat_movement=False
1,427,300,0.7,rat_movement=False
1,344,200,0.8,rat_movement=False
1,160,140,0.9,rat_movement=False
1,450,340,1.0,rat_movement=False
1,14,20,0.0,rat_movement=False
1,139,300,0.01,rat_movement=False
1,147,160,0.03,rat_movement=False
1,86,100,0.05,rat_movement=False
1,44,100,0.07,rat_movement=False
1,71,100,0.09,rat_movement=False
1,68,40,0.1,rat_movement=False
1,59,60,0.2,rat_movement=False
1,131,60,0.3,rat_movement=False
1,282,160,0.4,rat_movement=False
1,304,200,0.5,rat_movement=False
1,280,200,0.6,rat_movement=False
1,11,40,0.8,rat_movement=False
1,90,100,0.7,rat_movement=False
1,233,180,0.9,rat_movement=False
1,300,200,1.0,rat_movement=False
1,251,200,0.0,rat_movement=False
1,97,120,0.01,rat_movement=False
1,153,260,0.03,rat_movement=False
1,64,120,0.05,rat_movement=False
1,41,60,0.07,rat_movement=False
1,31,100,0.09,rat_movement=False
1,91,140,0.1,rat_movement=False
1,143,120,0.2,rat_movement=False
1,243,140,0.3,rat_movement=False
1,70,60,0.4,rat_movement=False
1,261,200,0.5,rat_movement=False
1,356,200,0.6,rat_movement=False
1,237,200,0.8,rat_movement=False
1,451,280,0.7,rat_movement=False
1,161,100,1.0,rat_movement=False
1,737,500,0.9,rat_movement=False
1,106,80,0.01,rat_movement=False
1,597,540,0.0,rat_movement=False
1,124,140,0.03,rat_movement=False
1,48,100,0.05,rat_movement=False
1,71,60,0.07,rat_movement=False
1,118,100,0.09,rat_movement=False
1,107,140,0.1,rat_movement=False
1,76,100,0.2,rat_movement=False
1,168,140,0.3,rat_movement=False
1,166,140,0.4,rat_movement=False
1,400,240,0.5,rat_movement=False
1,14,60,0.6,rat_movement=False
1,28,80,0.7,rat_movement=False
1,19,80,0.8,rat_movement=False
1,10,20,0.9,rat_movement=False
1,168,140,1.0,rat_movement=False
1,114,120,0.0,rat_movement=False
1,106,160,0.01,rat_movement=False
1,92,160,0.03,rat_movement=False
1,43,60,0.07,rat_movement=False
1,34,40,0.09,rat_movement=False
1,145,160,0.05,rat_movement=False
1,8,20,0.1,rat_movement=False
1,40,100,0.2,rat_movement=False
1,18,20,0.4,rat_movement=False
1,212,220,0.3,rat_movement=False
1,109,100,0.5,rat_movement=False
1,350,240,0.6,rat_movement=False
1,136,80,0.8,rat_movement=False
1,5,40,0.9,rat_movement=False
1,218,120,0.7,rat_movement=False
1,23,20,1.0,rat_movement=False
1,463,340,0.0,rat_movement=False
1,174,240,0.01,rat_movement=False
1,37,160,0.03,rat_movement=False
1,80,140,0.05,rat_movement=False
1,25,100,0.07,rat_movement=False
1,37,100,0.09,rat_movement=False
1,109,140,0.1,rat_movement=False
1,114,60,0.2,rat_movement=False
1,226,160,0.3,rat_movement=False
1,5,40,0.4,rat_movement=False
1,30,80,0.5,rat_movement=False
1,43,40,0.6,rat_movement=False
1,328,260,0.8,rat_movement=False
1,658,480,0.7,rat_movement=False
1,13,20,0.9,rat_movement=False
1,14,20,0.0,rat_movement=False
1,85,300,0.01,rat_movement=False
1,144,140,0.03,rat_movement=False
1,1104,860,1.0,rat_movement=False
1,52,80,0.05,rat_movement=False
1,130,180,0.07,rat_movement=False
1,76,120,0.09,rat_movement=False
1,25,60,0.1,rat_movement=False
1,137,60,0.2,rat_movement=False
1,171,140,0.3,rat_movement=False
1,188,140,0.4,rat_movement=False
1,49,80,0.5,rat_movement=False
1,12,20,0.9,rat_movement=False
1,358,260,0.6,rat_movement=False
1,197,140,0.7,rat_movement=False
1,265,160,0.8,rat_movement=False
1,241,200,1.0,rat_movement=False
1,176,160,0.0,rat_movement=False
1,83,180,0.01,rat_movement=False
1,81,120,0.03,rat_movement=False
1,67,180,0.05,rat_movement=False
1,8,20,0.07,rat_movement=False
1,23,60,0.09,rat_movement=False
1,101,180,0.1,rat_movement=False
1,16,60,0.2,rat_movement=False
1,129,100,0.3,rat_movement=False
1,73,100,0.4,rat_movement=False
1,27,80,0.5,rat_movement=False
1,19,60,0.6,rat_movement=False
1,654,440,0.7,rat_movement=False
1,12,40,0.9,rat_movement=False
1,267,240,0.8,rat_movement=False
1,218,140,1.0,rat_movement=False
1,29,20,0.01,rat_movement=False
1,17,20,0.03,rat_movement=False
1,99,120,0.05,rat_movement=False
1,39,60,0.07,rat_movement=False
1,111,120,0.09,rat_movement=False
1,181,160,0.1,rat_movement=False
1,139,180,0.2,rat_movement=False
1,87,120,0.3,rat_movement=False
1,298,220,0.4,rat_movement=False
1,2390,1920,0.0,rat_movement=False
1,87,80,0.6,rat_movement=False
1,383,240,0.5,rat_movement=False
1,36,40,0.9,rat_movement=False
1,406,280,0.7,rat_movement=False
1,371,280,1.0,rat_movement=False
1,642,460,0.8,rat_movement=False
1,84,180,0.01,rat_movement=False
1,402,340,0.0,rat_movement=False
1,14,40,0.05,rat_movement=False
1,85,60,0.03,rat_movement=False
1,69,80,0.07,rat_movement=False
1,87,180,0.09,rat_movement=False
1,93,80,0.1,rat_movement=False
1,202,140,0.2,rat_movement=False
1,28,40,0.3,rat_movement=False
1,83,100,0.4,rat_movement=False
1,21,80,0.5,rat_movement=False
1,11,20,0.6,rat_movement=False
1,202,120,0.7,rat_movement=False
1,17,40,0.8,rat_movement=False
1,198,120,0.9,rat_movement=False
1,167,120,1.0,rat_movement=False
1,129,220,0.01,rat_movement=False
1,57,60,0.03,rat_movement=False
1,45,20,0.07,rat_movement=False
1,126,220,0.05,rat_movement=False
1,129,120,0.09,rat_movement=False
1,28,80,0.1,rat_movement=False
1,36,80,0.2,rat_movement=False
1,68,100,0.3,rat_movement=False
1,111,60,0.4,rat_movement=False
1,58,60,0.5,rat_movement=False
1,44,40,0.6,rat_movement=False
1,271,200,0.7,rat_movement=False
1,140,100,0.8,rat_movement=False
1,143,140,0.0,rat_movement=False
1,564,380,0.9,rat_movement=False
1,378,280,1.0,rat_movement=False
1,123,220,0.01,rat_movement=False
1,2820,2200,0.0,rat_movement=False
1,56,140,0.03,rat_movement=False
1,51,60,0.05,rat_movement=False
1,26,60,0.07,rat_movement=False
1,37,20,0.09,rat_movement=False
1,37,60,0.2,rat_movement=False
1,109,180,0.1,rat_movement=False
1,104,120,0.3,rat_movement=False
1,177,100,0.4,rat_movement=False
1,313,240,0.5,rat_movement=False
1,190,100,0.7,rat_movement=False
1,42,20,0.8,rat_movement=False
1,329,240,0.6,rat_movement=False
1,18,20,0.9,rat_movement=False
1,60,60,0.0,rat_movement=False
1,86,140,0.01,rat_movement=False
1,59,120,0.03,rat_movement=False
1,28,80,0.07,rat_movement=False
1,424,340,1.0,rat_movement=False
1,106,180,0.05,rat_movement=False
1,89,120,0.09,rat_movement=False
1,85,100,0.1,rat_movement=False
1,70,120,0.2,rat_movement=False
1,62,100,0.3,rat_movement=False
1,118,60,0.4,rat_movement=False
1,337,240,0.5,rat_movement=False
1,87,60,0.6,rat_movement=False
1,23,20,0.8,rat_movement=False
1,571,360,0.7,rat_movement=False
1,329,240,0.9,rat_movement=False
1,436,260,1.0,rat_movement=False
1,31,100,0.01,rat_movement=False
1,64,60,0.03,rat_movement=False
1,105,180,0.05,rat_movement=False
1,56,80,0.07,rat_movement=False
1,93,80,0.09,rat_movement=False
1,1359,1100,0.0,rat_movement=False
1,44,60,0.1,rat_movement=False
1,143,160,0.2,rat_movement=False
1,113,100,0.4,rat_movement=False
1,283,200,0.3,rat_movement=False
1,170,180,0.5,rat_movement=False
1,254,140,0.6,rat_movement=False
1,380,280,0.7,rat_movement=False
1,190,180,0.8,rat_movement=False
1,452,300,0.9,rat_movement=False
1,85,80,0.01,rat_movement=False
1,558,420,1.0,rat_movement=False
1,171,180,0.0,rat_movement=False
1,71,100,0.03,rat_movement=False
1,47,40,0.05,rat_movement=False
1,116,160,0.07,rat_movement=False
1,65,80,0.09,rat_movement=False
1,57,80,0.1,rat_movement=False
1,100,60,0.2,rat_movement=False
1,42,60,0.3,rat_movement=False
1,34,20,0.4,rat_movement=False
1,201,220,0.5,rat_movement=False
1,128,100,0.6,rat_movement=False
1,292,220,0.7,rat_movement=False
1,151,80,0.8,rat_movement=False
1,128,100,0.9,rat_movement=False
1,748,460,1.0,rat_movement=False
1,639,500,0.0,rat_movement=False
1,64,60,0.01,rat_movement=False
1,122,120,0.03,rat_movement=False
1,90,180,0.05,rat_movement=False
1,47,60,0.07,rat_movement=False
1,26,40,0.09,rat_movement=False
1,87,100,0.1,rat_movement=False
1,123,120,0.2,rat_movement=False
1,23,40,0.3,rat_movement=False
1,141,120,0.4,rat_movement=False
1,76,60,0.6,rat_movement=False
1,158,80,0.5,rat_movement=False
1,165,120,0.7,rat_movement=False
1,105,120,0.8,rat_movement=False
1,223,140,0.9,rat_movement=False
1,53,60,1.0,rat_movement=False
1,94,80,0.0,rat_movement=False
1,80,40,0.01,rat_movement=False
1,92,120,0.03,rat_movement=False
1,52,100,0.05,rat_movement=False
1,55,80,0.07,rat_movement=False
1,85,80,0.09,rat_movement=False
1,64,100,0.1,rat_movement=False
1,54,40,0.2,rat_movement=False
1,29,60,0.3,rat_movement=False
1,17,80,0.4,rat_movement=False
1,25,60,0.5,rat_movement=False
1,345,240,0.6,rat_movement=False
1,128,80,0.7,rat_movement=False
1,126,80,0.8,rat_movement=False
1,78,40,0.9,rat_movement=False
1,125,60,1.0,rat_movement=False
1,170,360,0.01,rat_movement=False
1,890,740,0.0,rat_movement=False
1,93,140,0.03,rat_movement=False
1,25,80,0.05,rat_movement=False
1,51,40,0.07,rat_movement=False
1,47,120,0.09,rat_movement=False
1,85,120,0.1,rat_movement=False
1,25,60,0.2,rat_movement=False
1,238,180,0.3,rat_movement=False
1,22,20,0.4,rat_movement=False
1,8,40,0.6,rat_movement=False
1,344,300,0.5,rat_movement=False
1,195,140,0.8,rat_movement=False
1,329,220,0.7,rat_movement=False
1,243,140,0.9,rat_movement=False
1,403,280,1.0,rat_movement=False
1,4,20,0.0,rat_movement=False
1,27,140,0.01,rat_movement=False
1,102,160,0.03,rat_movement=False
1,115,180,0.05,rat_movement=False
1,23,40,0.09,rat_movement=False
1,89,140,0.07,rat_movement=False
1,83,120,0.1,rat_movement=False
1,87,80,0.2,rat_movement=False
1,8,20,0.4,rat_movement=False
1,96,60,0.3,rat_movement=False
1,45,20,0.5,rat_movement=False
1,5,40,0.6,rat_movement=False
1,154,100,0.7,rat_movement=False
1,28,80,0.8,rat_movement=False
1,219,140,0.9,rat_movement=False
1,233,240,0.0,rat_movement=False
1,495,380,1.0,rat_movement=False
1,61,220,0.01,rat_movement=False
1,48,40,0.03,rat_movement=False
1,56,120,0.05,rat_movement=False
1,111,200,0.07,rat_movement=False
1,70,80,0.09,rat_movement=False
1,53,80,0.1,rat_movement=False
1,111,140,0.2,rat_movement=False
1,91,60,0.3,rat_movement=False
1,194,120,0.4,rat_movement=False
1,340,240,0.5,rat_movement=False
1,52,40,0.7,rat_movement=False
1,287,220,0.6,rat_movement=False
1,145,80,0.8,rat_movement=False
1,17,20,0.9,rat_movement=False
1,447,280,1.0,rat_movement=False
1,100,180,0.01,rat_movement=False
1,769,580,0.0,rat_movement=False
1,46,60,0.03,rat_movement=False
1,87,160,0.05,rat_movement=False
1,3,20,0.07,rat_movement=False
1,38,80,0.1,rat_movement=False
1,80,200,0.09,rat_movement=False
1,51,60,0.2,rat_movement=False
1,212,140,0.3,rat_movement=False
1,213,140,0.4,rat_movement=False
1,135,60,0.5,rat_movement=False
1,465,300,0.6,rat_movement=False
1,389,280,0.7,rat_movement=False
1,420,300,0.8,rat_movement=False
1,92,100,0.9,rat_movement=False
1,463,360,1.0,rat_movement=False
1,53,40,0.0,rat_movement=False
1,68,40,0.01,rat_movement=False
1,62,140,0.03,rat_movement=False
1,96,100,0.05,rat_movement=False
1,69,120,0.07,rat_movement=False
1,8,60,0.09,rat_movement=False
1,99,60,0.1,rat_movement=False
1,45,80,0.2,rat_movement=False
1,55,80,0.3,rat_movement=False
1,232,180,0.4,rat_movement=False
1,355,200,0.5,rat_movement=False
1,230,160,0.6,rat_movement=False
1,141,120,0.8,rat_movement=False
1,350,240,0.7,rat_movement=False
1,80,40,1.0,rat_movement=False
1,494,340,0.9,rat_movement=False
1,162,400,0.01,rat_movement=False
1,42,20,0.03,rat_movement=False
1,17,80,0.05,rat_movement=False
1,2,20,0.09,rat_movement=False
1,51,120,0.07,rat_movement=False
1,32,20,0.2,rat_movement=False
1,94,140,0.1,rat_movement=False
1,49,80,0.3,rat_movement=False
1,179,100,0.4,rat_movement=False
1,200,120,0.5,rat_movement=False
1,220,160,0.6,rat_movement=False
1,2053,1480,0.0,rat_movement=False
1,172,140,0.8,rat_movement=False
1,415,300,0.7,rat_movement=False
1,24,60,0.9,rat_movement=False
1,91,100,1.0,rat_movement=False
1,804,700,0.0,rat_movement=False
1,31,200,0.01,rat_movement=False
1,124,160,0.03,rat_movement=False
1,83,80,0.05,rat_movement=False
1,139,140,0.07,rat_movement=False
1,92,120,0.09,rat_movement=False
1,89,100,0.1,rat_movement=False
1,62,40,0.2,rat_movement=False
1,65,100,0.3,rat_movement=False
1,18,60,0.4,rat_movement=False
1,201,160,0.5,rat_movement=False
1,64,40,0.7,rat_movement=False
1,391,240,0.6,rat_movement=False
1,186,120,0.8,rat_movement=False
1,67,40,0.9,rat_movement=False
1,23,20,1.0,rat_movement=False
1,150,320,0.01,rat_movement=False
1,98,180,0.03,rat_movement=False
1,74,120,0.05,rat_movement=False
1,24,20,0.07,rat_movement=False
1,78,80,0.09,rat_movement=False
1,43,20,0.1,rat_movement=False
1,8,20,0.2,rat_movement=False
1,100,80,0.3,rat_movement=False
1,15,20,0.4,rat_movement=False
1,1962,1540,0.0,rat_movement=False
1,31,20,0.5,rat_movement=False
1,81,40,0.6,rat_movement=False
1,180,160,0.7,rat_movement=False
1,250,160,0.8,rat_movement=False
1,197,160,0.9,rat_movement=False
1,123,60,1.0,rat_movement=False
1,142,280,0.01,rat_movement=False
1,15,100,0.03,rat_movement=False
1,68,80,0.05,rat_movement=False
1,124,140,0.07,rat_movement=False
1,92,100,0.09,rat_movement=False
1,55,40,0.1,rat_movement=False
1,48,80,0.3,rat_movement=False
1,225,200,0.2,rat_movement=False
1,155,100,0.4,rat_movement=False
1,3908,2980,0.0,rat_movement=False
1,269,240,0.5,rat_movement=False
1,106,60,0.6,rat_movement=False
1,79,40,0.7,rat_movement=False
1,59,40,0.8,rat_movement=False
1,294,180,1.0,rat_movement=False
1,607,420,0.9,rat_movement=False
1,185,380,0.01,rat_movement=False
1,43,40,0.03,rat_movement=False
1,107,160,0.05,rat_movement=False
1,99,160,0.07,rat_movement=False
1,87,100,0.09,rat_movement=False
1,1533,1320,0.0,rat_movement=False
1,71,40,0.1,rat_movement=False
1,103,140,0.2,rat_movement=False
1,38,20,0.3,rat_movement=False
1,228,160,0.4,rat_movement=False
1,14,20,0.5,rat_movement=False
1,339,220,0.6,rat_movement=False
1,385,240,0.7,rat_movement=False
1,269,180,0.8,rat_movement=False
1,380,280,0.9,rat_movement=False
1,120,60,1.0,rat_movement=False
1,19,40,0.01,rat_movement=False
1,104,180,0.03,rat_movement=False
1,80,100,0.05,rat_movement=False
1,84,120,0.07,rat_movement=False
1,20,80,0.09,rat_movement=False
1,1487,1240,0.0,rat_movement=False
1,73,80,0.1,rat_movement=False
1,65,120,0.2,rat_movement=False
1,178,140,0.3,rat_movement=False
1,301,220,0.4,rat_movement=False
1,7,20,0.5,rat_movement=False
1,19,20,0.6,rat_movement=False
1,304,180,0.7,rat_movement=False
1,34,100,0.8,rat_movement=False
1,450,320,0.9,rat_movement=False
1,258,180,1.0,rat_movement=False
1,68,80,0.01,rat_movement=False
1,64,120,0.03,rat_movement=False
1,944,760,0.0,rat_movement=False
1,23,40,0.05,rat_movement=False
1,26,40,0.09,rat_movement=False
1,79,120,0.07,rat_movement=False
1,81,180,0.1,rat_movement=False
1,109,120,0.2,rat_movement=False
1,5,20,0.3,rat_movement=False
1,84,100,0.4,rat_movement=False
1,41,80,0.5,rat_movement=False
1,132,80,0.6,rat_movement=False
1,218,160,0.7,rat_movement=False
1,310,200,0.8,rat_movement=False
1,721,480,0.9,rat_movement=False
1,49,60,1.0,rat_movement=False
1,25,60,0.01,rat_movement=False
1,65,120,0.03,rat_movement=False
1,105,120,0.05,rat_movement=False
1,88,120,0.07,rat_movement=False
1,114,100,0.09,rat_movement=False
1,109,140,0.1,rat_movement=False
1,198,140,0.2,rat_movement=False
1,184,140,0.3,rat_movement=False
1,61,80,0.5,rat_movement=False
1,249,140,0.4,rat_movement=False
1,8,20,0.6,rat_movement=False
1,136,80,0.8,rat_movement=False
1,387,300,0.7,rat_movement=False
1,16,40,1.0,rat_movement=False
1,289,200,0.9,rat_movement=False
1,3074,2400,0.0,rat_movement=False
1,73,80,0.01,rat_movement=False
1,77,140,0.03,rat_movement=False
1,70,80,0.05,rat_movement=False
1,23,20,0.07,rat_movement=False
1,108,160,0.09,rat_movement=False
1,43,80,0.1,rat_movement=False
1,103,100,0.2,rat_movement=False
1,175,120,0.3,rat_movement=False
1,127,140,0.4,rat_movement=False
1,82,60,0.5,rat_movement=False
1,407,300,0.6,rat_movement=False
1,347,260,0.7,rat_movement=False
1,53,40,0.8,rat_movement=False
1,310,200,0.9,rat_movement=False
1,3872,3040,0.0,rat_movement=False
1,678,520,1.0,rat_movement=False
1,76,120,0.01,rat_movement=False
1,91,120,0.03,rat_movement=False
1,840,740,0.0,rat_movement=False
1,20,100,0.05,rat_movement=False
1,35,80,0.07,rat_movement=False
1,60,100,0.09,rat_movement=False
1,93,140,0.1,rat_movement=False
1,38,60,0.2,rat_movement=False
1,191,140,0.3,rat_movement=False
1,102,80,0.5,rat_movement=False
1,291,220,0.4,rat_movement=False
1,220,200,0.6,rat_movement=False
1,60,40,0.7,rat_movement=False
1,185,160,0.8,rat_movement=False
1,457,380,0.9,rat_movement=False
1,334,240,1.0,rat_movement=False
1,303,280,0.0,rat_movement=False
1,91,120,0.03,rat_movement=False
1,195,400,0.01,rat_movement=False
1,3,20,0.05,rat_movement=False
1,41,60,0.07,rat_movement=False
1,29,80,0.09,rat_movement=False
1,2,20,0.1,rat_movement=False
1,42,40,0.2,rat_movement=False
1,32,80,0.3,rat_movement=False
1,166,120,0.4,rat_movement=False
1,30,20,0.5,rat_movement=False
1,175,120,0.6,rat_movement=False
1,88,100,0.7,rat_movement=False
1,391,260,0.8,rat_movement=False
1,184,100,0.9,rat_movement=False
1,20,60,1.0,rat_movement=False
1,320,220,0.0,rat_movement=False
1,165,180,0.01,rat_movement=False
1,35,40,0.05,rat_movement=False
1,96,140,0.03,rat_movement=False
1,102,100,0.07,rat_movement=False
1,69,120,0.09,rat_movement=False
1,70,140,0.1,rat_movement=False
1,127,140,0.2,rat_movement=False
1,103,60,0.3,rat_movement=False
1,145,120,0.4,rat_movement=False
1,245,180,0.5,rat_movement=False
1,5,20,0.6,rat_movement=False
1,21,20,0.7,rat_movement=False
1,378,280,0.8,rat_movement=False
1,114,60,0.9,rat_movement=False
1,179,160,1.0,rat_movement=False
1,177,180,0.0,rat_movement=False
1,26,20,0.03,rat_movement=False
1,169,220,0.01,rat_movement=False
1,50,80,0.05,rat_movement=False
1,36,40,0.07,rat_movement=False
1,80,140,0.09,rat_movement=False
1,91,100,0.1,rat_movement=False
1,39,100,0.2,rat_movement=False
1,35,100,0.3,rat_movement=False
1,188,160,0.4,rat_movement=False
1,234,200,0.5,rat_movement=False
1,271,180,0.6,rat_movement=False
1,8,20,0.7,rat_movement=False
1,128,80,0.8,rat_movement=False
1,67,40,1.0,rat_movement=False
1,297,220,0.9,rat_movement=False
1,15,40,0.03,rat_movement=False
1,194,420,0.01,rat_movement=False
1,58,60,0.05,rat_movement=False
1,101,120,0.07,rat_movement=False
1,30,100,0.09,rat_movement=False
1,37,80,0.1,rat_movement=False
1,62,80,0.2,rat_movement=False
1,161,100,0.3,rat_movement=False
1,303,200,0.4,rat_movement=False
1,33,20,0.5,rat_movement=False
1,2010,1580,0.0,rat_movement=False
1,207,140,0.6,rat_movement=False
1,457,320,0.7,rat_movement=False
1,453,280,0.8,rat_movement=False
1,321,200,0.9,rat_movement=False
1,367,260,1.0,rat_movement=False
1,155,220,0.01,rat_movement=False
1,1017,840,0.0,rat_movement=False
1,53,100,0.05,rat_movement=False
1,97,160,0.03,rat_movement=False
1,124,160,0.07,rat_movement=False
1,61,80,0.09,rat_movement=False
1,55,60,0.1,rat_movement=False
1,24,100,0.2,rat_movement=False
1,197,140,0.3,rat_movement=False
1,49,40,0.4,rat_movement=False
1,262,180,0.5,rat_movement=False
1,355,200,0.6,rat_movement=False
1,107,60,0.7,rat_movement=False
1,8,20,0.9,rat_movement=False
1,205,120,0.8,rat_movement=False
1,323,180,1.0,rat_movement=False
1,322,280,0.0,rat_movement=False
1,223,300,0.01,rat_movement=False
1,80,120,0.03,rat_movement=False
1,79,80,0.05,rat_movement=False
1,97,120,0.07,rat_movement=False
1,18,40,0.1,rat_movement=False
1,164,180,0.09,rat_movement=False
1,113,160,0.2,rat_movement=False
1,178,120,0.3,rat_movement=False
1,337,260,0.4,rat_movement=False
1,222,180,0.5,rat_movement=False
1,22,100,0.6,rat_movement=False
1,68,40,0.7,rat_movement=False
1,200,120,0.8,rat_movement=False
1,245,160,0.9,rat_movement=False
1,884,660,1.0,rat_movement=False
1,817,620,0.0,rat_movement=False
1,142,340,0.01,rat_movement=False
1,63,200,0.03,rat_movement=False
1,113,100,0.05,rat_movement=False
1,104,80,0.07,rat_movement=False
1,93,140,0.09,rat_movement=False
1,44,60,0.1,rat_movement=False
1,31,20,0.2,rat_movement=False
1,32,60,0.3,rat_movement=False
1,41,20,0.4,rat_movement=False
1,13,60,0.6,rat_movement=False
1,393,240,0.5,rat_movement=False
1,205,140,0.7,rat_movement=False
1,329,220,0.9,rat_movement=False
1,398,280,1.0,rat_movement=False
1,579,400,0.8,rat_movement=False
1,175,460,0.01,rat_movement=False
1,102,160,0.03,rat_movement=False
1,671,520,0.0,rat_movement=False
1,111,100,0.05,rat_movement=False
1,27,60,0.07,rat_movement=False
1,51,40,0.09,rat_movement=False
1,56,120,0.1,rat_movement=False
1,110,120,0.2,rat_movement=False
1,235,160,0.3,rat_movement=False
1,56,100,0.5,rat_movement=False
1,258,220,0.4,rat_movement=False
1,359,200,0.6,rat_movement=False
1,183,140,0.8,rat_movement=False
1,279,180,0.7,rat_movement=False
1,15,20,0.9,rat_movement=False
1,315,260,1.0,rat_movement=False
1,37,40,0.0,rat_movement=False
1,73,240,0.01,rat_movement=False
1,78,60,0.03,rat_movement=False
1,59,80,0.05,rat_movement=False
1,20,60,0.07,rat_movement=False
1,105,120,0.09,rat_movement=False
1,57,80,0.1,rat_movement=False
1,34,40,0.2,rat_movement=False
1,156,120,0.3,rat_movement=False
1,21,20,0.4,rat_movement=False
1,37,20,0.5,rat_movement=False
1,375,260,0.6,rat_movement=False
1,156,80,0.7,rat_movement=False
1,30,20,0.8,rat_movement=False
1,166,80,0.9,rat_movement=False
1,57,40,1.0,rat_movement=False
1,140,120,0.0,rat_movement=False
1,72,100,0.03,rat_movement=False
1,152,220,0.01,rat_movement=False
1,72,80,0.05,rat_movement=False
1,80,120,0.07,rat_movement=False
1,61,120,0.09,rat_movement=False
1,50,80,0.1,rat_movement=False
1,34,20,0.2,rat_movement=False
1,32,60,0.3,rat_movement=False
1,26,20,0.4,rat_movement=False
1,308,180,0.5,rat_movement=False
1,56,40,0.7,rat_movement=False
1,430,280,0.6,rat_movement=False
1,110,60,0.9,rat_movement=False
1,442,280,0.8,rat_movement=False
1,456,300,1.0,rat_movement=False
1,45,100,0.03,rat_movement=False
1,135,340,0.01,rat_movement=False
1,133,140,0.05,rat_movement=False
1,72,80,0.07,rat_movement=False
1,46,80,0.09,rat_movement=False
1,21,20,0.1,rat_movement=False
1,75,100,0.2,rat_movement=False
1,22,60,0.3,rat_movement=False
1,54,80,0.5,rat_movement=False
1,311,240,0.4,rat_movement=False
1,56,40,0.6,rat_movement=False
1,2016,1540,0.0,rat_movement=False
1,169,80,0.9,rat_movement=False
1,207,180,0.8,rat_movement=False
1,614,480,0.7,rat_movement=False
1,15,20,0.0,rat_movement=False
1,110,100,0.01,rat_movement=False
1,561,380,1.0,rat_movement=False
1,58,140,0.03,rat_movement=False
1,58,120,0.05,rat_movement=False
1,55,60,0.07,rat_movement=False
1,13,60,0.1,rat_movement=False
1,73,120,0.09,rat_movement=False
1,2,20,0.2,rat_movement=False
1,29,20,0.3,rat_movement=False
1,191,140,0.4,rat_movement=False
1,68,100,0.5,rat_movement=False
1,71,40,0.7,rat_movement=False
1,72,40,0.8,rat_movement=False
1,570,360,0.6,rat_movement=False
1,20,20,0.9,rat_movement=False
1,356,300,1.0,rat_movement=False
1,23,20,0.0,rat_movement=False
1,62,160,0.01,rat_movement=False
1,135,180,0.03,rat_movement=False
1,47,80,0.05,rat_movement=False
1,78,60,0.07,rat_movement=False
1,47,60,0.09,rat_movement=False
1,39,80,0.1,rat_movement=False
1,48,120,0.2,rat_movement=False
1,90,180,0.3,rat_movement=False
1,296,180,0.4,rat_movement=False
1,37,80,0.6,rat_movement=False
1,97,60,0.7,rat_movement=False
1,344,240,0.5,rat_movement=False
1,104,60,0.8,rat_movement=False
1,230,140,0.9,rat_movement=False
1,575,400,1.0,rat_movement=False
1,135,80,0.01,rat_movement=False
1,654,520,0.0,rat_movement=False
1,83,80,0.03,rat_movement=False
1,36,40,0.05,rat_movement=False
1,39,80,0.07,rat_movement=False
1,20,80,0.09,rat_movement=False
1,76,80,0.1,rat_movement=False
1,129,160,0.2,rat_movement=False
1,89,80,0.3,rat_movement=False
1,15,40,0.4,rat_movement=False
1,232,120,0.5,rat_movement=False
1,351,200,0.6,rat_movement=False
1,390,280,0.7,rat_movement=False
1,359,240,0.8,rat_movement=False
1,315,240,0.9,rat_movement=False
1,279,200,1.0,rat_movement=False
1,197,180,0.0,rat_movement=False
1,113,140,0.01,rat_movement=False
1,36,60,0.03,rat_movement=False
1,82,120,0.05,rat_movement=False
1,71,120,0.07,rat_movement=False
1,73,80,0.09,rat_movement=False
1,116,100,0.1,rat_movement=False
1,105,120,0.2,rat_movement=False
1,8,60,0.3,rat_movement=False
1,153,140,0.4,rat_movement=False
1,202,100,0.5,rat_movement=False
1,184,140,0.6,rat_movement=False
1,195,100,0.7,rat_movement=False
1,248,140,0.8,rat_movement=False
1,454,340,1.0,rat_movement=False
1,601,440,0.9,rat_movement=False
1,153,160,0.0,rat_movement=False
1,117,260,0.01,rat_movement=False
1,93,200,0.03,rat_movement=False
1,108,200,0.05,rat_movement=False
1,64,60,0.07,rat_movement=False
1,67,120,0.09,rat_movement=False
1,70,120,0.1,rat_movement=False
1,163,200,0.2,rat_movement=False
1,125,100,0.3,rat_movement=False
1,458,320,0.4,rat_movement=False
1,270,220,0.5,rat_movement=False
1,274,200,0.6,rat_movement=False
1,415,320,0.7,rat_movement=False
1,5,40,0.8,rat_movement=False
1,19,60,1.0,rat_movement=False
1,39,40,0.0,rat_movement=False
1,469,340,0.9,rat_movement=False
1,122,220,0.01,rat_movement=False
1,96,100,0.03,rat_movement=False
1,67,160,0.05,rat_movement=False
1,84,140,0.07,rat_movement=False
1,59,80,0.09,rat_movement=False
1,45,60,0.1,rat_movement=False
1,55,80,0.2,rat_movement=False
1,84,80,0.3,rat_movement=False
1,230,140,0.4,rat_movement=False
1,20,20,0.5,rat_movement=False
1,184,100,0.6,rat_movement=False
1,16,20,0.7,rat_movement=False
1,497,320,0.8,rat_movement=False
1,723,500,0.9,rat_movement=False
1,933,660,1.0,rat_movement=False
1,114,180,0.01,rat_movement=False
1,51,100,0.05,rat_movement=False
1,141,280,0.03,rat_movement=False
1,96,120,0.07,rat_movement=False
1,765,700,0.0,rat_movement=False
1,46,80,0.09,rat_movement=False
1,141,180,0.1,rat_movement=False
1,115,160,0.2,rat_movement=False
1,174,140,0.3,rat_movement=False
1,93,60,0.4,rat_movement=False
1,293,200,0.5,rat_movement=False
1,375,240,0.6,rat_movement=False
1,316,260,0.7,rat_movement=False
1,310,180,0.8,rat_movement=False
1,141,80,0.9,rat_movement=False
1,42,40,0.0,rat_movement=False
1,65,200,0.01,rat_movement=False
1,59,80,0.03,rat_movement=False
1,23,140,0.05,rat_movement=False
1,1188,840,1.0,rat_movement=False
1,61,100,0.07,rat_movement=False
1,94,180,0.09,rat_movement=False
1,151,100,0.1,rat_movement=False
1,15,40,0.2,rat_movement=False
1,44,100,0.3,rat_movement=False
1,23,40,0.4,rat_movement=False
1,75,40,0.5,rat_movement=False
1,27,20,0.6,rat_movement=False
1,16,60,0.7,rat_movement=False
1,121,80,0.8,rat_movement=False
1,180,100,0.9,rat_movement=False
1,130,100,0.0,rat_movement=False
1,538,400,1.0,rat_movement=False
1,57,180,0.01,rat_movement=False
1,99,80,0.03,rat_movement=False
1,83,100,0.05,rat_movement=False
1,37,20,0.07,rat_movement=False
1,57,140,0.09,rat_movement=False
1,44,40,0.1,rat_movement=False
1,104,100,0.2,rat_movement=False
1,62,80,0.3,rat_movement=False
1,257,200,0.4,rat_movement=False
1,12,40,0.5,rat_movement=False
1,219,160,0.6,rat_movement=False
1,253,180,0.7,rat_movement=False
1,269,140,0.9,rat_movement=False
1,467,300,0.8,rat_movement=False
1,178,120,1.0,rat_movement=False
1,97,80,0.0,rat_movement=False
1,194,480,0.01,rat_movement=False
1,38,40,0.03,rat_movement=False
1,122,180,0.05,rat_movement=False
1,26,80,0.07,rat_movement=False
1,79,100,0.09,rat_movement=False
1,65,80,0.1,rat_movement=False
1,28,60,0.3,rat_movement=False
1,155,160,0.2,rat_movement=False
1,322,220,0.4,rat_movement=False
1,197,120,0.5,rat_movement=False
1,24,80,0.6,rat_movement=False
1,232,140,0.7,rat_movement=False
1,311,240,0.8,rat_movement=False
1,181,140,0.9,rat_movement=False
1,17,20,1.0,rat_movement=False
1,95,140,0.01,rat_movement=False
1,37,40,0.03,rat_movement=False
1,834,640,0.0,rat_movement=False
1,94,120,0.05,rat_movement=False
1,80,140,0.07,rat_movement=False
1,61,100,0.09,rat_movement=False
1,68,60,0.1,rat_movement=False
1,60,60,0.2,rat_movement=False
1,51,120,0.3,rat_movement=False
1,209,140,0.4,rat_movement=False
1,373,220,0.5,rat_movement=False
1,24,40,0.6,rat_movement=False
1,89,80,0.7,rat_movement=False
1,93,80,0.8,rat_movement=False
1,193,120,0.9,rat_movement=False
1,456,300,1.0,rat_movement=False
1,341,300,0.0,rat_movement=False
1,61,140,0.01,rat_movement=False
1,103,200,0.03,rat_movement=False
1,38,40,0.05,rat_movement=False
1,83,100,0.07,rat_movement=False
1,29,40,0.09,rat_movement=False
1,30,60,0.1,rat_movement=False
1,29,40,0.2,rat_movement=False
1,269,220,0.3,rat_movement=False
1,102,60,0.4,rat_movement=False
1,281,160,0.5,rat_movement=False
1,148,100,0.6,rat_movement=False
1,400,260,0.7,rat_movement=False
1,303,260,0.8,rat_movement=False
1,93,60,0.9,rat_movement=False
1,288,160,1.0,rat_movement=False
1,445,380,0.0,rat_movement=False
1,202,220,0.01,rat_movement=False
1,55,60,0.05,rat_movement=False
1,85,100,0.03,rat_movement=False
1,28,20,0.07,rat_movement=False
1,54,80,0.09,rat_movement=False
1,97,120,0.1,rat_movement=False
1,24,80,0.2,rat_movement=False
1,19,60,0.4,rat_movement=False
1,362,240,0.3,rat_movement=False
1,157,80,0.5,rat_movement=False
1,62,60,0.6,rat_movement=False
1,83,60,0.7,rat_movement=False
1,155,120,0.9,rat_movement=False
1,322,240,0.8,rat_movement=False
1,100,60,1.0,rat_movement=False
1,37,40,0.0,rat_movement=False
1,104,100,0.01,rat_movement=False
1,47,60,0.03,rat_movement=False
1,98,220,0.05,rat_movement=False
1,59,100,0.07,rat_movement=False
1,80,120,0.09,rat_movement=False
1,80,160,0.1,rat_movement=False
1,2,20,0.2,rat_movement=False
1,98,60,0.3,rat_movement=False
1,90,80,0.4,rat_movement=False
1,299,200,0.5,rat_movement=False
1,20,80,0.6,rat_movement=False
1,105,60,0.7,rat_movement=False
1,141,80,0.8,rat_movement=False
1,88,40,0.9,rat_movement=False
1,124,60,1.0,rat_movement=False
1,235,180,0.0,rat_movement=False
1,66,80,0.03,rat_movement=False
1,170,220,0.01,rat_movement=False
1,51,40,0.05,rat_movement=False
1,40,60,0.07,rat_movement=False
1,65,80,0.09,rat_movement=False
1,83,140,0.1,rat_movement=False
1,19,40,0.2,rat_movement=False
1,61,100,0.3,rat_movement=False
1,30,80,0.4,rat_movement=False
1,79,80,0.5,rat_movement=False
1,179,120,0.6,rat_movement=False
1,14,60,0.7,rat_movement=False
1,101,60,0.8,rat_movement=False
1,388,240,0.9,rat_movement=False
1,20,60,1.0,rat_movement=False
1,73,240,0.01,rat_movement=False
1,25,20,0.03,rat_movement=False
1,22,60,0.05,rat_movement=False
1,11,40,0.07,rat_movement=False
1,47,60,0.09,rat_movement=False
1,102,140,0.1,rat_movement=False
1,1562,1320,0.0,rat_movement=False
1,62,60,0.2,rat_movement=False
1,63,40,0.3,rat_movement=False
1,97,80,0.4,rat_movement=False
1,101,120,0.6,rat_movement=False
1,541,360,0.5,rat_movement=False
1,345,220,0.7,rat_movement=False
1,118,60,0.8,rat_movement=False
1,67,80,0.9,rat_movement=False
1,175,140,1.0,rat_movement=False
1,129,180,0.01,rat_movement=False
1,87,160,0.03,rat_movement=False
1,113,80,0.05,rat_movement=False
1,46,100,0.07,rat_movement=False
1,30,60,0.09,rat_movement=False
1,55,40,0.1,rat_movement=False
1,78,100,0.2,rat_movement=False
1,62,60,0.3,rat_movement=False
1,238,160,0.4,rat_movement=False
1,238,180,0.5,rat_movement=False
1,201,100,0.6,rat_movement=False
1,293,200,0.7,rat_movement=False
1,2796,2220,0.0,rat_movement=False
1,52,40,0.9,rat_movement=False
1,18,20,1.0,rat_movement=False
1,795,620,0.8,rat_movement=False
1,162,200,0.01,rat_movement=False
1,12,100,0.03,rat_movement=False
1,72,80,0.05,rat_movement=False
1,63,100,0.07,rat_movement=False
1,50,80,0.09,rat_movement=False
1,2153,1660,0.0,rat_movement=False
1,25,80,0.1,rat_movement=False
1,108,100,0.2,rat_movement=False
1,53,140,0.3,rat_movement=False
1,98,100,0.4,rat_movement=False
1,12,20,0.5,rat_movement=False
1,35,20,0.6,rat_movement=False
1,16,40,0.7,rat_movement=False
1,351,240,0.8,rat_movement=False
1,38,80,1.0,rat_movement=False
1,359,280,0.9,rat_movement=False
1,235,220,0.0,rat_movement=False
1,121,220,0.01,rat_movement=False
1,66,120,0.03,rat_movement=False
1,61,120,0.05,rat_movement=False
1,101,160,0.07,rat_movement=False
1,79,120,0.09,rat_movement=False
1,69,100,0.1,rat_movement=False
1,13,20,0.2,rat_movement=False
1,65,80,0.4,rat_movement=False
1,98,120,0.3,rat_movement=False
1,98,80,0.6,rat_movement=False
1,154,80,0.5,rat_movement=False
1,524,380,0.7,rat_movement=False
1,336,200,0.8,rat_movement=False
1,119,60,0.9,rat_movement=False
1,65,40,1.0,rat_movement=False
1,5,20,0.0,rat_movement=False
1,97,180,0.01,rat_movement=False
1,64,140,0.03,rat_movement=False
1,76,80,0.05,rat_movement=False
1,67,120,0.07,rat_movement=False
1,61,80,0.09,rat_movement=False
1,94,60,0.1,rat_movement=False
1,90,60,0.2,rat_movement=False
1,76,40,0.3,rat_movement=False
1,111,60,0.5,rat_movement=False
1,260,160,0.4,rat_movement=False
1,199,120,0.6,rat_movement=False
1,295,180,0.7,rat_movement=False
1,244,160,0.8,rat_movement=False
1,195,140,0.9,rat_movement=False
1,56,100,1.0,rat_movement=False
1,75,200,0.01,rat_movement=False
1,19,60,0.03,rat_movement=False
1,83,80,0.05,rat_movement=False
1,11,60,0.07,rat_movement=False
1,29,40,0.09,rat_movement=False
1,60,60,0.1,rat_movement=False
1,1683,1380,0.0,rat_movement=False
1,190,100,0.2,rat_movement=False
1,103,80,0.3,rat_movement=False
1,59,40,0.4,rat_movement=False
1,228,120,0.5,rat_movement=False
1,414,300,0.6,rat_movement=False
1,97,60,0.7,rat_movement=False
1,8,40,0.8,rat_movement=False
1,210,120,0.9,rat_movement=False
1,65,40,1.0,rat_movement=False
1,73,160,0.01,rat_movement=False
1,740,560,0.0,rat_movement=False
1,102,180,0.03,rat_movement=False
1,58,100,0.05,rat_movement=False
1,115,180,0.07,rat_movement=False
1,76,80,0.09,rat_movement=False
1,51,80,0.1,rat_movement=False
1,83,100,0.2,rat_movement=False
1,239,200,0.3,rat_movement=False
1,22,20,0.5,rat_movement=False
1,15,40,0.6,rat_movement=False
1,238,180,0.4,rat_movement=False
1,96,60,0.7,rat_movement=False
1,117,60,0.8,rat_movement=False
1,218,120,0.9,rat_movement=False
1,179,100,1.0,rat_movement=False
1,92,140,0.01,rat_movement=False
1,825,620,0.0,rat_movement=False
1,37,60,0.03,rat_movement=False
1,41,80,0.05,rat_movement=False
1,66,120,0.07,rat_movement=False
1,78,40,0.09,rat_movement=False
1,65,40,0.1,rat_movement=False
1,22,60,0.2,rat_movement=False
1,22,80,0.3,rat_movement=False
1,429,320,0.4,rat_movement=False
1,252,160,0.5,rat_movement=False
1,280,200,0.6,rat_movement=False
1,500,360,0.7,rat_movement=False
1,306,220,0.8,rat_movement=False
1,329,220,0.9,rat_movement=False
1,60,140,0.01,rat_movement=False
1,497,400,1.0,rat_movement=False
1,85,80,0.03,rat_movement=False
1,65,100,0.05,rat_movement=False
1,44,60,0.07,rat_movement=False
1,86,160,0.09,rat_movement=False
1,23,20,0.1,rat_movement=False
1,1075,840,0.0,rat_movement=False
1,40,40,0.2,rat_movement=False
1,156,120,0.3,rat_movement=False
1,285,160,0.4,rat_movement=False
1,358,220,0.5,rat_movement=False
1,97,80,0.6,rat_movement=False
1,43,20,0.7,rat_movement=False
1,10,20,0.8,rat_movement=False
1,224,120,0.9,rat_movement=False
1,81,80,0.0,rat_movement=False
1,73,140,0.01,rat_movement=False
1,561,420,1.0,rat_movement=False
1,128,100,0.03,rat_movement=False
1,30,80,0.05,rat_movement=False
1,91,160,0.07,rat_movement=False
1,54,80,0.09,rat_movement=False
1,81,120,0.1,rat_movement=False
1,17,60,0.3,rat_movement=False
1,108,100,0.2,rat_movement=False
1,104,100,0.4,rat_movement=False
1,220,140,0.5,rat_movement=False
1,178,80,0.6,rat_movement=False
1,30,20,0.9,rat_movement=False
1,414,320,0.7,rat_movement=False
1,32,20,1.0,rat_movement=False
1,414,240,0.8,rat_movement=False
1,740,620,0.0,rat_movement=False
1,81,260,0.01,rat_movement=False
1,100,140,0.05,rat_movement=False
1,128,240,0.03,rat_movement=False
1,79,100,0.07,rat_movement=False
1,34,80,0.09,rat_movement=False
1,77,120,0.1,rat_movement=False
1,86,160,0.2,rat_movement=False
1,35,40,0.3,rat_movement=False
1,52,100,0.4,rat_movement=False
1,159,100,0.5,rat_movement=False
1,19,80,0.6,rat_movement=False
1,155,80,0.7,rat_movement=False
1,583,400,0.8,rat_movement=False
1,586,460,0.9,rat_movement=False
1,178,140,1.0,rat_movement=False
1,118,120,0.0,rat_movement=False
1,119,80,0.01,rat_movement=False
1,87,100,0.03,rat_movement=False
1,62,120,0.05,rat_movement=False
1,45,100,0.07,rat_movement=False
1,58,80,0.09,rat_movement=False
1,140,160,0.1,rat_movement=False
1,65,60,0.2,rat_movement=False
1,121,60,0.3,rat_movement=False
1,26,20,0.4,rat_movement=False
1,96,140,0.5,rat_movement=False
1,169,180,0.7,rat_movement=False
1,228,180,0.6,rat_movement=False
1,349,280,0.8,rat_movement=False
1,189,100,1.0,rat_movement=False
1,794,620,0.9,rat_movement=False
1,88,100,0.03,rat_movement=False
1,201,300,0.01,rat_movement=False
1,22,60,0.05,rat_movement=False
1,88,140,0.07,rat_movement=False
1,42,80,0.09,rat_movement=False
1,71,120,0.1,rat_movement=False
1,902,720,0.0,rat_movement=False
1,81,100,0.2,rat_movement=False
1,54,40,0.4,rat_movement=False
1,7,40,0.5,rat_movement=False
1,239,140,0.3,rat_movement=False
1,24,60,0.6,rat_movement=False
1,48,60,0.7,rat_movement=False
1,88,60,0.8,rat_movement=False
1,110,60,0.9,rat_movement=False
1,14,60,1.0,rat_movement=False
1,30,40,0.01,rat_movement=False
1,61,120,0.03,rat_movement=False
1,68,120,0.05,rat_movement=False
1,74,80,0.07,rat_movement=False
1,110,120,0.09,rat_movement=False
1,76,100,0.1,rat_movement=False
1,74,60,0.2,rat_movement=False
1,17,40,0.4,rat_movement=False
1,129,140,0.3,rat_movement=False
1,89,80,0.5,rat_movement=False
1,118,60,0.6,rat_movement=False
1,76,40,0.7,rat_movement=False
1,567,380,0.8,rat_movement=False
1,16,20,0.9,rat_movement=False
1,208,100,1.0,rat_movement=False
1,95,180,0.01,rat_movement=False
1,3438,2600,0.0,rat_movement=False
1,29,120,0.03,rat_movement=False
1,774,660,0.0,rat_movement=False
1,91,120,0.05,rat_movement=False
1,47,100,0.07,rat_movement=False
1,122,160,0.09,rat_movement=False
1,13,40,0.1,rat_movement=False
1,38,20,0.2,rat_movement=False
1,215,160,0.3,rat_movement=False
1,121,60,0.4,rat_movement=False
1,238,200,0.5,rat_movement=False
1,96,60,0.6,rat_movement=False
1,48,20,0.8,rat_movement=False
1,461,340,0.7,rat_movement=False
1,679,520,0.9,rat_movement=False
1,467,360,1.0,rat_movement=False
1,94,220,0.01,rat_movement=False
1,45,100,0.03,rat_movement=False
1,54,80,0.05,rat_movement=False
1,699,560,0.0,rat_movement=False
1,69,80,0.07,rat_movement=False
1,63,120,0.09,rat_movement=False
1,45,40,0.2,rat_movement=False
1,48,140,0.1,rat_movement=False
1,57,120,0.3,rat_movement=False
1,56,60,0.4,rat_movement=False
1,288,180,0.5,rat_movement=False
1,72,80,0.6,rat_movement=False
1,196,100,0.7,rat_movement=False
1,139,100,0.9,rat_movement=False
1,393,240,0.8,rat_movement=False
1,248,200,1.0,rat_movement=False
1,23,60,0.03,rat_movement=False
1,99,280,0.01,rat_movement=False
1,43,100,0.05,rat_movement=False
1,152,220,0.07,rat_movement=False
1,657,560,0.0,rat_movement=False
1,22,60,0.09,rat_movement=False
1,77,80,0.1,rat_movement=False
1,86,120,0.2,rat_movement=False
1,28,20,0.3,rat_movement=False
1,326,200,0.4,rat_movement=False
1,15,20,0.6,rat_movement=False
1,436,280,0.5,rat_movement=False
1,122,60,0.7,rat_movement=False
1,130,60,0.8,rat_movement=False
1,170,120,0.9,rat_movement=False
1,303,220,1.0,rat_movement=False
1,120,100,0.0,rat_movement=False
1,66,220,0.01,rat_movement=False
1,77,80,0.03,rat_movement=False
1,59,100,0.07,rat_movement=False
1,117,180,0.05,rat_movement=False
1,36,80,0.09,rat_movement=False
1,95,80,0.1,rat_movement=False
1,186,140,0.2,rat_movement=False
1,217,180,0.3,rat_movement=False
1,4,20,0.4,rat_movement=False
1,298,200,0.5,rat_movement=False
1,184,140,0.7,rat_movement=False
1,611,420,0.6,rat_movement=False
1,463,300,0.8,rat_movement=False
1,125,60,0.9,rat_movement=False
1,431,280,1.0,rat_movement=False
1,61,120,0.01,rat_movement=False
1,79,180,0.03,rat_movement=False
1,57,100,0.05,rat_movement=False
1,111,140,0.07,rat_movement=False
1,1410,1140,0.0,rat_movement=False
1,3,20,0.09,rat_movement=False
1,75,120,0.1,rat_movement=False
1,114,140,0.2,rat_movement=False
1,57,60,0.4,rat_movement=False
1,147,120,0.3,rat_movement=False
1,19,80,0.5,rat_movement=False
1,200,120,0.6,rat_movement=False
1,145,120,0.7,rat_movement=False
1,868,640,0.8,rat_movement=False
1,561,380,1.0,rat_movement=False
1,691,520,0.9,rat_movement=False
1,206,280,0.01,rat_movement=False
1,116,160,0.03,rat_movement=False
1,27,40,0.05,rat_movement=False
1,93,60,0.07,rat_movement=False
1,798,720,0.0,rat_movement=False
1,69,60,0.09,rat_movement=False
1,44,120,0.1,rat_movement=False
1,199,140,0.2,rat_movement=False
1,116,160,0.3,rat_movement=False
1,36,20,0.5,rat_movement=False
1,333,200,0.4,rat_movement=False
1,280,180,0.6,rat_movement=False
1,44,120,0.7,rat_movement=False
1,357,300,0.8,rat_movement=False
1,319,180,0.9,rat_movement=False
1,96,60,1.0,rat_movement=False
1,80,60,0.0,rat_movement=False
1,82,180,0.01,rat_movement=False
1,64,80,0.03,rat_movement=False
1,28,60,0.05,rat_movement=False
1,41,60,0.07,rat_movement=False
1,58,80,0.09,rat_movement=False
1,63,60,0.1,rat_movement=False
1,60,80,0.2,rat_movement=False
1,219,140,0.3,rat_movement=False
1,14,40,0.4,rat_movement=False
1,76,40,0.5,rat_movement=False
1,199,140,0.6,rat_movement=False
1,180,100,0.8,rat_movement=False
1,683,520,0.7,rat_movement=False
1,345,220,0.9,rat_movement=False
1,375,240,1.0,rat_movement=False
1,126,160,0.01,rat_movement=False
1,70,200,0.03,rat_movement=False
1,89,120,0.05,rat_movement=False
1,67,120,0.07,rat_movement=False
1,84,140,0.09,rat_movement=False
1,48,120,0.1,rat_movement=False
1,77,100,0.2,rat_movement=False
1,58,80,0.3,rat_movement=False
1,1400,1140,0.0,rat_movement=False
1,179,100,0.4,rat_movement=False
1,10,60,0.6,rat_movement=False
1,182,140,0.5,rat_movement=False
1,163,120,0.7,rat_movement=False
1,330,220,0.9,rat_movement=False
1,435,340,0.8,rat_movement=False
1,54,40,0.0,rat_movement=False
1,129,80,1.0,rat_movement=False
1,105,220,0.01,rat_movement=False
1,48,60,0.03,rat_movement=False
1,15,100,0.05,rat_movement=False
1,119,160,0.07,rat_movement=False
1,84,100,0.09,rat_movement=False
1,49,80,0.1,rat_movement=False
1,77,100,0.2,rat_movement=False
1,223,160,0.3,rat_movement=False
1,93,60,0.4,rat_movement=False
1,99,60,0.5,rat_movement=False
1,115,60,0.6,rat_movement=False
1,489,340,0.7,rat_movement=False
1,174,120,0.8,rat_movement=False
1,15,40,0.9,rat_movement=False
1,177,100,1.0,rat_movement=False
1,147,340,0.01,rat_movement=False
1,760,520,0.0,rat_movement=False
1,100,60,0.03,rat_movement=False
1,102,120,0.05,rat_movement=False
1,81,100,0.07,rat_movement=False
1,131,100,0.09,rat_movement=False
1,57,40,0.1,rat_movement=False
1,76,100,0.2,rat_movement=False
1,287,260,0.3,rat_movement=False
1,162,120,0.4,rat_movement=False
1,287,240,0.5,rat_movement=False
1,213,200,0.6,rat_movement=False
1,246,140,0.7,rat_movement=False
1,226,180,0.8,rat_movement=False
1,202,120,0.9,rat_movement=False
1,175,160,0.0,rat_movement=False
1,101,240,0.01,rat_movement=False
1,436,260,1.0,rat_movement=False
1,107,220,0.03,rat_movement=False
1,160,140,0.05,rat_movement=False
1,42,80,0.07,rat_movement=False
1,60,80,0.09,rat_movement=False
1,16,40,0.1,rat_movement=False
1,77,60,0.2,rat_movement=False
1,9,40,0.3,rat_movement=False
1,310,200,0.4,rat_movement=False
1,132,60,0.5,rat_movement=False
1,500,360,0.6,rat_movement=False
1,274,160,0.7,rat_movement=False
1,12,20,0.8,rat_movement=False
1,4,20,0.9,rat_movement=False
1,828,560,1.0,rat_movement=False
1,122,220,0.01,rat_movement=False
1,58,40,0.03,rat_movement=False
1,81,60,0.05,rat_movement=False
1,59,60,0.07,rat_movement=False
1,1007,820,0.0,rat_movement=False
1,60,40,0.09,rat_movement=False
1,91,60,0.1,rat_movement=False
1,115,140,0.2,rat_movement=False
1,12,40,0.3,rat_movement=False
1,261,200,0.4,rat_movement=False
1,268,160,0.5,rat_movement=False
1,106,60,0.6,rat_movement=False
1,190,100,0.7,rat_movement=False
1,268,180,0.8,rat_movement=False
1,210,140,0.9,rat_movement=False
1,68,60,0.0,rat_movement=False
1,129,320,0.01,rat_movement=False
1,116,160,0.03,rat_movement=False
1,707,480,1.0,rat_movement=False
1,47,120,0.05,rat_movement=False
1,105,160,0.07,rat_movement=False
1,47,100,0.09,rat_movement=False
1,74,100,0.1,rat_movement=False
1,52,100,0.2,rat_movement=False
1,130,140,0.3,rat_movement=False
1,8,60,0.4,rat_movement=False
1,110,120,0.5,rat_movement=False
1,299,220,0.6,rat_movement=False
1,84,40,0.7,rat_movement=False
1,368,260,0.8,rat_movement=False
1,437,300,1.0,rat_movement=False
1,723,480,0.9,rat_movement=False
1,56,120,0.01,rat_movement=False
1,27,40,0.03,rat_movement=False
1,71,100,0.05,rat_movement=False
1,140,240,0.07,rat_movement=False
1,58,120,0.09,rat_movement=False
1,81,100,0.1,rat_movement=False
1,68,80,0.2,rat_movement=False
1,88,60,0.3,rat_movement=False
1,1627,1260,0.0,rat_movement=False
1,176,160,0.4,rat_movement=False
1,355,200,0.5,rat_movement=False
1,375,280,0.6,rat_movement=False
1,75,40,0.7,rat_movement=False
1,192,120,0.8,rat_movement=False
1,34,60,0.9,rat_movement=False
1,328,220,1.0,rat_movement=False
1,414,340,0.0,rat_movement=False
1,119,260,0.01,rat_movement=False
1,46,120,0.03,rat_movement=False
1,51,100,0.05,rat_movement=False
1,97,100,0.07,rat_movement=False
1,41,60,0.09,rat_movement=False
1,67,80,0.1,rat_movement=False
1,132,60,0.2,rat_movement=False
1,2,20,0.4,rat_movement=False
1,221,140,0.3,rat_movement=False
1,205,120,0.5,rat_movement=False
1,53,100,0.7,rat_movement=False
1,250,160,0.6,rat_movement=False
1,307,200,0.8,rat_movement=False
1,327,220,0.9,rat_movement=False
1,14,60,1.0,rat_movement=False
1,116,120,0.03,rat_movement=False
1,99,80,0.05,rat_movement=False
1,115,200,0.07,rat_movement=False
1,331,460,0.01,rat_movement=False
1,69,100,0.09,rat_movement=False
1,33,80,0.1,rat_movement=False
1,127,120,0.2,rat_movement=False
1,92,100,0.3,rat_movement=False
1,177,120,0.4,rat_movement=False
1,106,100,0.5,rat_movement=False
1,1684,1480,0.0,rat_movement=False
1,184,120,0.6,rat_movement=False
1,119,80,0.7,rat_movement=False
1,781,600,0.8,rat_movement=False
1,115,60,1.0,rat_movement=False
1,436,400,0.0,rat_movement=False
1,1039,740,0.9,rat_movement=False
1,75,260,0.01,rat_movement=False
1,65,120,0.03,rat_movement=False
1,49,80,0.07,rat_movement=False
1,93,100,0.05,rat_movement=False
1,65,100,0.1,rat_movement=False
1,99,120,0.09,rat_movement=False
1,33,60,0.2,rat_movement=False
1,20,60,0.3,rat_movement=False
1,177,140,0.4,rat_movement=False
1,6,40,0.5,rat_movement=False
1,53,40,0.6,rat_movement=False
1,121,60,0.7,rat_movement=False
1,31,20,0.8,rat_movement=False
1,119,60,0.9,rat_movement=False
1,35,20,1.0,rat_movement=False
1,66,60,0.0,rat_movement=False
1,36,80,0.01,rat_movement=False
1,143,140,0.03,rat_movement=False
1,29,20,0.05,rat_movement=False
1,73,200,0.07,rat_movement=False
1,59,100,0.09,rat_movement=False
1,92,160,0.1,rat_movement=False
1,65,120,0.2,rat_movement=False
1,222,200,0.3,rat_movement=False
1,15,40,0.4,rat_movement=False
1,276,260,0.5,rat_movement=False
1,214,120,0.6,rat_movement=False
1,156,120,0.7,rat_movement=False
1,97,60,0.9,rat_movement=False
1,413,260,0.8,rat_movement=False
1,200,120,1.0,rat_movement=False
1,80,80,0.0,rat_movement=False
1,275,380,0.01,rat_movement=False
1,76,60,0.03,rat_movement=False
1,75,100,0.05,rat_movement=False
1,36,80,0.07,rat_movement=False
1,134,140,0.09,rat_movement=False
1,15,20,0.1,rat_movement=False
1,118,100,0.2,rat_movement=False
1,33,20,0.3,rat_movement=False
1,47,60,0.4,rat_movement=False
1,47,20,0.5,rat_movement=False
1,122,60,0.6,rat_movement=False
1,144,100,0.8,rat_movement=False
1,388,260,0.7,rat_movement=False
1,227,120,0.9,rat_movement=False
1,100,60,1.0,rat_movement=False
1,108,280,0.01,rat_movement=False
1,60,120,0.03,rat_movement=False
1,47,40,0.05,rat_movement=False
1,52,60,0.07,rat_movement=False
1,49,100,0.09,rat_movement=False
1,68,100,0.1,rat_movement=False
1,205,140,0.2,rat_movement=False
1,26,80,0.3,rat_movement=False
1,2024,1600,0.0,rat_movement=False
1,155,80,0.4,rat_movement=False
1,191,100,0.5,rat_movement=False
1,18,40,0.6,rat_movement=False
1,13,60,0.7,rat_movement=False
1,5,20,0.8,rat_movement=False
1,615,400,0.9,rat_movement=False
1,481,300,1.0,rat_movement=False
1,136,220,0.01,rat_movement=False
1,104,180,0.03,rat_movement=False
1,75,100,0.05,rat_movement=False
1,80,80,0.07,rat_movement=False
1,39,80,0.09,rat_movement=False
1,79,100,0.1,rat_movement=False
1,114,120,0.2,rat_movement=False
1,26,20,0.3,rat_movement=False
1,153,100,0.4,rat_movement=False
1,18,60,0.5,rat_movement=False
1,10,60,0.6,rat_movement=False
1,3457,2620,0.0,rat_movement=False
1,35,60,0.8,rat_movement=False
1,451,300,0.7,rat_movement=False
1,261,160,0.9,rat_movement=False
1,62,60,0.01,rat_movement=False
1,78,160,0.03,rat_movement=False
1,69,140,0.05,rat_movement=False
1,498,380,1.0,rat_movement=False
1,100,80,0.07,rat_movement=False
1,42,20,0.1,rat_movement=False
1,107,140,0.09,rat_movement=False
1,106,120,0.2,rat_movement=False
1,220,140,0.3,rat_movement=False
1,73,40,0.4,rat_movement=False
1,317,200,0.5,rat_movement=False
1,1443,1100,0.0,rat_movement=False
1,210,120,0.6,rat_movement=False
1,155,120,0.7,rat_movement=False
1,56,40,0.9,rat_movement=False
1,262,180,0.8,rat_movement=False
1,61,40,1.0,rat_movement=False
1,163,320,0.01,rat_movement=False
1,36,60,0.03,rat_movement=False
1,776,640,0.0,rat_movement=False
1,51,100,0.05,rat_movement=False
1,90,60,0.07,rat_movement=False
1,58,80,0.09,rat_movement=False
1,43,60,0.1,rat_movement=False
1,52,100,0.2,rat_movement=False
1,20,40,0.3,rat_movement=False
1,165,120,0.4,rat_movement=False
1,176,100,0.5,rat_movement=False
1,239,160,0.6,rat_movement=False
1,242,160,0.7,rat_movement=False
1,18,60,0.8,rat_movement=False
1,304,180,0.9,rat_movement=False
1,115,60,1.0,rat_movement=False
1,85,100,0.01,rat_movement=False
1,87,80,0.03,rat_movement=False
1,81,140,0.05,rat_movement=False
1,1002,820,0.0,rat_movement=False
1,144,220,0.07,rat_movement=False
1,32,60,0.09,rat_movement=False
1,45,40,0.1,rat_movement=False
1,65,80,0.2,rat_movement=False
1,162,160,0.3,rat_movement=False
1,86,60,0.5,rat_movement=False
1,189,160,0.4,rat_movement=False
1,143,100,0.6,rat_movement=False
1,323,260,0.7,rat_movement=False
1,393,260,0.8,rat_movement=False
1,140,80,0.9,rat_movement=False
1,314,220,1.0,rat_movement=False
1,70,40,0.0,rat_movement=False
1,55,40,0.01,rat_movement=False
1,117,80,0.03,rat_movement=False
1,127,180,0.05,rat_movement=False
1,54,80,0.07,rat_movement=False
1,39,60,0.09,rat_movement=False
1,59,80,0.1,rat_movement=False
1,126,140,0.2,rat_movement=False
1,63,180,0.3,rat_movement=False
1,212,160,0.4,rat_movement=False
1,56,40,0.6,rat_movement=False
1,175,80,0.5,rat_movement=False
1,345,280,0.7,rat_movement=False
1,123,60,0.9,rat_movement=False
1,54,60,1.0,rat_movement=False
1,45,60,0.0,rat_movement=False
1,937,680,0.8,rat_movement=False
1,67,160,0.01,rat_movement=False
1,110,120,0.03,rat_movement=False
1,123,140,0.05,rat_movement=False
1,56,80,0.09,rat_movement=False
1,125,200,0.07,rat_movement=False
1,22,80,0.2,rat_movement=False
1,95,160,0.1,rat_movement=False
1,20,60,0.3,rat_movement=False
1,43,120,0.4,rat_movement=False
1,300,280,0.5,rat_movement=False
1,95,100,0.6,rat_movement=False
1,95,80,0.7,rat_movement=False
1,312,240,0.8,rat_movement=False
1,239,200,0.9,rat_movement=False
1,99,60,1.0,rat_movement=False
1,124,160,0.01,rat_movement=False
1,94,220,0.03,rat_movement=False
1,85,100,0.05,rat_movement=False
1,67,40,0.07,rat_movement=False
1,129,100,0.09,rat_movement=False
1,7,40,0.1,rat_movement=False
1,95,140,0.2,rat_movement=False
1,139,120,0.3,rat_movement=False
1,133,60,0.4,rat_movement=False
1,145,80,0.5,rat_movement=False
1,2840,2140,0.0,rat_movement=False
1,92,80,0.7,rat_movement=False
1,547,360,0.6,rat_movement=False
1,78,60,0.9,rat_movement=False
1,72,40,1.0,rat_movement=False
1,326,260,0.8,rat_movement=False
1,383,300,0.0,rat_movement=False
1,171,300,0.01,rat_movement=False
1,134,220,0.03,rat_movement=False
1,82,100,0.05,rat_movement=False
1,96,80,0.07,rat_movement=False
1,69,60,0.09,rat_movement=False
1,96,140,0.1,rat_movement=False
1,79,100,0.2,rat_movement=False
1,269,180,0.3,rat_movement=False
1,195,100,0.4,rat_movement=False
1,150,100,0.5,rat_movement=False
1,428,300,0.6,rat_movement=False
1,238,240,0.7,rat_movement=False
1,193,160,0.0,rat_movement=False
1,14,40,0.05,rat_movement=False
1,54,60,0.01,rat_movement=False
1,76,60,0.03,rat_movement=False
1,112,100,0.07,rat_movement=False
1,35,60,0.09,rat_movement=False
1,75,60,0.1,rat_movement=False
1,44,80,0.3,rat_movement=False
1,66,140,0.2,rat_movement=False
1,164,100,0.4,rat_movement=False
1,200,120,0.5,rat_movement=False
1,198,140,0.6,rat_movement=False
1,160,100,0.7,rat_movement=False
1,36,20,0.9,rat_movement=False
1,170,140,0.8,rat_movement=False
1,221,140,1.0,rat_movement=False
1,82,180,0.01,rat_movement=False
1,28,60,0.03,rat_movement=False
1,854,760,0.0,rat_movement=False
1,88,120,0.05,rat_movement=False
1,100,200,0.07,rat_movement=False
1,60,80,0.09,rat_movement=False
1,72,160,0.1,rat_movement=False
1,21,60,0.2,rat_movement=False
1,5,40,0.3,rat_movement=False
1,356,280,0.4,rat_movement=False
1,43,80,0.5,rat_movement=False
1,78,40,0.6,rat_movement=False
1,69,40,0.7,rat_movement=False
1,299,240,0.8,rat_movement=False
1,299,260,0.9,rat_movement=False
1,28,20,0.01,rat_movement=False
1,18,20,0.03,rat_movement=False
1,470,340,1.0,rat_movement=False
1,118,200,0.05,rat_movement=False
1,94,100,0.07,rat_movement=False
1,99,140,0.09,rat_movement=False
1,81,80,0.1,rat_movement=False
1,166,120,0.2,rat_movement=False
1,156,80,0.3,rat_movement=False
1,78,80,0.4,rat_movement=False
1,1665,1300,0.0,rat_movement=False
1,22,20,0.7,rat_movement=False
1,279,200,0.5,rat_movement=False
1,315,200,0.6,rat_movement=False
1,115,60,0.9,rat_movement=False
1,123,60,1.0,rat_movement=False
1,761,560,0.8,rat_movement=False
1,461,360,0.0,rat_movement=False
1,81,180,0.01,rat_movement=False
1,72,60,0.03,rat_movement=False
1,43,60,0.05,rat_movement=False
1,45,40,0.07,rat_movement=False
1,53,80,0.09,rat_movement=False
1,32,20,0.1,rat_movement=False
1,24,80,0.2,rat_movement=False
1,119,120,0.3,rat_movement=False
1,53,40,0.4,rat_movement=False
1,139,60,0.6,rat_movement=False
1,433,300,0.5,rat_movement=False
1,310,240,0.8,rat_movement=False
1,614,480,0.7,rat_movement=False
1,627,440,0.9,rat_movement=False
1,289,240,0.0,rat_movement=False
1,834,580,1.0,rat_movement=False
1,182,280,0.01,rat_movement=False
1,64,40,0.03,rat_movement=False
1,34,20,0.07,rat_movement=False
1,107,180,0.05,rat_movement=False
1,61,60,0.09,rat_movement=False
1,48,100,0.1,rat_movement=False
1,54,60,0.2,rat_movement=False
1,205,120,0.3,rat_movement=False
1,202,120,0.4,rat_movement=False
1,231,120,0.5,rat_movement=False
1,125,60,0.6,rat_movement=False
1,155,100,0.7,rat_movement=False
1,204,180,0.8,rat_movement=False
1,175,120,1.0,rat_movement=False
1,313,220,0.9,rat_movement=False
1,89,240,0.01,rat_movement=False
1,117,160,0.03,rat_movement=False
1,50,20,0.05,rat_movement=False
1,65,120,0.07,rat_movement=False
1,54,80,0.09,rat_movement=False
1,53,120,0.1,rat_movement=False
1,87,80,0.2,rat_movement=False
1,55,100,0.3,rat_movement=False
1,2047,1560,0.0,rat_movement=False
1,88,80,0.4,rat_movement=False
1,138,80,0.5,rat_movement=False
1,410,320,0.6,rat_movement=False
1,68,40,0.8,rat_movement=False
1,258,160,0.7,rat_movement=False
1,312,220,0.9,rat_movement=False
1,170,100,1.0,rat_movement=False
1,142,140,0.01,rat_movement=False
1,59,60,0.03,rat_movement=False
1,43,140,0.05,rat_movement=False
1,36,80,0.07,rat_movement=False
1,850,700,0.0,rat_movement=False
1,81,120,0.09,rat_movement=False
1,65,100,0.1,rat_movement=False
1,40,60,0.2,rat_movement=False
1,147,140,0.3,rat_movement=False
1,218,200,0.4,rat_movement=False
1,187,100,0.5,rat_movement=False
1,54,80,0.6,rat_movement=False
1,82,80,0.7,rat_movement=False
1,227,140,0.8,rat_movement=False
1,461,320,0.9,rat_movement=False
1,532,360,1.0,rat_movement=False
1,90,100,0.01,rat_movement=False
1,30,40,0.05,rat_movement=False
1,93,140,0.03,rat_movement=False
1,49,120,0.07,rat_movement=False
1,1921,1520,0.0,rat_movement=False
1,147,200,0.09,rat_movement=False
1,4,20,0.1,rat_movement=False
1,34,120,0.2,rat_movement=False
1,133,140,0.3,rat_movement=False
1,215,140,0.4,rat_movement=False
1,15,20,0.6,rat_movement=False
1,154,80,0.5,rat_movement=False
1,329,240,0.7,rat_movement=False
1,223,140,0.8,rat_movement=False
1,335,220,0.9,rat_movement=False
1,227,200,1.0,rat_movement=False
1,239,400,0.01,rat_movement=False
1,89,200,0.03,rat_movement=False
1,75,200,0.05,rat_movement=False
1,44,100,0.07,rat_movement=False
1,22,60,0.09,rat_movement=False
1,26,80,0.1,rat_movement=False
1,148,80,0.2,rat_movement=False
1,37,20,0.3,rat_movement=False
1,2682,2180,0.0,rat_movement=False
1,166,100,0.4,rat_movement=False
1,192,160,0.5,rat_movement=False
1,51,20,0.7,rat_movement=False
1,425,300,0.6,rat_movement=False
1,80,40,0.9,rat_movement=False
1,489,360,0.8,rat_movement=False
1,481,360,1.0,rat_movement=False
1,26,40,0.03,rat_movement=False
1,62,140,0.01,rat_movement=False
1,30,20,0.05,rat_movement=False
1,57,80,0.07,rat_movement=False
1,85,120,0.09,rat_movement=False
1,31,40,0.1,rat_movement=False
1,47,120,0.2,rat_movement=False
1,11,40,0.3,rat_movement=False
1,258,180,0.4,rat_movement=False
1,472,320,0.5,rat_movement=False
1,256,220,0.6,rat_movement=False
1,297,220,0.7,rat_movement=False
1,2290,1840,0.0,rat_movement=False
1,123,60,0.8,rat_movement=False
1,201,120,0.9,rat_movement=False
1,349,240,1.0,rat_movement=False
1,820,660,0.0,rat_movement=False
1,94,100,0.03,rat_movement=False
1,253,480,0.01,rat_movement=False
1,48,120,0.05,rat_movement=False
1,57,100,0.07,rat_movement=False
1,64,140,0.09,rat_movement=False
1,47,100,0.1,rat_movement=False
1,162,100,0.2,rat_movement=False
1,226,220,0.3,rat_movement=False
1,267,200,0.4,rat_movement=False
1,71,40,0.7,rat_movement=False
1,279,200,0.6,rat_movement=False
1,360,300,0.5,rat_movement=False
1,178,120,0.8,rat_movement=False
1,34,20,0.9,rat_movement=False
1,513,360,1.0,rat_movement=False
1,178,320,0.01,rat_movement=False
1,1396,1200,0.0,rat_movement=False
1,103,80,0.03,rat_movement=False
1,78,80,0.05,rat_movement=False
1,97,140,0.07,rat_movement=False
1,35,100,0.09,rat_movement=False
1,71,80,0.1,rat_movement=False
1,25,20,0.2,rat_movement=False
1,87,80,0.3,rat_movement=False
1,176,120,0.4,rat_movement=False
1,215,180,0.5,rat_movement=False
1,182,120,0.6,rat_movement=False
1,286,200,0.7,rat_movement=False
1,121,60,0.8,rat_movement=False
1,12,60,0.9,rat_movement=False
1,86,60,1.0,rat_movement=False
1,259,220,0.0,rat_movement=False
1,10,40,0.03,rat_movement=False
1,176,300,0.01,rat_movement=False
1,91,120,0.05,rat_movement=False
1,90,140,0.07,rat_movement=False
1,104,160,0.09,rat_movement=False
1,25,40,0.1,rat_movement=False
1,87,140,0.2,rat_movement=False
1,281,160,0.3,rat_movement=False
1,21,40,0.5,rat_movement=False
1,269,160,0.4,rat_movement=False
1,182,100,0.7,rat_movement=False
1,222,240,0.6,rat_movement=False
1,41,20,0.8,rat_movement=False
1,992,740,0.9,rat_movement=False
1,308,220,1.0,rat_movement=False
1,189,240,0.01,rat_movement=False
1,188,260,0.03,rat_movement=False
1,99,160,0.05,rat_movement=False
1,48,60,0.07,rat_movement=False
1,41,140,0.09,rat_movement=False
1,72,140,0.1,rat_movement=False
1,114,120,0.2,rat_movement=False
1,6,40,0.3,rat_movement=False
1,261,160,0.4,rat_movement=False
1,18,20,0.5,rat_movement=False
1,77,60,0.6,rat_movement=False
1,2318,1900,0.0,rat_movement=False
1,387,280,0.7,rat_movement=False
1,371,240,0.8,rat_movement=False
1,395,260,0.9,rat_movement=False
1,46,20,0.01,rat_movement=False
1,13,100,0.03,rat_movement=False
1,599,420,1.0,rat_movement=False
1,75,120,0.05,rat_movement=False
1,25,40,0.07,rat_movement=False
1,110,180,0.09,rat_movement=False
1,1040,780,0.0,rat_movement=False
1,52,40,0.1,rat_movement=False
1,11,40,0.2,rat_movement=False
1,131,60,0.3,rat_movement=False
1,163,120,0.5,rat_movement=False
1,157,180,0.4,rat_movement=False
1,68,40,0.7,rat_movement=False
1,187,120,0.6,rat_movement=False
1,352,220,0.8,rat_movement=False
1,26,20,1.0,rat_movement=False
1,432,280,0.9,rat_movement=False
1,58,60,0.01,rat_movement=False
1,159,200,0.03,rat_movement=False
1,22,20,0.05,rat_movement=False
1,620,560,0.0,rat_movement=False
1,57,100,0.07,rat_movement=False
1,100,140,0.09,rat_movement=False
1,40,140,0.1,rat_movement=False
1,51,40,0.2,rat_movement=False
1,21,80,0.3,rat_movement=False
1,30,80,0.5,rat_movement=False
1,315,220,0.4,rat_movement=False
1,184,100,0.7,rat_movement=False
1,378,280,0.6,rat_movement=False
1,361,280,0.8,rat_movement=False
1,228,160,0.9,rat_movement=False
1,365,280,1.0,rat_movement=False
1,57,40,0.01,rat_movement=False
1,66,140,0.03,rat_movement=False
1,117,220,0.05,rat_movement=False
1,68,80,0.07,rat_movement=False
1,60,140,0.09,rat_movement=False
1,82,40,0.1,rat_movement=False
1,1189,1040,0.0,rat_movement=False
1,79,140,0.2,rat_movement=False
1,170,120,0.3,rat_movement=False
1,57,60,0.4,rat_movement=False
1,316,200,0.5,rat_movement=False
1,396,300,0.6,rat_movement=False
1,359,280,0.7,rat_movement=False
1,124,140,0.8,rat_movement=False
1,439,340,0.9,rat_movement=False
1,529,400,1.0,rat_movement=False
1,72,100,0.0,rat_movement=False
1,64,200,0.01,rat_movement=False
1,10,20,0.03,rat_movement=False
1,103,100,0.05,rat_movement=False
1,55,100,0.07,rat_movement=False
1,80,180,0.09,rat_movement=False
1,86,60,0.1,rat_movement=False
1,46,40,0.2,rat_movement=False
1,111,80,0.3,rat_movement=False
1,104,100,0.4,rat_movement=False
1,72,40,0.5,rat_movement=False
1,13,60,0.7,rat_movement=False
1,36,20,0.9,rat_movement=False
1,631,440,0.6,rat_movement=False
1,170,100,1.0,rat_movement=False
1,679,480,0.8,rat_movement=False
1,36,40,0.03,rat_movement=False
1,155,300,0.01,rat_movement=False
1,53,120,0.05,rat_movement=False
1,19,80,0.07,rat_movement=False
1,50,100,0.09,rat_movement=False
1,19,100,0.1,rat_movement=False
1,81,40,0.2,rat_movement=False
1,84,100,0.3,rat_movement=False
1,1105,940,0.0,rat_movement=False
1,269,160,0.4,rat_movement=False
1,189,160,0.5,rat_movement=False
1,198,160,0.6,rat_movement=False
1,240,160,0.7,rat_movement=False
1,121,60,0.8,rat_movement=False
1,355,240,0.9,rat_movement=False
1,124,80,1.0,rat_movement=False
1,345,280,0.0,rat_movement=False
1,173,180,0.01,rat_movement=False
1,84,220,0.03,rat_movement=False
1,82,80,0.05,rat_movement=False
1,60,40,0.07,rat_movement=False
1,17,40,0.09,rat_movement=False
1,33,100,0.1,rat_movement=False
1,11,60,0.2,rat_movement=False
1,41,80,0.3,rat_movement=False
1,88,60,0.4,rat_movement=False
1,260,200,0.5,rat_movement=False
1,447,380,0.6,rat_movement=False
1,223,180,0.7,rat_movement=False
1,247,200,0.8,rat_movement=False
1,497,360,0.9,rat_movement=False
1,428,260,1.0,rat_movement=False
1,472,440,0.0,rat_movement=False
1,279,460,0.01,rat_movement=False
1,59,120,0.03,rat_movement=False
1,70,60,0.05,rat_movement=False
1,61,60,0.07,rat_movement=False
1,71,80,0.09,rat_movement=False
1,81,180,0.1,rat_movement=False
1,87,60,0.2,rat_movement=False
1,113,100,0.3,rat_movement=False
1,182,120,0.4,rat_movement=False
1,25,60,0.5,rat_movement=False
1,18,80,0.6,rat_movement=False
1,148,80,0.7,rat_movement=False
1,396,280,0.8,rat_movement=False
1,174,120,0.9,rat_movement=False
1,337,200,1.0,rat_movement=False
1,69,100,0.01,rat_movement=False
1,102,100,0.03,rat_movement=False
1,117,100,0.05,rat_movement=False
1,77,120,0.07,rat_movement=False
1,49,80,0.09,rat_movement=False
1,126,140,0.1,rat_movement=False
1,125,100,0.2,rat_movement=False
1,205,180,0.3,rat_movement=False
1,26,80,0.4,rat_movement=False
1,16,80,0.5,rat_movement=False
1,1878,1480,0.0,rat_movement=False
1,381,300,0.6,rat_movement=False
1,503,380,0.7,rat_movement=False
1,89,60,0.8,rat_movement=False
1,299,240,0.9,rat_movement=False
1,278,160,1.0,rat_movement=False
1,149,140,0.0,rat_movement=False
1,53,160,0.01,rat_movement=False
1,52,60,0.03,rat_movement=False
1,73,80,0.05,rat_movement=False
1,68,160,0.07,rat_movement=False
1,125,140,0.09,rat_movement=False
1,80,80,0.1,rat_movement=False
1,60,80,0.2,rat_movement=False
1,33,80,0.3,rat_movement=False
1,36,100,0.4,rat_movement=False
1,355,240,0.5,rat_movement=False
1,18,40,0.6,rat_movement=False
1,68,40,0.8,rat_movement=False
1,270,180,0.7,rat_movement=False
1,231,140,0.9,rat_movement=False
1,163,100,1.0,rat_movement=False
1,110,100,0.0,rat_movement=False
1,88,200,0.01,rat_movement=False
1,62,80,0.03,rat_movement=False
1,15,20,0.05,rat_movement=False
1,54,60,0.07,rat_movement=False
1,43,40,0.09,rat_movement=False
1,67,140,0.1,rat_movement=False
1,58,120,0.2,rat_movement=False
1,97,100,0.4,rat_movement=False
1,256,180,0.3,rat_movement=False
1,68,120,0.5,rat_movement=False
1,29,100,0.6,rat_movement=False
1,357,300,0.7,rat_movement=False
1,180,160,0.8,rat_movement=False
1,124,80,0.9,rat_movement=False
1,133,120,1.0,rat_movement=False
1,308,260,0.0,rat_movement=False
1,57,40,0.03,rat_movement=False
1,150,380,0.01,rat_movement=False
1,43,120,0.05,rat_movement=False
1,41,80,0.07,rat_movement=False
1,30,60,0.09,rat_movement=False
1,41,60,0.1,rat_movement=False
1,15,40,0.2,rat_movement=False
1,155,120,0.3,rat_movement=False
1,23,80,0.4,rat_movement=False
1,306,200,0.5,rat_movement=False
1,162,100,0.7,rat_movement=False
1,359,260,0.6,rat_movement=False
1,206,120,0.8,rat_movement=False
1,7,20,0.9,rat_movement=False
1,53,40,1.0,rat_movement=False
1,58,60,0.0,rat_movement=False
1,66,60,0.01,rat_movement=False
1,10,40,0.05,rat_movement=False
1,82,200,0.03,rat_movement=False
1,13,20,0.07,rat_movement=False
1,112,60,0.09,rat_movement=False
1,68,60,0.1,rat_movement=False
1,67,40,0.2,rat_movement=False
1,54,40,0.3,rat_movement=False
1,197,140,0.4,rat_movement=False
1,132,60,0.5,rat_movement=False
1,252,220,0.6,rat_movement=False
1,174,120,0.7,rat_movement=False
1,332,240,0.8,rat_movement=False
1,234,160,0.9,rat_movement=False
1,187,160,1.0,rat_movement=False
1,88,200,0.03,rat_movement=False
1,29,140,0.05,rat_movement=False
1,73,120,0.07,rat_movement=False
1,377,500,0.01,rat_movement=False
1,40,60,0.09,rat_movement=False
1,125,140,0.1,rat_movement=False
1,57,60,0.2,rat_movement=False
1,125,60,0.3,rat_movement=False
1,194,140,0.4,rat_movement=False
1,111,60,0.5,rat_movement=False
1,194,180,0.7,rat_movement=False
1,488,360,0.6,rat_movement=False
1,341,260,0.8,rat_movement=False
1,3001,2420,0.0,rat_movement=False
1,549,420,0.9,rat_movement=False
1,317,240,1.0,rat_movement=False
1,205,180,0.0,rat_movement=False
1,61,120,0.03,rat_movement=False
1,151,280,0.01,rat_movement=False
1,96,160,0.05,rat_movement=False
1,95,140,0.07,rat_movement=False
1,95,140,0.09,rat_movement=False
1,57,100,0.1,rat_movement=False
1,120,120,0.2,rat_movement=False
1,18,40,0.3,rat_movement=False
1,25,60,0.4,rat_movement=False
1,10,40,0.6,rat_movement=False
1,71,40,0.7,rat_movement=False
1,285,200,0.5,rat_movement=False
1,90,80,0.8,rat_movement=False
1,464,320,0.9,rat_movement=False
1,283,220,1.0,rat_movement=False
1,111,80,0.0,rat_movement=False
1,215,160,0.01,rat_movement=False
1,29,80,0.03,rat_movement=False
1,68,140,0.05,rat_movement=False
1,30,60,0.07,rat_movement=False
1,76,160,0.09,rat_movement=False
1,78,60,0.1,rat_movement=False
1,180,140,0.2,rat_movement=False
1,26,60,0.3,rat_movement=False
1,36,20,0.4,rat_movement=False
1,259,160,0.5,rat_movement=False
1,130,60,0.6,rat_movement=False
1,118,60,0.7,rat_movement=False
1,24,80,0.8,rat_movement=False
1,13,20,0.9,rat_movement=False
1,358,260,1.0,rat_movement=False
1,253,220,0.0,rat_movement=False
1,26,40,0.01,rat_movement=False
1,93,260,0.03,rat_movement=False
1,109,80,0.05,rat_movement=False
1,24,40,0.07,rat_movement=False
1,41,40,0.09,rat_movement=False
1,8,40,0.1,rat_movement=False
1,47,80,0.2,rat_movement=False
1,13,20,0.3,rat_movement=False
1,134,60,0.4,rat_movement=False
1,93,60,0.5,rat_movement=False
1,253,180,0.6,rat_movement=False
1,291,200,0.7,rat_movement=False
1,109,60,0.8,rat_movement=False
1,117,60,0.9,rat_movement=False
1,164,100,1.0,rat_movement=False
1,118,400,0.01,rat_movement=False
1,72,140,0.03,rat_movement=False
1,96,100,0.05,rat_movement=False
1,71,100,0.07,rat_movement=False
1,73,120,0.09,rat_movement=False
1,75,100,0.1,rat_movement=False
1,78,100,0.2,rat_movement=False
1,214,140,0.3,rat_movement=False
1,159,120,0.4,rat_movement=False
1,6,20,0.5,rat_movement=False
1,2802,2220,0.0,rat_movement=False
1,379,260,0.6,rat_movement=False
1,329,280,0.7,rat_movement=False
1,673,520,0.8,rat_movement=False
1,651,480,0.9,rat_movement=False
1,77,80,0.01,rat_movement=False
1,708,560,1.0,rat_movement=False
1,46,80,0.03,rat_movement=False
1,82,100,0.05,rat_movement=False
1,75,140,0.07,rat_movement=False
1,61,80,0.09,rat_movement=False
1,67,100,0.1,rat_movement=False
1,32,80,0.2,rat_movement=False
1,41,100,0.3,rat_movement=False
1,257,220,0.4,rat_movement=False
1,2993,2500,0.0,rat_movement=False
1,268,160,0.5,rat_movement=False
1,234,140,0.6,rat_movement=False
1,103,60,0.7,rat_movement=False
1,293,200,0.8,rat_movement=False
1,356,240,0.9,rat_movement=False
1,25,20,0.0,rat_movement=False
1,50,220,0.01,rat_movement=False
1,91,100,0.03,rat_movement=False
1,45,180,0.05,rat_movement=False
1,911,640,1.0,rat_movement=False
1,62,120,0.07,rat_movement=False
1,82,120,0.09,rat_movement=False
1,46,140,0.1,rat_movement=False
1,40,20,0.3,rat_movement=False
1,112,180,0.2,rat_movement=False
1,158,120,0.5,rat_movement=False
1,322,200,0.4,rat_movement=False
1,108,100,0.6,rat_movement=False
1,234,180,0.7,rat_movement=False
1,187,100,0.8,rat_movement=False
1,119,60,1.0,rat_movement=False
1,372,280,0.9,rat_movement=False
1,141,200,0.01,rat_movement=False
1,28,100,0.03,rat_movement=False
1,1026,940,0.0,rat_movement=False
1,29,80,0.05,rat_movement=False
1,56,80,0.07,rat_movement=False
1,77,80,0.09,rat_movement=False
1,99,100,0.1,rat_movement=False
1,19,80,0.2,rat_movement=False
1,64,40,0.3,rat_movement=False
1,229,160,0.4,rat_movement=False
1,331,240,0.5,rat_movement=False
1,230,160,0.6,rat_movement=False
1,251,180,0.7,rat_movement=False
1,15,60,0.8,rat_movement=False
1,213,140,0.9,rat_movement=False
1,286,200,1.0,rat_movement=False
1,402,380,0.0,rat_movement=False
1,111,200,0.01,rat_movement=False
1,98,120,0.03,rat_movement=False
1,69,120,0.05,rat_movement=False
1,51,40,0.07,rat_movement=False
1,79,120,0.09,rat_movement=False
1,47,60,0.1,rat_movement=False
1,68,120,0.2,rat_movement=False
1,181,140,0.3,rat_movement=False
1,46,40,0.4,rat_movement=False
1,28,20,0.5,rat_movement=False
1,237,180,0.6,rat_movement=False
1,92,60,0.7,rat_movement=False
1,174,100,0.8,rat_movement=False
1,25,60,0.9,rat_movement=False
1,444,300,1.0,rat_movement=False
1,114,220,0.01,rat_movement=False
1,82,140,0.03,rat_movement=False
1,41,120,0.05,rat_movement=False
1,27,100,0.07,rat_movement=False
1,84,100,0.09,rat_movement=False
1,63,60,0.1,rat_movement=False
1,125,100,0.2,rat_movement=False
1,27,20,0.4,rat_movement=False
1,161,160,0.3,rat_movement=False
1,140,80,0.5,rat_movement=False
1,2197,1820,0.0,rat_movement=False
1,149,140,0.6,rat_movement=False
1,68,100,0.7,rat_movement=False
1,139,120,0.8,rat_movement=False
1,301,180,1.0,rat_movement=False
1,881,660,0.9,rat_movement=False
1,114,320,0.01,rat_movement=False
1,66,60,0.03,rat_movement=False
1,103,160,0.05,rat_movement=False
1,30,60,0.07,rat_movement=False
1,1077,820,0.0,rat_movement=False
1,68,60,0.09,rat_movement=False
1,76,140,0.1,rat_movement=False
1,41,60,0.2,rat_movement=False
1,73,120,0.3,rat_movement=False
1,226,140,0.4,rat_movement=False
1,176,120,0.5,rat_movement=False
1,215,120,0.7,rat_movement=False
1,334,220,0.6,rat_movement=False
1,259,200,0.8,rat_movement=False
1,635,440,0.9,rat_movement=False
1,284,180,1.0,rat_movement=False
1,115,120,0.0,rat_movement=False
1,77,40,0.03,rat_movement=False
1,99,180,0.01,rat_movement=False
1,29,60,0.05,rat_movement=False
1,44,40,0.07,rat_movement=False
1,76,100,0.09,rat_movement=False
1,75,60,0.1,rat_movement=False
1,225,220,0.2,rat_movement=False
1,66,40,0.4,rat_movement=False
1,195,180,0.3,rat_movement=False
1,105,100,0.5,rat_movement=False
1,29,80,0.6,rat_movement=False
1,126,60,0.7,rat_movement=False
1,333,240,0.8,rat_movement=False
1,408,340,0.9,rat_movement=False
1,277,240,1.0,rat_movement=False
1,75,120,0.03,rat_movement=False
1,129,380,0.01,rat_movement=False
1,57,160,0.05,rat_movement=False
1,59,80,0.07,rat_movement=False
1,71,80,0.09,rat_movement=False
1,96,140,0.1,rat_movement=False
1,109,120,0.2,rat_movement=False
1,67,40,0.3,rat_movement=False
1,1465,1280,0.0,rat_movement=False
1,28,20,0.4,rat_movement=False
1,270,220,0.5,rat_movement=False
1,23,20,0.7,rat_movement=False
1,355,240,0.6,rat_movement=False
1,160,140,0.8,rat_movement=False
1,486,340,0.9,rat_movement=False
1,6,40,1.0,rat_movement=False
1,192,200,0.01,rat_movement=False
1,85,160,0.03,rat_movement=False
1,72,100,0.05,rat_movement=False
1,41,60,0.07,rat_movement=False
1,769,740,0.0,rat_movement=False
1,98,140,0.09,rat_movement=False
1,28,40,0.1,rat_movement=False
1,80,120,0.2,rat_movement=False
1,158,180,0.3,rat_movement=False
1,41,40,0.4,rat_movement=False
1,54,40,0.5,rat_movement=False
1,76,120,0.6,rat_movement=False
1,119,60,0.7,rat_movement=False
1,95,60,0.8,rat_movement=False
1,314,260,0.9,rat_movement=False
1,254,180,1.0,rat_movement=False
1,91,260,0.01,rat_movement=False
1,49,180,0.03,rat_movement=False
1,60,80,0.05,rat_movement=False
1,712,580,0.0,rat_movement=False
1,45,40,0.07,rat_movement=False
1,72,180,0.09,rat_movement=False
1,22,60,0.1,rat_movement=False
1,89,80,0.2,rat_movement=False
1,122,60,0.3,rat_movement=False
1,85,100,0.4,rat_movement=False
1,96,60,0.5,rat_movement=False
1,179,140,0.6,rat_movement=False
1,121,120,0.7,rat_movement=False
1,13,60,0.8,rat_movement=False
1,2,20,0.9,rat_movement=False
1,204,120,1.0,rat_movement=False
1,31,140,0.01,rat_movement=False
1,22,20,0.03,rat_movement=False
1,29,80,0.05,rat_movement=False
1,126,120,0.07,rat_movement=False
1,19,40,0.09,rat_movement=False
1,76,120,0.1,rat_movement=False
1,58,80,0.2,rat_movement=False
1,118,140,0.3,rat_movement=False
1,240,200,0.4,rat_movement=False
1,25,20,0.5,rat_movement=False
1,181,100,0.6,rat_movement=False
1,3210,2540,0.0,rat_movement=False
1,279,200,0.7,rat_movement=False
1,58,40,0.8,rat_movement=False
1,30,100,0.9,rat_movement=False
1,18,20,1.0,rat_movement=False
1,259,240,0.0,rat_movement=False
1,12,60,0.01,rat_movement=False
1,76,180,0.03,rat_movement=False
1,52,80,0.05,rat_movement=False
1,84,160,0.07,rat_movement=False
1,50,120,0.09,rat_movement=False
1,93,100,0.1,rat_movement=False
1,167,120,0.2,rat_movement=False
1,118,100,0.4,rat_movement=False
1,183,200,0.3,rat_movement=False
1,67,60,0.6,rat_movement=False
1,244,200,0.5,rat_movement=False
1,286,180,0.7,rat_movement=False
1,364,260,0.8,rat_movement=False
1,313,200,1.0,rat_movement=False
1,480,340,0.9,rat_movement=False
1,596,560,0.0,rat_movement=False
1,103,280,0.01,rat_movement=False
1,62,40,0.03,rat_movement=False
1,27,20,0.05,rat_movement=False
1,5,40,0.07,rat_movement=False
1,20,60,0.09,rat_movement=False
1,40,120,0.1,rat_movement=False
1,92,60,0.2,rat_movement=False
1,109,140,0.3,rat_movement=False
1,119,200,0.4,rat_movement=False
1,7,20,0.5,rat_movement=False
1,302,180,0.6,rat_movement=False
1,12,20,0.7,rat_movement=False
1,152,100,0.8,rat_movement=False
1,644,460,0.9,rat_movement=False
1,104,60,1.0,rat_movement=False
1,29,40,0.01,rat_movement=False
1,88,80,0.03,rat_movement=False
1,77,120,0.05,rat_movement=False
1,78,140,0.07,rat_movement=False
1,57,100,0.1,rat_movement=False
1,74,140,0.09,rat_movement=False
1,72,100,0.2,rat_movement=False
1,125,60,0.3,rat_movement=False
1,238,220,0.4,rat_movement=False
1,279,200,0.5,rat_movement=False
1,3203,2480,0.0,rat_movement=False
1,302,240,0.6,rat_movement=False
1,28,80,0.7,rat_movement=False
1,14,20,0.8,rat_movement=False
1,219,160,0.9,rat_movement=False
1,93,100,1.0,rat_movement=False
1,96,260,0.01,rat_movement=False
1,104,140,0.03,rat_movement=False
1,49,80,0.05,rat_movement=False
1,47,120,0.07,rat_movement=False
1,84,140,0.09,rat_movement=False
1,56,40,0.1,rat_movement=False
1,1390,1180,0.0,rat_movement=False
1,63,120,0.2,rat_movement=False
1,159,80,0.3,rat_movement=False
1,57,40,0.4,rat_movement=False
1,162,140,0.5,rat_movement=False
1,222,200,0.6,rat_movement=False
1,221,180,0.7,rat_movement=False
1,106,60,0.9,rat_movement=False
1,372,240,0.8,rat_movement=False
1,301,180,1.0,rat_movement=False
1,70,80,0.03,rat_movement=False
1,79,240,0.01,rat_movement=False
1,60,80,0.05,rat_movement=False
1,65,40,0.07,rat_movement=False
1,42,60,0.09,rat_movement=False
1,88,140,0.1,rat_movement=False
1,126,160,0.2,rat_movement=False
1,34,20,0.3,rat_movement=False
1,1499,1160,0.0,rat_movement=False
1,67,40,0.5,rat_movement=False
1,283,260,0.4,rat_movement=False
1,94,60,0.6,rat_movement=False
1,726,520,0.7,rat_movement=False
1,11,60,0.8,rat_movement=False
1,54,80,0.9,rat_movement=False
1,219,160,1.0,rat_movement=False
1,88,160,0.01,rat_movement=False
1,151,180,0.03,rat_movement=False
1,1183,900,0.0,rat_movement=False
1,51,40,0.05,rat_movement=False
1,54,100,0.07,rat_movement=False
1,9,40,0.09,rat_movement=False
1,16,80,0.1,rat_movement=False
1,161,120,0.2,rat_movement=False
1,84,140,0.3,rat_movement=False
1,175,140,0.4,rat_movement=False
1,280,180,0.5,rat_movement=False
1,230,140,0.6,rat_movement=False
1,10,20,0.8,rat_movement=False
1,461,320,0.7,rat_movement=False
1,7,20,1.0,rat_movement=False
1,551,400,0.9,rat_movement=False
1,114,340,0.01,rat_movement=False
1,72,200,0.03,rat_movement=False
1,30,40,0.05,rat_movement=False
1,63,80,0.07,rat_movement=False
1,62,80,0.09,rat_movement=False
1,65,60,0.1,rat_movement=False
1,96,80,0.2,rat_movement=False
1,74,100,0.3,rat_movement=False
1,314,240,0.4,rat_movement=False
1,65,40,0.5,rat_movement=False
1,2707,2120,0.0,rat_movement=False
1,2,20,0.7,rat_movement=False
1,440,340,0.6,rat_movement=False
1,315,240,0.9,rat_movement=False
1,680,500,0.8,rat_movement=False
1,427,320,0.0,rat_movement=False
1,22,60,0.01,rat_movement=False
1,633,400,1.0,rat_movement=False
1,99,140,0.03,rat_movement=False
1,40,40,0.05,rat_movement=False
1,25,60,0.07,rat_movement=False
1,76,140,0.09,rat_movement=False
1,46,120,0.1,rat_movement=False
1,185,160,0.2,rat_movement=False
1,52,40,0.3,rat_movement=False
1,29,20,0.4,rat_movement=False
1,9,20,0.5,rat_movement=False
1,463,360,0.6,rat_movement=False
1,247,200,0.7,rat_movement=False
1,32,80,0.8,rat_movement=False
1,528,360,0.9,rat_movement=False
1,34,20,1.0,rat_movement=False
1,219,220,0.0,rat_movement=False
1,173,320,0.01,rat_movement=False
1,51,100,0.03,rat_movement=False
1,42,60,0.07,rat_movement=False
1,68,140,0.05,rat_movement=False
1,49,60,0.1,rat_movement=False
1,77,120,0.09,rat_movement=False
1,97,80,0.2,rat_movement=False
1,16,60,0.3,rat_movement=False
1,215,200,0.4,rat_movement=False
1,115,60,0.5,rat_movement=False
1,104,100,0.7,rat_movement=False
1,190,220,0.6,rat_movement=False
1,448,280,0.8,rat_movement=False
1,54,80,1.0,rat_movement=False
1,410,320,0.9,rat_movement=False
1,90,200,0.03,rat_movement=False
1,187,360,0.01,rat_movement=False
1,97,80,0.05,rat_movement=False
1,77,80,0.07,rat_movement=False
1,552,460,0.0,rat_movement=False
1,44,140,0.09,rat_movement=False
1,50,60,0.1,rat_movement=False
1,72,120,0.2,rat_movement=False
1,44,60,0.4,rat_movement=False
1,111,200,0.3,rat_movement=False
1,82,40,0.5,rat_movement=False
1,275,220,0.6,rat_movement=False
1,66,40,0.7,rat_movement=False
1,29,20,0.8,rat_movement=False
1,153,160,0.9,rat_movement=False
1,413,280,1.0,rat_movement=False
1,76,60,0.01,rat_movement=False
1,331,340,0.0,rat_movement=False
1,13,20,0.03,rat_movement=False
1,96,120,0.05,rat_movement=False
1,17,80,0.07,rat_movement=False
1,80,40,0.09,rat_movement=False
1,39,40,0.1,rat_movement=False
1,81,120,0.2,rat_movement=False
1,53,80,0.3,rat_movement=False
1,136,80,0.5,rat_movement=False
1,268,180,0.4,rat_movement=False
1,207,140,0.6,rat_movement=False
1,80,40,0.8,rat_movement=False
1,495,300,0.7,rat_movement=False
1,51,40,1.0,rat_movement=False
1,471,320,0.9,rat_movement=False
1,260,300,0.0,rat_movement=False
1,105,180,0.01,rat_movement=False
1,36,100,0.03,rat_movement=False
1,134,180,0.05,rat_movement=False
1,60,60,0.07,rat_movement=False
1,88,60,0.09,rat_movement=False
1,48,100,0.1,rat_movement=False
1,141,120,0.2,rat_movement=False
1,244,180,0.3,rat_movement=False
1,88,80,0.4,rat_movement=False
1,213,220,0.5,rat_movement=False
1,478,320,0.6,rat_movement=False
1,80,40,0.7,rat_movement=False
1,21,80,0.8,rat_movement=False
1,159,120,1.0,rat_movement=False
1,394,300,0.9,rat_movement=False
1,644,600,0.0,rat_movement=False
1,97,260,0.01,rat_movement=False
1,105,160,0.03,rat_movement=False
1,25,120,0.05,rat_movement=False
1,63,120,0.07,rat_movement=False
1,87,80,0.09,rat_movement=False
1,56,100,0.1,rat_movement=False
1,58,80,0.2,rat_movement=False
1,300,220,0.3,rat_movement=False
1,183,160,0.4,rat_movement=False
1,331,180,0.5,rat_movement=False
1,241,140,0.6,rat_movement=False
1,25,100,0.7,rat_movement=False
1,283,260,0.8,rat_movement=False
1,416,280,0.9,rat_movement=False
1,219,120,1.0,rat_movement=False
1,69,140,0.01,rat_movement=False
1,76,200,0.03,rat_movement=False
1,96,200,0.05,rat_movement=False
1,103,100,0.07,rat_movement=False
1,635,580,0.0,rat_movement=False
1,94,160,0.09,rat_movement=False
1,104,100,0.1,rat_movement=False
1,173,100,0.2,rat_movement=False
1,142,100,0.3,rat_movement=False
1,176,120,0.4,rat_movement=False
1,324,220,0.5,rat_movement=False
1,210,160,0.6,rat_movement=False
1,217,160,0.8,rat_movement=False
1,450,360,0.7,rat_movement=False
1,551,360,0.9,rat_movement=False
1,370,280,1.0,rat_movement=False
1,113,100,0.0,rat_movement=False
1,31,40,0.01,rat_movement=False
1,63,40,0.03,rat_movement=False
1,83,200,0.05,rat_movement=False
1,82,120,0.07,rat_movement=False
1,51,40,0.09,rat_movement=False
1,75,40,0.1,rat_movement=False
1,56,100,0.2,rat_movement=False
1,66,100,0.3,rat_movement=False
1,27,60,0.4,rat_movement=False
1,213,160,0.5,rat_movement=False
1,66,40,0.7,rat_movement=False
1,324,280,0.6,rat_movement=False
1,317,240,0.8,rat_movement=False
1,248,200,0.9,rat_movement=False
1,311,200,1.0,rat_movement=False
1,52,80,0.01,rat_movement=False
1,33,40,0.03,rat_movement=False
1,17,20,0.05,rat_movement=False
1,90,120,0.07,rat_movement=False
1,57,140,0.09,rat_movement=False
1,32,100,0.1,rat_movement=False
1,12,20,0.2,rat_movement=False
1,207,180,0.3,rat_movement=False
1,122,60,0.4,rat_movement=False
1,5,40,0.5,rat_movement=False
1,2742,2240,0.0,rat_movement=False
1,47,20,0.6,rat_movement=False
1,11,40,0.7,rat_movement=False
1,341,260,0.8,rat_movement=False
1,689,480,0.9,rat_movement=False
1,93,60,1.0,rat_movement=False
1,142,400,0.01,rat_movement=False
1,80,60,0.03,rat_movement=False
1,735,580,0.0,rat_movement=False
1,57,60,0.05,rat_movement=False
1,82,80,0.07,rat_movement=False
1,128,160,0.09,rat_movement=False
1,86,100,0.1,rat_movement=False
1,134,200,0.2,rat_movement=False
1,173,140,0.3,rat_movement=False
1,54,40,0.4,rat_movement=False
1,36,20,0.5,rat_movement=False
1,249,180,0.6,rat_movement=False
1,246,240,0.7,rat_movement=False
1,120,60,0.8,rat_movement=False
1,302,220,0.9,rat_movement=False
1,464,360,1.0,rat_movement=False
1,39,120,0.01,rat_movement=False
1,2,20,0.03,rat_movement=False
1,680,560,0.0,rat_movement=False
1,89,80,0.05,rat_movement=False
1,10,60,0.07,rat_movement=False
1,59,60,0.09,rat_movement=False
1,19,40,0.2,rat_movement=False
1,84,140,0.1,rat_movement=False
1,192,140,0.3,rat_movement=False
1,54,40,0.4,rat_movement=False
1,274,160,0.5,rat_movement=False
1,57,120,0.6,rat_movement=False
1,35,80,0.7,rat_movement=False
1,257,180,0.8,rat_movement=False
1,56,40,0.9,rat_movement=False
1,555,400,1.0,rat_movement=False
1,15,20,0.01,rat_movement=False
1,115,120,0.03,rat_movement=False
1,48,120,0.05,rat_movement=False
1,1554,1220,0.0,rat_movement=False
1,108,160,0.07,rat_movement=False
1,80,80,0.09,rat_movement=False
1,67,80,0.1,rat_movement=False
1,21,40,0.2,rat_movement=False
1,133,80,0.3,rat_movement=False
1,187,100,0.4,rat_movement=False
1,112,80,0.5,rat_movement=False
1,52,40,0.6,rat_movement=False
1,147,80,0.7,rat_movement=False
1,518,380,0.8,rat_movement=False
1,233,140,1.0,rat_movement=False
1,613,460,0.9,rat_movement=False
1,85,100,0.01,rat_movement=False
1,35,40,0.03,rat_movement=False
1,573,480,0.0,rat_movement=False
1,60,140,0.05,rat_movement=False
1,60,60,0.07,rat_movement=False
1,100,160,0.09,rat_movement=False
1,80,140,0.1,rat_movement=False
1,47,100,0.2,rat_movement=False
1,39,80,0.3,rat_movement=False
1,32,20,0.5,rat_movement=False
1,92,160,0.4,rat_movement=False
1,271,200,0.6,rat_movement=False
1,22,20,0.7,rat_movement=False
1,259,180,0.9,rat_movement=False
1,502,360,0.8,rat_movement=False
1,265,180,1.0,rat_movement=False
1,390,340,0.0,rat_movement=False
1,58,80,0.03,rat_movement=False
1,43,80,0.05,rat_movement=False
1,272,340,0.01,rat_movement=False
1,86,140,0.07,rat_movement=False
1,60,120,0.09,rat_movement=False
1,89,80,0.1,rat_movement=False
1,87,60,0.2,rat_movement=False
1,79,100,0.3,rat_movement=False
1,144,160,0.4,rat_movement=False
1,8,20,0.5,rat_movement=False
1,81,80,0.6,rat_movement=False
1,78,40,0.7,rat_movement=False
1,17,40,0.8,rat_movement=False
1,28,20,0.9,rat_movement=False
1,43,60,1.0,rat_movement=False
1,91,280,0.01,rat_movement=False
1,12,20,0.03,rat_movement=False
1,1265,1120,0.0,rat_movement=False
1,108,140,0.05,rat_movement=False
1,94,140,0.07,rat_movement=False
1,81,120,0.09,rat_movement=False
1,56,120,0.1,rat_movement=False
1,133,160,0.2,rat_movement=False
1,226,160,0.3,rat_movement=False
1,49,140,0.4,rat_movement=False
1,74,40,0.6,rat_movement=False
1,225,160,0.5,rat_movement=False
1,171,120,0.8,rat_movement=False
1,24,100,1.0,rat_movement=False
1,586,420,0.7,rat_movement=False
1,490,400,0.9,rat_movement=False
1,67,120,0.01,rat_movement=False
1,55,100,0.03,rat_movement=False
1,482,460,0.0,rat_movement=False
1,75,120,0.05,rat_movement=False
1,38,20,0.07,rat_movement=False
1,81,40,0.09,rat_movement=False
1,121,140,0.1,rat_movement=False
1,137,140,0.2,rat_movement=False
1,180,120,0.3,rat_movement=False
1,270,220,0.4,rat_movement=False
1,183,100,0.5,rat_movement=False
1,361,260,0.6,rat_movement=False
1,69,40,0.8,rat_movement=False
1,181,100,0.7,rat_movement=False
1,72,40,0.9,rat_movement=False
1,377,260,1.0,rat_movement=False
1,50,100,0.01,rat_movement=False
1,124,160,0.03,rat_movement=False
1,36,60,0.05,rat_movement=False
1,868,700,0.0,rat_movement=False
1,49,80,0.09,rat_movement=False
1,103,180,0.07,rat_movement=False
1,81,120,0.1,rat_movement=False
1,81,60,0.2,rat_movement=False
1,228,180,0.3,rat_movement=False
1,71,100,0.5,rat_movement=False
1,102,120,0.4,rat_movement=False
1,54,40,0.7,rat_movement=False
1,354,260,0.6,rat_movement=False
1,132,60,0.8,rat_movement=False
1,145,80,0.9,rat_movement=False
1,438,320,1.0,rat_movement=False
1,94,180,0.01,rat_movement=False
1,37,100,0.03,rat_movement=False
1,67,100,0.05,rat_movement=False
1,20,60,0.07,rat_movement=False
1,77,80,0.09,rat_movement=False
1,104,120,0.1,rat_movement=False
1,16,20,0.2,rat_movement=False
1,7,20,0.3,rat_movement=False
1,41,20,0.4,rat_movement=False
1,292,180,0.5,rat_movement=False
1,12,60,0.6,rat_movement=False
1,13,40,0.7,rat_movement=False
1,1921,1580,0.0,rat_movement=False
1,152,100,0.8,rat_movement=False
1,274,160,0.9,rat_movement=False
1,315,240,1.0,rat_movement=False
1,103,120,0.01,rat_movement=False
1,110,200,0.03,rat_movement=False
1,38,20,0.05,rat_movement=False
1,17,20,0.07,rat_movement=False
1,78,80,0.09,rat_movement=False
1,115,160,0.1,rat_movement=False
1,31,80,0.2,rat_movement=False
1,67,80,0.3,rat_movement=False
1,296,200,0.4,rat_movement=False
1,31,80,0.5,rat_movement=False
1,185,160,0.6,rat_movement=False
1,249,200,0.7,rat_movement=False
1,157,140,0.8,rat_movement=False
1,3111,2420,0.0,rat_movement=False
1,511,360,1.0,rat_movement=False
1,137,140,0.0,rat_movement=False
1,194,240,0.01,rat_movement=False
1,129,240,0.03,rat_movement=False
1,48,160,0.05,rat_movement=False
1,98,140,0.07,rat_movement=False
1,1172,880,0.9,rat_movement=False
1,87,140,0.09,rat_movement=False
1,12,40,0.1,rat_movement=False
1,11,40,0.05,rat_movement=True
1,32,40,0.01,rat_movement=True
1,122,220,0.07,rat_movement=True
1,190,300,0.03,rat_movement=True
1,119,80,0.2,rat_movement=True
1,45,60,0.3,rat_movement=True
1,897,1080,0.0,rat_movement=True
1,469,580,0.09,rat_movement=True
1,425,600,0.1,rat_movement=True
1,5,20,0.6,rat_movement=True
1,182,120,0.4,rat_movement=True
1,30,40,0.7,rat_movement=True
1,68,40,0.8,rat_movement=True
1,146,220,0.5,rat_movement=True
1,31,20,1.0,rat_movement=True
1,63,120,0.01,rat_movement=True
1,306,340,0.9,rat_movement=True
1,54,60,0.03,rat_movement=True
1,88,80,0.05,rat_movement=True
1,130,120,0.07,rat_movement=True
1,687,840,0.0,rat_movement=True
1,79,120,0.2,rat_movement=True
1,22,60,0.5,rat_movement=True
1,267,360,0.09,rat_movement=True
1,118,180,0.3,rat_movement=True
1,229,360,0.1,rat_movement=True
1,27,60,0.7,rat_movement=True
1,359,520,0.4,rat_movement=True
1,39,20,0.9,rat_movement=True
1,399,420,0.6,rat_movement=True
1,65,40,1.0,rat_movement=True
1,168,240,0.0,rat_movement=True
1,95,180,0.01,rat_movement=True
1,558,480,0.8,rat_movement=True
1,29,60,0.05,rat_movement=True
1,45,20,0.09,rat_movement=True
1,94,140,0.07,rat_movement=True
1,48,60,0.1,rat_movement=True
1,38,80,0.2,rat_movement=True
1,33,20,0.3,rat_movement=True
1,508,740,0.03,rat_movement=True
1,177,140,0.4,rat_movement=True
1,237,240,0.6,rat_movement=True
1,402,480,0.5,rat_movement=True
1,264,300,0.8,rat_movement=True
1,354,360,0.7,rat_movement=True
1,123,120,0.0,rat_movement=True
1,327,320,0.9,rat_movement=True
1,125,160,0.01,rat_movement=True
1,108,200,0.03,rat_movement=True
1,72,120,0.05,rat_movement=True
1,19,40,0.09,rat_movement=True
1,107,200,0.07,rat_movement=True
1,573,480,1.0,rat_movement=True
1,57,120,0.2,rat_movement=True
1,117,220,0.1,rat_movement=True
1,120,140,0.3,rat_movement=True
1,123,120,0.7,rat_movement=True
1,115,300,0.6,rat_movement=True
1,318,540,0.4,rat_movement=True
1,443,320,0.5,rat_movement=True
1,282,280,0.8,rat_movement=True
1,113,160,0.0,rat_movement=True
1,96,80,0.01,rat_movement=True
1,6,20,0.05,rat_movement=True
1,343,400,0.9,rat_movement=True
1,100,100,0.03,rat_movement=True
1,54,60,0.07,rat_movement=True
1,333,380,1.0,rat_movement=True
1,36,20,0.1,rat_movement=True
1,159,260,0.09,rat_movement=True
1,31,40,0.3,rat_movement=True
1,223,220,0.2,rat_movement=True
1,191,200,0.4,rat_movement=True
1,257,380,0.5,rat_movement=True
1,97,100,0.9,rat_movement=True
1,120,140,0.0,rat_movement=True
1,35,80,0.03,rat_movement=True
1,520,420,0.8,rat_movement=True
1,848,620,0.6,rat_movement=True
1,34,60,0.07,rat_movement=True
1,476,460,1.0,rat_movement=True
1,50,40,0.09,rat_movement=True
1,348,460,0.01,rat_movement=True
1,276,520,0.05,rat_movement=True
1,136,160,0.2,rat_movement=True
1,99,120,0.3,rat_movement=True
1,32,60,0.4,rat_movement=True
1,198,380,0.1,rat_movement=True
1,34,40,0.5,rat_movement=True
1,339,300,0.6,rat_movement=True
1,60,60,0.9,rat_movement=True
1,288,260,0.8,rat_movement=True
1,2,20,0.0,rat_movement=True
1,198,180,1.0,rat_movement=True
1,205,240,0.01,rat_movement=True
1,138,380,0.03,rat_movement=True
1,117,180,0.05,rat_movement=True
1,57,100,0.09,rat_movement=True
1,31,40,0.1,rat_movement=True
1,25,40,0.2,rat_movement=True
1,208,200,0.07,rat_movement=True
1,119,120,0.3,rat_movement=True
1,10,20,0.5,rat_movement=True
1,105,140,0.4,rat_movement=True
1,133,100,0.7,rat_movement=True
1,24,20,0.8,rat_movement=True
1,90,140,0.9,rat_movement=True
1,159,220,0.0,rat_movement=True
1,34,40,0.05,rat_movement=True
1,142,200,0.03,rat_movement=True
1,13,40,0.09,rat_movement=True
1,465,420,1.0,rat_movement=True
1,38,40,0.1,rat_movement=True
1,160,320,0.07,rat_movement=True
1,99,80,0.2,rat_movement=True
1,29,20,0.3,rat_movement=True
1,118,100,0.4,rat_movement=True
1,4,20,0.5,rat_movement=True
1,643,840,0.01,rat_movement=True
1,63,40,0.6,rat_movement=True
1,18,20,0.7,rat_movement=True
1,40,20,0.8,rat_movement=True
1,47,40,1.0,rat_movement=True
1,207,200,0.9,rat_movement=True
1,95,180,0.01,rat_movement=True
1,15,40,0.03,rat_movement=True
1,52,60,0.05,rat_movement=True
1,70,60,0.07,rat_movement=True
1,90,80,0.09,rat_movement=True
1,38,40,0.1,rat_movement=True
1,58,60,0.2,rat_movement=True
1,128,200,0.3,rat_movement=True
1,92,300,0.4,rat_movement=True
1,53,40,0.6,rat_movement=True
1,106,120,0.5,rat_movement=True
1,951,1200,0.0,rat_movement=True
1,232,280,0.7,rat_movement=True
1,218,240,0.9,rat_movement=True
1,124,100,0.01,rat_movement=True
1,321,300,1.0,rat_movement=True
1,674,560,0.8,rat_movement=True
1,66,60,0.03,rat_movement=True
1,13,40,0.05,rat_movement=True
1,20,40,0.07,rat_movement=True
1,101,60,0.09,rat_movement=True
1,98,280,0.1,rat_movement=True
1,601,860,0.0,rat_movement=True
1,5,20,0.3,rat_movement=True
1,202,340,0.2,rat_movement=True
1,119,160,0.4,rat_movement=True
1,96,80,0.6,rat_movement=True
1,64,80,0.7,rat_movement=True
1,448,360,0.5,rat_movement=True
1,142,160,1.0,rat_movement=True
1,347,300,0.8,rat_movement=True
1,261,400,0.9,rat_movement=True
1,33,20,0.03,rat_movement=True
1,109,240,0.01,rat_movement=True
1,46,60,0.05,rat_movement=True
1,22,20,0.07,rat_movement=True
1,38,80,0.09,rat_movement=True
1,47,60,0.1,rat_movement=True
1,98,160,0.2,rat_movement=True
1,66,100,0.4,rat_movement=True
1,125,140,0.5,rat_movement=True
1,51,40,0.6,rat_movement=True
1,318,560,0.3,rat_movement=True
1,5,20,0.8,rat_movement=True
1,186,280,0.7,rat_movement=True
1,24,20,1.0,rat_movement=True
1,84,60,0.9,rat_movement=True
1,31,20,0.01,rat_movement=True
1,54,60,0.03,rat_movement=True
1,126,160,0.05,rat_movement=True
1,1118,1340,0.0,rat_movement=True
1,36,60,0.07,rat_movement=True
1,48,60,0.09,rat_movement=True
1,2,20,0.1,rat_movement=True
1,156,120,0.2,rat_movement=True
1,348,340,0.3,rat_movement=True
1,57,100,0.4,rat_movement=True
1,457,380,0.6,rat_movement=True
1,582,420,0.5,rat_movement=True
1,1444,1820,0.0,rat_movement=True
1,95,160,0.8,rat_movement=True
1,109,100,0.9,rat_movement=True
1,295,320,0.7,rat_movement=True
1,321,360,1.0,rat_movement=True
1,90,140,0.03,rat_movement=True
1,265,360,0.0,rat_movement=True
1,302,420,0.01,rat_movement=True
1,9,20,0.09,rat_movement=True
1,167,300,0.05,rat_movement=True
1,113,200,0.07,rat_movement=True
1,97,140,0.2,rat_movement=True
1,168,240,0.1,rat_movement=True
1,94,140,0.3,rat_movement=True
1,152,160,0.4,rat_movement=True
1,286,380,0.6,rat_movement=True
1,411,460,0.5,rat_movement=True
1,340,280,0.7,rat_movement=True
1,374,500,0.9,rat_movement=True
1,117,200,0.01,rat_movement=True
1,30,20,0.05,rat_movement=True
1,333,360,0.0,rat_movement=True
1,93,140,0.03,rat_movement=True
1,44,20,0.07,rat_movement=True
1,508,440,1.0,rat_movement=True
1,88,80,0.09,rat_movement=True
1,120,100,0.1,rat_movement=True
1,53,40,0.2,rat_movement=True
1,165,240,0.4,rat_movement=True
1,1319,1200,0.8,rat_movement=True
1,20,100,0.6,rat_movement=True
1,390,580,0.3,rat_movement=True
1,554,420,0.5,rat_movement=True
1,380,500,1.0,rat_movement=True
1,16,20,0.0,rat_movement=True
1,1341,1100,0.7,rat_movement=True
1,907,800,0.9,rat_movement=True
1,289,420,0.01,rat_movement=True
1,121,180,0.03,rat_movement=True
1,37,120,0.05,rat_movement=True
1,60,120,0.07,rat_movement=True
1,87,100,0.2,rat_movement=True
1,131,240,0.1,rat_movement=True
1,188,380,0.09,rat_movement=True
1,30,40,0.3,rat_movement=True
1,160,140,0.4,rat_movement=True
1,26,20,0.6,rat_movement=True
1,84,40,0.7,rat_movement=True
1,637,740,0.5,rat_movement=True
1,249,180,0.8,rat_movement=True
1,45,40,1.0,rat_movement=True
1,53,60,0.03,rat_movement=True
1,45,100,0.05,rat_movement=True
1,182,220,0.01,rat_movement=True
1,538,520,0.9,rat_movement=True
1,101,120,0.07,rat_movement=True
1,298,380,0.0,rat_movement=True
1,62,40,0.1,rat_movement=True
1,54,40,0.3,rat_movement=True
1,117,260,0.2,rat_movement=True
1,48,120,0.4,rat_movement=True
1,72,80,0.6,rat_movement=True
1,393,600,0.09,rat_movement=True
1,424,540,0.5,rat_movement=True
1,22,20,0.9,rat_movement=True
1,358,400,0.7,rat_movement=True
1,600,460,0.8,rat_movement=True
1,114,100,0.03,rat_movement=True
1,509,520,1.0,rat_movement=True
1,56,160,0.05,rat_movement=True
1,30,20,0.07,rat_movement=True
1,487,580,0.01,rat_movement=True
1,204,380,0.09,rat_movement=True
1,53,40,0.1,rat_movement=True
1,64,120,0.2,rat_movement=True
1,91,200,0.3,rat_movement=True
1,127,200,0.4,rat_movement=True
1,41,20,0.5,rat_movement=True
1,53,80,0.6,rat_movement=True
1,28,20,0.8,rat_movement=True
1,1327,1420,0.0,rat_movement=True
1,321,280,0.7,rat_movement=True
1,351,340,0.9,rat_movement=True
1,163,340,0.01,rat_movement=True
1,220,280,0.0,rat_movement=True
1,18,80,0.07,rat_movement=True
1,161,220,0.03,rat_movement=True
1,68,80,0.05,rat_movement=True
1,440,400,1.0,rat_movement=True
1,190,280,0.09,rat_movement=True
1,170,140,0.1,rat_movement=True
1,227,260,0.2,rat_movement=True
1,279,300,0.3,rat_movement=True
1,111,280,0.4,rat_movement=True
1,162,240,0.5,rat_movement=True
1,88,120,0.8,rat_movement=True
1,310,240,0.6,rat_movement=True
1,226,180,0.9,rat_movement=True
1,325,340,1.0,rat_movement=True
1,177,360,0.01,rat_movement=True
1,145,200,0.03,rat_movement=True
1,432,500,0.0,rat_movement=True
1,35,40,0.07,rat_movement=True
1,115,200,0.05,rat_movement=True
1,101,240,0.09,rat_movement=True
1,35,20,0.1,rat_movement=True
1,34,40,0.2,rat_movement=True
1,1649,1240,0.7,rat_movement=True
1,130,160,0.4,rat_movement=True
1,197,300,0.3,rat_movement=True
1,95,140,0.5,rat_movement=True
1,75,120,0.8,rat_movement=True
1,300,300,0.7,rat_movement=True
1,605,480,0.6,rat_movement=True
1,68,100,0.0,rat_movement=True
1,290,300,1.0,rat_movement=True
1,68,180,0.05,rat_movement=True
1,150,220,0.03,rat_movement=True
1,76,80,0.07,rat_movement=True
1,589,600,0.9,rat_movement=True
1,17,20,0.2,rat_movement=True
1,153,280,0.1,rat_movement=True
1,249,400,0.09,rat_movement=True
1,24,20,0.4,rat_movement=True
1,144,200,0.3,rat_movement=True
1,40,40,0.6,rat_movement=True
1,238,160,0.5,rat_movement=True
1,43,40,0.8,rat_movement=True
1,175,200,0.7,rat_movement=True
1,979,940,0.01,rat_movement=True
1,36,60,0.9,rat_movement=True
1,76,60,1.0,rat_movement=True
1,55,40,0.0,rat_movement=True
1,42,40,0.05,rat_movement=True
1,292,420,0.03,rat_movement=True
1,79,140,0.07,rat_movement=True
1,56,180,0.1,rat_movement=True
1,686,880,0.01,rat_movement=True
1,3,20,0.2,rat_movement=True
1,214,420,0.09,rat_movement=True
1,57,60,0.3,rat_movement=True
1,263,320,0.5,rat_movement=True
1,92,100,0.7,rat_movement=True
1,340,460,0.6,rat_movement=True
1,817,960,0.4,rat_movement=True
1,26,20,1.0,rat_movement=True
1,164,120,0.0,rat_movement=True
1,83,160,0.01,rat_movement=True
1,586,520,0.9,rat_movement=True
1,155,240,0.03,rat_movement=True
1,85,120,0.07,rat_movement=True
1,1212,1020,0.8,rat_movement=True
1,84,120,0.09,rat_movement=True
1,445,600,0.05,rat_movement=True
1,96,160,0.2,rat_movement=True
1,156,280,0.1,rat_movement=True
1,23,20,0.3,rat_movement=True
1,49,80,0.5,rat_movement=True
1,146,300,0.4,rat_movement=True
1,278,240,0.6,rat_movement=True
1,64,60,0.9,rat_movement=True
1,301,300,0.7,rat_movement=True
1,347,300,0.8,rat_movement=True
1,109,120,1.0,rat_movement=True
1,111,140,0.01,rat_movement=True
1,61,100,0.03,rat_movement=True
1,32,60,0.05,rat_movement=True
1,21,20,0.1,rat_movement=True
1,169,280,0.07,rat_movement=True
1,17,40,0.2,rat_movement=True
1,290,540,0.09,rat_movement=True
1,438,620,0.3,rat_movement=True
1,145,220,0.4,rat_movement=True
1,165,200,0.5,rat_movement=True
1,1254,1580,0.0,rat_movement=True
1,238,300,0.6,rat_movement=True
1,51,40,0.9,rat_movement=True
1,246,440,0.8,rat_movement=True
1,475,560,0.7,rat_movement=True
1,301,280,1.0,rat_movement=True
1,2,20,0.05,rat_movement=True
1,90,140,0.03,rat_movement=True
1,7,40,0.07,rat_movement=True
1,351,640,0.01,rat_movement=True
1,82,60,0.09,rat_movement=True
1,545,520,0.0,rat_movement=True
1,82,160,0.1,rat_movement=True
1,101,120,0.2,rat_movement=True
1,32,100,0.5,rat_movement=True
1,108,100,0.3,rat_movement=True
1,39,60,0.6,rat_movement=True
1,104,200,0.4,rat_movement=True
1,86,60,0.7,rat_movement=True
1,37,60,0.9,rat_movement=True
1,50,80,1.0,rat_movement=True
1,289,260,0.8,rat_movement=True
1,116,220,0.01,rat_movement=True
1,65,140,0.03,rat_movement=True
1,41,40,0.07,rat_movement=True
1,76,100,0.09,rat_movement=True
1,63,60,0.1,rat_movement=True
1,122,220,0.05,rat_movement=True
1,386,460,0.0,rat_movement=True
1,50,60,0.4,rat_movement=True
1,123,100,0.3,rat_movement=True
1,209,360,0.2,rat_movement=True
1,7,20,0.8,rat_movement=True
1,215,300,0.6,rat_movement=True
1,326,520,0.5,rat_movement=True
1,178,220,0.9,rat_movement=True
1,25,40,0.03,rat_movement=True
1,280,300,1.0,rat_movement=True
1,56,40,0.07,rat_movement=True
1,204,260,0.05,rat_movement=True
1,300,520,0.01,rat_movement=True
1,53,80,0.1,rat_movement=True
1,787,780,0.7,rat_movement=True
1,86,80,0.3,rat_movement=True
1,180,260,0.2,rat_movement=True
1,86,140,0.6,rat_movement=True
1,220,220,0.5,rat_movement=True
1,283,360,0.4,rat_movement=True
1,0,20,0.8,rat_movement=True
1,665,860,0.09,rat_movement=True
1,155,240,0.7,rat_movement=True
1,15,20,0.0,rat_movement=True
1,217,200,1.0,rat_movement=True
1,245,500,0.9,rat_movement=True
1,59,80,0.03,rat_movement=True
1,75,120,0.01,rat_movement=True
1,103,140,0.05,rat_movement=True
1,1787,1660,0.0,rat_movement=True
1,24,20,0.09,rat_movement=True
1,22,20,0.1,rat_movement=True
1,70,80,0.2,rat_movement=True
1,45,40,0.3,rat_movement=True
1,21,20,0.5,rat_movement=True
1,135,180,0.4,rat_movement=True
1,30,60,0.6,rat_movement=True
1,601,900,0.07,rat_movement=True
1,70,40,0.8,rat_movement=True
1,60,180,0.01,rat_movement=True
1,355,340,1.0,rat_movement=True
1,317,340,0.0,rat_movement=True
1,607,660,0.7,rat_movement=True
1,57,60,0.05,rat_movement=True
1,488,420,0.9,rat_movement=True
1,182,340,0.03,rat_movement=True
1,114,60,0.09,rat_movement=True
1,65,140,0.1,rat_movement=True
1,196,340,0.07,rat_movement=True
1,75,100,0.2,rat_movement=True
1,80,60,0.3,rat_movement=True
1,140,140,0.4,rat_movement=True
1,115,160,0.6,rat_movement=True
1,290,280,0.5,rat_movement=True
1,78,60,0.7,rat_movement=True
1,68,60,0.8,rat_movement=True
1,51,40,0.9,rat_movement=True
1,139,160,0.0,rat_movement=True
1,83,80,0.01,rat_movement=True
1,47,100,0.03,rat_movement=True
1,45,100,0.07,rat_movement=True
1,64,100,0.09,rat_movement=True
1,5,20,0.1,rat_movement=True
1,362,580,0.05,rat_movement=True
1,105,120,0.4,rat_movement=True
1,273,340,0.2,rat_movement=True
1,182,240,0.3,rat_movement=True
1,1253,1020,1.0,rat_movement=True
1,0,20,0.7,rat_movement=True
1,221,320,0.5,rat_movement=True
1,306,240,0.8,rat_movement=True
1,448,380,0.6,rat_movement=True
1,68,60,1.0,rat_movement=True
1,37,160,0.03,rat_movement=True
1,211,380,0.01,rat_movement=True
1,610,580,0.9,rat_movement=True
1,161,260,0.05,rat_movement=True
1,143,160,0.07,rat_movement=True
1,50,40,0.09,rat_movement=True
1,45,60,0.1,rat_movement=True
1,147,100,0.2,rat_movement=True
1,655,860,0.0,rat_movement=True
1,107,280,0.3,rat_movement=True
1,67,220,0.4,rat_movement=True
1,84,100,0.5,rat_movement=True
1,83,80,0.6,rat_movement=True
1,248,200,0.7,rat_movement=True
1,317,260,0.9,rat_movement=True
1,151,160,0.0,rat_movement=True
1,370,420,1.0,rat_movement=True
1,110,180,0.03,rat_movement=True
1,87,80,0.05,rat_movement=True
1,260,360,0.01,rat_movement=True
1,49,100,0.07,rat_movement=True
1,30,20,0.09,rat_movement=True
1,47,120,0.1,rat_movement=True
1,27,60,0.3,rat_movement=True
1,26,20,0.4,rat_movement=True
1,125,180,0.2,rat_movement=True
1,68,40,0.5,rat_movement=True
1,54,40,0.7,rat_movement=True
1,1512,1440,0.8,rat_movement=True
1,44,40,1.0,rat_movement=True
1,440,360,0.6,rat_movement=True
1,26,20,0.01,rat_movement=True
1,440,560,0.8,rat_movement=True
1,36,20,0.03,rat_movement=True
1,485,460,0.9,rat_movement=True
1,48,100,0.05,rat_movement=True
1,105,120,0.07,rat_movement=True
1,7,20,0.09,rat_movement=True
1,43,80,0.1,rat_movement=True
1,58,40,0.2,rat_movement=True
1,584,640,0.0,rat_movement=True
1,12,40,0.6,rat_movement=True
1,237,340,0.4,rat_movement=True
1,267,300,0.5,rat_movement=True
1,354,580,0.3,rat_movement=True
1,281,220,0.7,rat_movement=True
1,197,160,1.0,rat_movement=True
1,410,380,0.9,rat_movement=True
1,27,20,0.01,rat_movement=True
1,66,120,0.03,rat_movement=True
1,767,600,0.8,rat_movement=True
1,10,40,0.09,rat_movement=True
1,85,120,0.07,rat_movement=True
1,299,380,0.05,rat_movement=True
1,177,240,0.1,rat_movement=True
1,127,240,0.3,rat_movement=True
1,25,40,0.5,rat_movement=True
1,105,120,0.4,rat_movement=True
1,143,180,0.6,rat_movement=True
1,170,160,0.7,rat_movement=True
1,363,620,0.2,rat_movement=True
1,65,60,1.0,rat_movement=True
1,33,60,0.0,rat_movement=True
1,31,20,0.01,rat_movement=True
1,563,520,0.8,rat_movement=True
1,517,500,0.9,rat_movement=True
1,78,80,0.05,rat_movement=True
1,40,100,0.07,rat_movement=True
1,230,320,0.03,rat_movement=True
1,82,140,0.09,rat_movement=True
1,164,160,0.2,rat_movement=True
1,308,500,0.1,rat_movement=True
1,93,160,0.3,rat_movement=True
1,12,20,0.6,rat_movement=True
1,175,240,0.5,rat_movement=True
1,16,40,0.7,rat_movement=True
1,311,280,0.4,rat_movement=True
1,90,80,0.8,rat_movement=True
1,25,20,1.0,rat_movement=True
1,109,100,0.9,rat_movement=True
1,35,80,0.01,rat_movement=True
1,97,140,0.03,rat_movement=True
1,112,120,0.05,rat_movement=True
1,111,140,0.07,rat_movement=True
1,52,40,0.1,rat_movement=True
1,59,140,0.09,rat_movement=True
1,49,100,0.2,rat_movement=True
1,45,40,0.3,rat_movement=True
1,8,40,0.4,rat_movement=True
1,455,620,0.0,rat_movement=True
1,93,300,0.6,rat_movement=True
1,204,200,0.5,rat_movement=True
1,44,40,0.7,rat_movement=True
1,227,240,0.8,rat_movement=True
1,80,80,1.0,rat_movement=True
1,192,240,0.0,rat_movement=True
1,173,280,0.03,rat_movement=True
1,13,20,0.09,rat_movement=True
1,123,120,0.05,rat_movement=True
1,95,100,0.07,rat_movement=True
1,90,60,0.1,rat_movement=True
1,28,20,0.2,rat_movement=True
1,769,700,0.9,rat_movement=True
1,444,620,0.01,rat_movement=True
1,43,100,0.5,rat_movement=True
1,239,320,0.3,rat_movement=True
1,27,20,0.9,rat_movement=True
1,109,60,0.8,rat_movement=True
1,155,140,0.6,rat_movement=True
1,223,320,1.0,rat_movement=True
1,73,100,0.01,rat_movement=True
1,651,720,0.4,rat_movement=True
1,683,520,0.7,rat_movement=True
1,247,480,0.03,rat_movement=True
1,132,120,0.07,rat_movement=True
1,48,40,0.09,rat_movement=True
1,31,60,0.1,rat_movement=True
1,89,220,0.3,rat_movement=True
1,1051,1240,0.0,rat_movement=True
1,658,820,0.05,rat_movement=True
1,137,140,0.4,rat_movement=True
1,161,160,0.5,rat_movement=True
1,494,760,0.2,rat_movement=True
1,199,240,0.6,rat_movement=True
1,299,320,0.9,rat_movement=True
1,220,260,1.0,rat_movement=True
1,570,640,0.7,rat_movement=True
1,563,680,0.8,rat_movement=True
1,7,20,0.03,rat_movement=True
1,161,160,0.0,rat_movement=True
1,77,120,0.05,rat_movement=True
1,144,160,0.01,rat_movement=True
1,15,20,0.07,rat_movement=True
1,26,80,0.2,rat_movement=True
1,145,220,0.09,rat_movement=True
1,109,160,0.1,rat_movement=True
1,63,140,0.4,rat_movement=True
1,140,140,0.3,rat_movement=True
1,87,100,0.5,rat_movement=True
1,49,40,0.7,rat_movement=True
1,46,40,0.9,rat_movement=True
1,197,260,0.6,rat_movement=True
1,440,460,0.8,rat_movement=True
1,349,460,0.0,rat_movement=True
1,69,220,0.01,rat_movement=True
1,83,160,0.03,rat_movement=True
1,76,140,0.05,rat_movement=True
1,29,40,0.09,rat_movement=True
1,93,120,0.07,rat_movement=True
1,14,80,0.2,rat_movement=True
1,850,700,1.0,rat_movement=True
1,203,300,0.1,rat_movement=True
1,72,80,0.3,rat_movement=True
1,87,80,0.4,rat_movement=True
1,284,220,0.5,rat_movement=True
1,121,140,0.7,rat_movement=True
1,30,20,0.8,rat_movement=True
1,460,800,0.6,rat_movement=True
1,77,100,0.01,rat_movement=True
1,374,480,0.9,rat_movement=True
1,61,80,0.03,rat_movement=True
1,344,260,1.0,rat_movement=True
1,59,120,0.05,rat_movement=True
1,180,220,0.07,rat_movement=True
1,160,200,0.1,rat_movement=True
1,210,300,0.09,rat_movement=True
1,543,640,0.0,rat_movement=True
1,127,100,0.2,rat_movement=True
1,88,160,0.3,rat_movement=True
1,153,160,0.4,rat_movement=True
1,155,280,0.5,rat_movement=True
1,222,240,0.6,rat_movement=True
1,74,60,0.9,rat_movement=True
1,311,300,0.8,rat_movement=True
1,410,340,0.7,rat_movement=True
1,185,340,0.01,rat_movement=True
1,63,100,0.05,rat_movement=True
1,264,360,0.03,rat_movement=True
1,90,60,0.09,rat_movement=True
1,149,260,0.07,rat_movement=True
1,25,40,0.2,rat_movement=True
1,106,180,0.1,rat_movement=True
1,99,180,0.3,rat_movement=True
1,193,160,0.5,rat_movement=True
1,333,420,0.4,rat_movement=True
1,169,240,0.6,rat_movement=True
1,1173,1120,1.0,rat_movement=True
1,80,40,0.8,rat_movement=True
1,132,120,0.0,rat_movement=True
1,639,740,0.7,rat_movement=True
1,179,240,1.0,rat_movement=True
1,26,20,0.01,rat_movement=True
1,29,40,0.03,rat_movement=True
1,1967,2160,0.0,rat_movement=True
1,81,120,0.05,rat_movement=True
1,139,180,0.07,rat_movement=True
1,26,80,0.09,rat_movement=True
1,22,80,0.1,rat_movement=True
1,1099,920,0.9,rat_movement=True
1,92,140,0.2,rat_movement=True
1,123,180,0.5,rat_movement=True
1,194,280,0.4,rat_movement=True
1,300,300,0.3,rat_movement=True
1,44,40,0.8,rat_movement=True
1,315,300,0.7,rat_movement=True
1,425,340,0.6,rat_movement=True
1,73,80,0.0,rat_movement=True
1,236,340,1.0,rat_movement=True
1,142,240,0.05,rat_movement=True
1,749,660,0.9,rat_movement=True
1,42,40,0.09,rat_movement=True
1,46,80,0.1,rat_movement=True
1,152,320,0.07,rat_movement=True
1,33,60,0.3,rat_movement=True
1,582,760,0.01,rat_movement=True
1,182,320,0.2,rat_movement=True
1,149,100,0.4,rat_movement=True
1,208,160,0.5,rat_movement=True
1,109,80,0.6,rat_movement=True
1,832,1040,0.03,rat_movement=True
1,0,0,1.0,rat_movement=True
1,116,80,0.8,rat_movement=True
1,34,60,0.0,rat_movement=True
1,285,260,0.9,rat_movement=True
1,338,420,0.7,rat_movement=True
1,48,40,0.05,rat_movement=True
1,240,280,0.01,rat_movement=True
1,70,40,0.07,rat_movement=True
1,297,580,0.03,rat_movement=True
1,121,220,0.09,rat_movement=True
1,143,260,0.1,rat_movement=True
1,43,60,0.2,rat_movement=True
1,5,20,0.3,rat_movement=True
1,286,480,0.4,rat_movement=True
1,140,160,0.5,rat_movement=True
1,41,40,0.7,rat_movement=True
1,250,280,0.6,rat_movement=True
1,266,360,0.9,rat_movement=True
1,427,360,0.8,rat_movement=True
1,216,200,1.0,rat_movement=True
1,70,80,0.01,rat_movement=True
1,55,100,0.03,rat_movement=True
1,82,100,0.05,rat_movement=True
1,38,60,0.07,rat_movement=True
1,260,320,0.0,rat_movement=True
1,30,20,0.1,rat_movement=True
1,49,100,0.2,rat_movement=True
1,72,240,0.3,rat_movement=True
1,20,20,0.4,rat_movement=True
1,3,20,0.5,rat_movement=True
1,93,100,0.6,rat_movement=True
1,454,680,0.09,rat_movement=True
1,26,80,0.7,rat_movement=True
1,9,20,0.9,rat_movement=True
1,33,40,0.8,rat_movement=True
1,319,260,1.0,rat_movement=True
1,125,260,0.01,rat_movement=True
1,65,120,0.07,rat_movement=True
1,187,300,0.03,rat_movement=True
1,7,40,0.09,rat_movement=True
1,0,0,0.1,rat_movement=True
1,142,240,0.05,rat_movement=True
1,102,260,0.2,rat_movement=True
1,19,40,0.3,rat_movement=True
1,114,180,0.4,rat_movement=True
1,784,780,0.0,rat_movement=True
1,144,220,0.5,rat_movement=True
1,43,40,0.7,rat_movement=True
1,141,220,0.9,rat_movement=True
1,384,500,0.6,rat_movement=True
1,155,140,1.0,rat_movement=True
1,469,380,0.8,rat_movement=True
1,107,140,0.01,rat_movement=True
1,53,40,0.05,rat_movement=True
1,129,120,0.0,rat_movement=True
1,197,180,0.03,rat_movement=True
1,14,20,0.2,rat_movement=True
1,68,120,0.1,rat_movement=True
1,161,260,0.07,rat_movement=True
1,135,260,0.09,rat_movement=True
1,7,20,0.5,rat_movement=True
1,258,220,0.4,rat_movement=True
1,245,340,0.3,rat_movement=True
1,180,220,0.7,rat_movement=True
1,189,380,0.8,rat_movement=True
1,534,500,0.6,rat_movement=True
1,82,60,0.03,rat_movement=True
1,412,340,0.9,rat_movement=True
1,51,80,0.05,rat_movement=True
1,72,40,0.07,rat_movement=True
1,32,60,0.09,rat_movement=True
1,508,540,0.0,rat_movement=True
1,456,600,0.01,rat_movement=True
1,18,20,0.3,rat_movement=True
1,34,40,0.2,rat_movement=True
1,149,260,0.1,rat_movement=True
1,905,680,1.0,rat_movement=True
1,115,180,0.4,rat_movement=True
1,207,320,0.5,rat_movement=True
1,163,280,0.7,rat_movement=True
1,98,80,1.0,rat_movement=True
1,226,320,0.8,rat_movement=True
1,2,40,0.01,rat_movement=True
1,612,900,0.6,rat_movement=True
1,176,180,0.03,rat_movement=True
1,522,800,0.9,rat_movement=True
1,111,140,0.05,rat_movement=True
1,68,80,0.09,rat_movement=True
1,204,300,0.07,rat_movement=True
1,57,80,0.2,rat_movement=True
1,166,280,0.1,rat_movement=True
1,41,40,0.4,rat_movement=True
1,102,100,0.3,rat_movement=True
1,36,40,0.5,rat_movement=True
1,1223,1240,0.0,rat_movement=True
1,426,420,0.6,rat_movement=True
1,117,80,0.9,rat_movement=True
1,91,100,0.0,rat_movement=True
1,118,200,0.03,rat_movement=True
1,445,440,1.0,rat_movement=True
1,733,620,0.8,rat_movement=True
1,81,120,0.05,rat_movement=True
1,5,20,0.07,rat_movement=True
1,338,580,0.01,rat_movement=True
1,62,40,0.1,rat_movement=True
1,15,40,0.2,rat_movement=True
1,14,60,0.3,rat_movement=True
1,198,300,0.09,rat_movement=True
1,297,280,0.4,rat_movement=True
1,96,160,0.5,rat_movement=True
1,59,140,0.6,rat_movement=True
1,58,40,0.7,rat_movement=True
1,1795,1580,0.7,rat_movement=True
1,195,280,0.8,rat_movement=True
1,439,340,0.9,rat_movement=True
1,18,20,0.01,rat_movement=True
1,74,100,0.03,rat_movement=True
1,30,20,0.05,rat_movement=True
1,123,240,0.09,rat_movement=True
1,139,220,0.1,rat_movement=True
1,626,800,0.0,rat_movement=True
1,170,260,0.2,rat_movement=True
1,131,120,0.3,rat_movement=True
1,453,920,0.07,rat_movement=True
1,1068,980,1.0,rat_movement=True
1,158,220,0.5,rat_movement=True
1,138,140,0.6,rat_movement=True
1,120,200,0.7,rat_movement=True
1,192,180,0.8,rat_movement=True
1,182,160,0.9,rat_movement=True
1,27,20,1.0,rat_movement=True
1,219,320,0.03,rat_movement=True
1,527,680,0.0,rat_movement=True
1,491,740,0.01,rat_movement=True
1,114,120,0.05,rat_movement=True
1,51,40,0.09,rat_movement=True
1,100,180,0.07,rat_movement=True
1,82,80,0.2,rat_movement=True
1,73,80,0.3,rat_movement=True
1,26,60,0.4,rat_movement=True
1,263,480,0.1,rat_movement=True
1,62,40,0.7,rat_movement=True
1,175,160,0.6,rat_movement=True
1,387,360,0.5,rat_movement=True
1,72,40,1.0,rat_movement=True
1,254,260,0.8,rat_movement=True
1,283,500,0.9,rat_movement=True
1,186,240,0.0,rat_movement=True
1,81,140,0.05,rat_movement=True
1,237,320,0.01,rat_movement=True
1,80,140,0.07,rat_movement=True
1,287,480,0.03,rat_movement=True
1,33,60,0.2,rat_movement=True
1,19,20,0.5,rat_movement=True
1,130,220,0.3,rat_movement=True
1,283,440,0.1,rat_movement=True
1,187,200,0.6,rat_movement=True
1,70,40,0.8,rat_movement=True
1,343,520,0.4,rat_movement=True
1,672,980,0.09,rat_movement=True
1,26,20,0.01,rat_movement=True
1,70,60,0.03,rat_movement=True
1,92,60,0.05,rat_movement=True
1,776,620,1.0,rat_movement=True
1,881,820,0.7,rat_movement=True
1,44,20,0.09,rat_movement=True
1,67,100,0.07,rat_movement=True
1,966,820,0.9,rat_movement=True
1,750,920,0.0,rat_movement=True
1,109,100,0.1,rat_movement=True
1,92,80,0.4,rat_movement=True
1,67,140,0.5,rat_movement=True
1,186,220,0.2,rat_movement=True
1,51,40,0.7,rat_movement=True
1,166,300,0.3,rat_movement=True
1,9,20,0.9,rat_movement=True
1,173,220,0.6,rat_movement=True
1,15,20,1.0,rat_movement=True
1,345,440,0.8,rat_movement=True
1,8,20,0.03,rat_movement=True
1,99,160,0.05,rat_movement=True
1,46,40,0.07,rat_movement=True
1,425,480,0.0,rat_movement=True
1,66,80,0.09,rat_movement=True
1,668,720,0.01,rat_movement=True
1,188,220,0.2,rat_movement=True
1,219,280,0.1,rat_movement=True
1,26,20,0.4,rat_movement=True
1,76,60,0.3,rat_movement=True
1,13,20,0.6,rat_movement=True
1,68,40,0.5,rat_movement=True
1,381,400,0.8,rat_movement=True
1,453,420,0.7,rat_movement=True
1,176,360,1.0,rat_movement=True
1,79,120,0.03,rat_movement=True
1,748,620,0.9,rat_movement=True
1,73,220,0.07,rat_movement=True
1,288,420,0.05,rat_movement=True
1,89,120,0.09,rat_movement=True
1,117,140,0.1,rat_movement=True
1,92,140,0.2,rat_movement=True
1,21,60,0.4,rat_movement=True
1,134,160,0.3,rat_movement=True
1,1017,1060,0.01,rat_movement=True
1,1138,1120,0.0,rat_movement=True
1,225,240,0.5,rat_movement=True
1,115,100,0.8,rat_movement=True
1,508,560,0.6,rat_movement=True
1,65,100,0.0,rat_movement=True
1,685,600,0.7,rat_movement=True
1,359,400,1.0,rat_movement=True
1,62,120,0.03,rat_movement=True
1,112,220,0.01,rat_movement=True
1,6,20,0.07,rat_movement=True
1,29,40,0.05,rat_movement=True
1,86,80,0.1,rat_movement=True
1,105,140,0.2,rat_movement=True
1,249,320,0.09,rat_movement=True
1,88,200,0.3,rat_movement=True
1,1000,820,0.9,rat_movement=True
1,58,80,0.4,rat_movement=True
1,58,40,0.7,rat_movement=True
1,157,180,0.6,rat_movement=True
1,52,40,0.8,rat_movement=True
1,533,560,0.5,rat_movement=True
1,541,440,0.9,rat_movement=True
1,77,100,0.03,rat_movement=True
1,30,20,0.05,rat_movement=True
1,188,400,0.01,rat_movement=True
1,39,60,0.07,rat_movement=True
1,651,580,1.0,rat_movement=True
1,18,20,0.2,rat_movement=True
1,165,320,0.1,rat_movement=True
1,317,440,0.09,rat_movement=True
1,129,180,0.3,rat_movement=True
1,1034,1240,0.0,rat_movement=True
1,169,220,0.4,rat_movement=True
1,42,80,0.6,rat_movement=True
1,396,440,0.5,rat_movement=True
1,305,300,0.8,rat_movement=True
1,246,320,1.0,rat_movement=True
1,39,40,0.01,rat_movement=True
1,517,400,0.9,rat_movement=True
1,715,720,0.7,rat_movement=True
1,66,100,0.03,rat_movement=True
1,29,40,0.05,rat_movement=True
1,25,40,0.09,rat_movement=True
1,74,160,0.07,rat_movement=True
1,98,200,0.2,rat_movement=True
1,157,300,0.1,rat_movement=True
1,52,60,0.3,rat_movement=True
1,673,980,0.0,rat_movement=True
1,36,40,0.4,rat_movement=True
1,87,40,0.7,rat_movement=True
1,148,180,0.6,rat_movement=True
1,118,160,0.8,rat_movement=True
1,270,420,0.5,rat_movement=True
1,94,80,1.0,rat_movement=True
1,0,0,0.01,rat_movement=True
1,60,60,0.03,rat_movement=True
1,264,260,0.9,rat_movement=True
1,90,100,0.05,rat_movement=True
1,53,40,0.07,rat_movement=True
1,1,20,0.09,rat_movement=True
1,32,20,0.1,rat_movement=True
1,22,20,0.2,rat_movement=True
1,323,380,0.0,rat_movement=True
1,83,80,0.3,rat_movement=True
1,83,140,0.4,rat_movement=True
1,89,80,0.6,rat_movement=True
1,41,40,0.7,rat_movement=True
1,489,420,0.5,rat_movement=True
1,10,20,1.0,rat_movement=True
1,64,60,0.0,rat_movement=True
1,327,320,0.9,rat_movement=True
1,31,60,0.01,rat_movement=True
1,74,100,0.03,rat_movement=True
1,44,100,0.05,rat_movement=True
1,27,140,0.09,rat_movement=True
1,130,280,0.07,rat_movement=True
1,7,20,0.2,rat_movement=True
1,92,160,0.1,rat_movement=True
1,172,220,0.3,rat_movement=True
1,89,60,0.6,rat_movement=True
1,1820,1680,0.8,rat_movement=True
1,649,460,0.4,rat_movement=True
1,513,560,0.5,rat_movement=True
1,59,40,0.8,rat_movement=True
1,146,140,0.7,rat_movement=True
1,2,20,1.0,rat_movement=True
1,180,180,0.9,rat_movement=True
1,137,180,0.01,rat_movement=True
1,39,40,0.03,rat_movement=True
1,65,160,0.05,rat_movement=True
1,57,140,0.07,rat_movement=True
1,486,500,0.0,rat_movement=True
1,117,220,0.09,rat_movement=True
1,82,80,0.3,rat_movement=True
1,189,200,0.2,rat_movement=True
1,213,240,0.1,rat_movement=True
1,107,120,0.4,rat_movement=True
1,108,100,0.5,rat_movement=True
1,226,280,0.7,rat_movement=True
1,154,120,0.8,rat_movement=True
1,12,60,1.0,rat_movement=True
1,481,760,0.6,rat_movement=True
1,75,140,0.03,rat_movement=True
1,366,360,0.01,rat_movement=True
1,569,740,0.0,rat_movement=True
1,77,160,0.05,rat_movement=True
1,66,80,0.09,rat_movement=True
1,127,220,0.07,rat_movement=True
1,94,80,0.1,rat_movement=True
1,11,20,0.3,rat_movement=True
1,60,80,0.2,rat_movement=True
1,156,180,0.4,rat_movement=True
1,115,200,0.5,rat_movement=True
1,1328,1220,0.9,rat_movement=True
1,93,100,0.6,rat_movement=True
1,74,80,0.8,rat_movement=True
1,21,20,0.0,rat_movement=True
1,65,40,1.0,rat_movement=True
1,87,100,0.01,rat_movement=True
1,122,160,0.05,rat_movement=True
1,11,20,0.07,rat_movement=True
1,258,420,0.03,rat_movement=True
1,61,80,0.09,rat_movement=True
1,592,520,0.7,rat_movement=True
1,12,20,0.2,rat_movement=True
1,61,80,0.1,rat_movement=True
1,34,100,0.3,rat_movement=True
1,86,80,0.4,rat_movement=True
1,67,120,0.5,rat_movement=True
1,136,200,0.6,rat_movement=True
1,384,420,0.8,rat_movement=True
1,38,40,1.0,rat_movement=True
1,215,300,0.0,rat_movement=True
1,0,20,0.03,rat_movement=True
1,937,800,0.7,rat_movement=True
1,71,100,0.05,rat_movement=True
1,0,20,0.09,rat_movement=True
1,29,40,0.07,rat_movement=True
1,39,20,0.2,rat_movement=True
1,104,160,0.1,rat_movement=True
1,34,20,0.3,rat_movement=True
1,121,100,0.4,rat_movement=True
1,730,840,0.01,rat_movement=True
1,210,220,0.6,rat_movement=True
1,381,440,0.5,rat_movement=True
1,132,120,1.0,rat_movement=True
1,257,260,0.8,rat_movement=True
1,391,540,0.7,rat_movement=True
1,124,240,0.01,rat_movement=True
1,76,140,0.03,rat_movement=True
1,486,440,0.9,rat_movement=True
1,56,80,0.09,rat_movement=True
1,223,440,0.05,rat_movement=True
1,159,220,0.2,rat_movement=True
1,216,320,0.1,rat_movement=True
1,55,40,0.3,rat_movement=True
1,65,40,0.5,rat_movement=True
1,53,40,0.6,rat_movement=True
1,145,220,0.4,rat_movement=True
1,428,760,0.07,rat_movement=True
1,923,1080,0.0,rat_movement=True
1,21,20,0.9,rat_movement=True
1,3,20,1.0,rat_movement=True
1,473,520,0.7,rat_movement=True
1,45,40,0.01,rat_movement=True
1,28,60,0.05,rat_movement=True
1,1,20,0.09,rat_movement=True
1,189,300,0.03,rat_movement=True
1,37,60,0.1,rat_movement=True
1,203,420,0.07,rat_movement=True
1,125,100,0.2,rat_movement=True
1,25,40,0.3,rat_movement=True
1,569,740,0.0,rat_movement=True
1,989,780,0.8,rat_movement=True
1,399,580,0.4,rat_movement=True
1,347,260,0.6,rat_movement=True
1,88,80,0.8,rat_movement=True
1,6,20,1.0,rat_movement=True
1,103,80,0.9,rat_movement=True
1,91,140,0.0,rat_movement=True
1,744,640,0.5,rat_movement=True
1,83,140,0.03,rat_movement=True
1,466,360,0.7,rat_movement=True
1,95,140,0.07,rat_movement=True
1,106,200,0.05,rat_movement=True
1,44,140,0.2,rat_movement=True
1,256,240,0.09,rat_movement=True
1,168,220,0.1,rat_movement=True
1,9,20,0.4,rat_movement=True
1,48,40,0.6,rat_movement=True
1,544,1040,0.01,rat_movement=True
1,131,180,0.7,rat_movement=True
1,353,680,0.5,rat_movement=True
1,626,580,0.3,rat_movement=True
1,446,400,0.9,rat_movement=True
1,135,220,0.01,rat_movement=True
1,319,340,1.0,rat_movement=True
1,90,60,0.05,rat_movement=True
1,728,620,0.8,rat_movement=True
1,160,220,0.03,rat_movement=True
1,108,140,0.07,rat_movement=True
1,48,120,0.1,rat_movement=True
1,129,220,0.09,rat_movement=True
1,61,100,0.2,rat_movement=True
1,18,60,0.3,rat_movement=True
1,34,60,0.4,rat_movement=True
1,35,80,0.5,rat_movement=True
1,26,100,0.6,rat_movement=True
1,27,20,1.0,rat_movement=True
1,488,400,0.8,rat_movement=True
1,591,720,0.7,rat_movement=True
1,399,440,0.9,rat_movement=True
1,55,60,0.03,rat_movement=True
1,73,80,0.07,rat_movement=True
1,2040,1960,0.0,rat_movement=True
1,478,480,0.0,rat_movement=True
1,127,240,0.09,rat_movement=True
1,109,140,0.1,rat_movement=True
1,450,620,0.01,rat_movement=True
1,8,20,0.4,rat_movement=True
1,341,580,0.05,rat_movement=True
1,50,120,0.3,rat_movement=True
1,142,160,0.2,rat_movement=True
1,17,40,0.6,rat_movement=True
1,216,220,0.7,rat_movement=True
1,57,80,0.0,rat_movement=True
1,252,240,0.9,rat_movement=True
1,330,460,0.8,rat_movement=True
1,76,100,0.03,rat_movement=True
1,168,280,0.01,rat_movement=True
1,23,40,0.05,rat_movement=True
1,36,180,0.07,rat_movement=True
1,76,100,0.09,rat_movement=True
1,938,700,0.5,rat_movement=True
1,57,40,0.2,rat_movement=True
1,90,160,0.1,rat_movement=True
1,28,40,0.4,rat_movement=True
1,123,100,0.5,rat_movement=True
1,121,160,0.6,rat_movement=True
1,287,580,0.3,rat_movement=True
1,146,120,0.8,rat_movement=True
1,8,20,0.9,rat_movement=True
1,267,280,0.7,rat_movement=True
1,7,20,1.0,rat_movement=True
1,1439,1240,1.0,rat_movement=True
1,56,120,0.03,rat_movement=True
1,100,120,0.2,rat_movement=False
1,149,120,0.3,rat_movement=False
1,125,60,0.4,rat_movement=False
1,7,20,0.5,rat_movement=False
1,415,340,0.6,rat_movement=False
1,47,40,0.8,rat_movement=False
1,274,160,0.7,rat_movement=False
1,75,40,0.9,rat_movement=False
1,32,40,1.0,rat_movement=False
1,606,480,0.0,rat_movement=False
1,64,80,0.01,rat_movement=False
1,30,60,0.05,rat_movement=False
1,113,300,0.03,rat_movement=False
1,35,60,0.09,rat_movement=False
1,63,120,0.07,rat_movement=False
1,93,120,0.1,rat_movement=False
1,48,60,0.2,rat_movement=False
1,28,40,0.3,rat_movement=False
1,78,160,0.4,rat_movement=False
1,348,240,0.5,rat_movement=False
1,150,120,0.6,rat_movement=False
1,90,80,0.8,rat_movement=False
1,314,340,0.7,rat_movement=False
1,235,160,0.9,rat_movement=False
1,417,260,1.0,rat_movement=False
1,123,120,0.0,rat_movement=False
1,26,20,0.03,rat_movement=False
1,133,220,0.01,rat_movement=False
1,104,60,0.05,rat_movement=False
1,37,40,0.07,rat_movement=False
1,105,140,0.09,rat_movement=False
1,109,120,0.1,rat_movement=False
1,53,100,0.2,rat_movement=False
1,100,100,0.3,rat_movement=False
1,15,20,0.5,rat_movement=False
1,431,300,0.4,rat_movement=False
1,80,40,0.6,rat_movement=False
1,26,60,0.8,rat_movement=False
1,493,380,0.7,rat_movement=False
1,567,400,0.9,rat_movement=False
1,499,360,1.0,rat_movement=False
1,98,80,0.01,rat_movement=False
1,35,120,0.03,rat_movement=False
1,1092,920,0.0,rat_movement=False
1,32,60,0.05,rat_movement=False
1,51,100,0.07,rat_movement=False
1,129,180,0.09,rat_movement=False
1,83,120,0.1,rat_movement=False
1,57,60,0.2,rat_movement=False
1,21,40,0.3,rat_movement=False
1,40,20,0.4,rat_movement=False
1,195,120,0.5,rat_movement=False
1,3,20,0.6,rat_movement=False
1,232,140,0.7,rat_movement=False
1,208,180,0.8,rat_movement=False
1,143,80,0.9,rat_movement=False
1,278,220,1.0,rat_movement=False
1,398,360,0.0,rat_movement=False
1,63,120,0.01,rat_movement=False
1,50,60,0.03,rat_movement=False
1,62,120,0.05,rat_movement=False
1,99,60,0.07,rat_movement=False
1,56,100,0.09,rat_movement=False
1,55,80,0.1,rat_movement=False
1,92,80,0.2,rat_movement=False
1,81,60,0.3,rat_movement=False
1,190,120,0.4,rat_movement=False
1,18,20,0.5,rat_movement=False
1,12,40,0.6,rat_movement=False
1,306,220,0.7,rat_movement=False
1,154,80,0.9,rat_movement=False
1,98,60,1.0,rat_movement=False
1,528,400,0.8,rat_movement=False
1,125,200,0.01,rat_movement=False
1,52,100,0.03,rat_movement=False
1,62,120,0.05,rat_movement=False
1,52,60,0.07,rat_movement=False
1,80,80,0.09,rat_movement=False
1,23,80,0.1,rat_movement=False
1,117,100,0.2,rat_movement=False
1,121,60,0.3,rat_movement=False
1,235,160,0.4,rat_movement=False
1,123,60,0.5,rat_movement=False
1,191,120,0.6,rat_movement=False
1,180,100,0.8,rat_movement=False
1,2483,2020,0.0,rat_movement=False
1,473,320,0.7,rat_movement=False
1,560,400,0.9,rat_movement=False
1,456,300,1.0,rat_movement=False
1,67,160,0.01,rat_movement=False
1,178,320,0.03,rat_movement=False
1,77,180,0.05,rat_movement=False
1,57,80,0.07,rat_movement=False
1,56,80,0.09,rat_movement=False
1,76,100,0.1,rat_movement=False
1,48,40,0.2,rat_movement=False
1,65,80,0.3,rat_movement=False
1,1328,1120,0.0,rat_movement=False
1,196,160,0.4,rat_movement=False
1,67,120,0.5,rat_movement=False
1,110,100,0.6,rat_movement=False
1,197,140,0.7,rat_movement=False
1,171,100,0.8,rat_movement=False
1,182,160,0.9,rat_movement=False
1,163,100,1.0,rat_movement=False
1,99,280,0.01,rat_movement=False
1,184,300,0.03,rat_movement=False
1,7,20,0.07,rat_movement=False
1,111,140,0.05,rat_movement=False
1,71,80,0.09,rat_movement=False
1,23,40,0.1,rat_movement=False
1,1763,1380,0.0,rat_movement=False
1,55,60,0.2,rat_movement=False
1,47,100,0.3,rat_movement=False
1,47,120,0.4,rat_movement=False
1,10,20,0.5,rat_movement=False
1,92,60,0.6,rat_movement=False
1,54,100,0.7,rat_movement=False
1,197,160,0.8,rat_movement=False
1,603,500,0.9,rat_movement=False
1,158,140,0.0,rat_movement=False
1,629,480,1.0,rat_movement=False
1,59,120,0.01,rat_movement=False
1,30,120,0.03,rat_movement=False
1,78,200,0.05,rat_movement=False
1,90,120,0.07,rat_movement=False
1,7,60,0.09,rat_movement=False
1,116,80,0.1,rat_movement=False
1,83,160,0.2,rat_movement=False
1,74,80,0.3,rat_movement=False
1,114,100,0.4,rat_movement=False
1,249,200,0.5,rat_movement=False
1,308,200,0.6,rat_movement=False
1,170,140,0.7,rat_movement=False
1,259,180,0.8,rat_movement=False
1,151,80,0.9,rat_movement=False
1,103,60,1.0,rat_movement=False
1,152,200,0.01,rat_movement=False
1,499,460,0.0,rat_movement=False
1,90,180,0.03,rat_movement=False
1,25,20,0.07,rat_movement=False
1,77,180,0.05,rat_movement=False
1,83,120,0.09,rat_movement=False
1,65,80,0.1,rat_movement=False
1,157,80,0.3,rat_movement=False
1,206,160,0.2,rat_movement=False
1,38,80,0.4,rat_movement=False
1,46,120,0.5,rat_movement=False
1,8,60,0.6,rat_movement=False
1,28,20,0.7,rat_movement=False
1,369,260,0.8,rat_movement=False
1,460,340,0.9,rat_movement=False
1,246,180,1.0,rat_movement=False
1,24,60,0.01,rat_movement=False
1,93,180,0.03,rat_movement=False
1,72,100,0.05,rat_movement=False
1,40,120,0.07,rat_movement=False
1,987,800,0.0,rat_movement=False
1,35,100,0.09,rat_movement=False
1,116,120,0.1,rat_movement=False
1,158,100,0.2,rat_movement=False
1,194,160,0.3,rat_movement=False
1,97,60,0.4,rat_movement=False
1,344,260,0.5,rat_movement=False
1,344,240,0.6,rat_movement=False
1,221,120,0.7,rat_movement=False
1,324,200,0.9,rat_movement=False
1,237,160,1.0,rat_movement=False
1,648,460,0.8,rat_movement=False
1,72,160,0.01,rat_movement=False
1,107,180,0.03,rat_movement=False
1,125,140,0.05,rat_movement=False
1,56,60,0.07,rat_movement=False
1,44,80,0.09,rat_movement=False
1,56,80,0.1,rat_movement=False
1,67,80,0.2,rat_movement=False
1,132,160,0.3,rat_movement=False
1,19,20,0.4,rat_movement=False
1,19,60,0.5,rat_movement=False
1,59,40,0.6,rat_movement=False
1,9,60,0.7,rat_movement=False
1,3213,2580,0.0,rat_movement=False
1,459,320,0.8,rat_movement=False
1,348,240,0.9,rat_movement=False
1,372,260,1.0,rat_movement=False
1,206,200,0.0,rat_movement=False
1,98,120,0.01,rat_movement=False
1,107,140,0.03,rat_movement=False
1,112,160,0.05,rat_movement=False
1,81,80,0.07,rat_movement=False
1,38,80,0.09,rat_movement=False
1,128,200,0.1,rat_movement=False
1,70,40,0.2,rat_movement=False
1,23,60,0.3,rat_movement=False
1,79,100,0.4,rat_movement=False
1,26,100,0.6,rat_movement=False
1,249,160,0.5,rat_movement=False
1,286,220,0.7,rat_movement=False
1,293,220,0.8,rat_movement=False
1,240,160,0.9,rat_movement=False
1,27,20,1.0,rat_movement=False
1,476,480,0.0,rat_movement=False
1,41,140,0.01,rat_movement=False
1,97,140,0.03,rat_movement=False
1,25,80,0.05,rat_movement=False
1,49,100,0.07,rat_movement=False
1,20,60,0.09,rat_movement=False
1,76,60,0.1,rat_movement=False
1,30,100,0.2,rat_movement=False
1,167,180,0.3,rat_movement=False
1,218,180,0.4,rat_movement=False
1,229,240,0.5,rat_movement=False
1,168,120,0.6,rat_movement=False
1,50,40,0.8,rat_movement=False
1,245,140,0.7,rat_movement=False
1,389,280,0.9,rat_movement=False
1,380,280,1.0,rat_movement=False
1,160,300,0.01,rat_movement=False
1,38,40,0.03,rat_movement=False
1,88,80,0.05,rat_movement=False
1,77,140,0.07,rat_movement=False
1,51,60,0.09,rat_movement=False
1,79,140,0.1,rat_movement=False
1,64,60,0.2,rat_movement=False
1,89,140,0.3,rat_movement=False
1,25,60,0.4,rat_movement=False
1,19,60,0.5,rat_movement=False
1,47,40,0.7,rat_movement=False
1,274,160,0.6,rat_movement=False
1,301,220,0.8,rat_movement=False
1,189,160,0.9,rat_movement=False
1,72,80,1.0,rat_movement=False
1,2461,1980,0.0,rat_movement=False
1,28,60,0.01,rat_movement=False
1,67,240,0.03,rat_movement=False
1,717,660,0.0,rat_movement=False
1,71,80,0.05,rat_movement=False
1,59,120,0.07,rat_movement=False
1,28,40,0.09,rat_movement=False
1,64,120,0.1,rat_movement=False
1,37,100,0.2,rat_movement=False
1,178,140,0.3,rat_movement=False
1,141,80,0.4,rat_movement=False
1,236,160,0.5,rat_movement=False
1,70,40,0.7,rat_movement=False
1,309,220,0.6,rat_movement=False
1,31,20,0.8,rat_movement=False
1,413,320,0.9,rat_movement=False
1,218,140,1.0,rat_movement=False
1,344,360,0.0,rat_movement=False
1,2,20,0.01,rat_movement=False
1,91,120,0.03,rat_movement=False
1,74,100,0.05,rat_movement=False
1,55,60,0.07,rat_movement=False
1,82,60,0.09,rat_movement=False
1,47,60,0.1,rat_movement=False
1,84,120,0.2,rat_movement=False
1,52,40,0.3,rat_movement=False
1,81,140,0.4,rat_movement=False
1,25,60,0.5,rat_movement=False
1,388,280,0.6,rat_movement=False
1,19,20,0.8,rat_movement=False
1,207,120,0.7,rat_movement=False
1,37,20,0.9,rat_movement=False
1,83,60,1.0,rat_movement=False
1,971,780,0.0,rat_movement=False
1,70,140,0.01,rat_movement=False
1,75,160,0.03,rat_movement=False
1,42,60,0.05,rat_movement=False
1,29,100,0.07,rat_movement=False
1,95,60,0.09,rat_movement=False
1,19,20,0.1,rat_movement=False
1,133,160,0.2,rat_movement=False
1,163,180,0.3,rat_movement=False
1,35,60,0.4,rat_movement=False
1,191,140,0.5,rat_movement=False
1,17,40,0.6,rat_movement=False
1,259,180,0.7,rat_movement=False
1,109,60,0.8,rat_movement=False
1,28,20,0.9,rat_movement=False
1,383,240,1.0,rat_movement=False
1,133,140,0.0,rat_movement=False
1,64,140,0.03,rat_movement=False
1,225,600,0.01,rat_movement=False
1,62,80,0.05,rat_movement=False
1,46,60,0.07,rat_movement=False
1,69,40,0.09,rat_movement=False
1,59,140,0.1,rat_movement=False
1,148,80,0.2,rat_movement=False
1,37,80,0.3,rat_movement=False
1,193,160,0.4,rat_movement=False
1,129,80,0.5,rat_movement=False
1,25,60,0.6,rat_movement=False
1,16,60,0.9,rat_movement=False
1,201,160,0.7,rat_movement=False
1,374,240,0.8,rat_movement=False
1,260,160,1.0,rat_movement=False
1,117,180,0.01,rat_movement=False
1,250,240,0.0,rat_movement=False
1,73,40,0.03,rat_movement=False
1,44,60,0.07,rat_movement=False
1,69,200,0.05,rat_movement=False
1,70,140,0.09,rat_movement=False
1,54,100,0.1,rat_movement=False
1,123,120,0.2,rat_movement=False
1,73,120,0.3,rat_movement=False
1,56,80,0.4,rat_movement=False
1,225,140,0.5,rat_movement=False
1,331,200,0.6,rat_movement=False
1,42,60,0.7,rat_movement=False
1,305,200,0.8,rat_movement=False
1,297,180,0.9,rat_movement=False
1,67,200,0.01,rat_movement=False
1,63,120,0.03,rat_movement=False
1,848,620,1.0,rat_movement=False
1,5,40,0.05,rat_movement=False
1,843,680,0.0,rat_movement=False
1,76,160,0.07,rat_movement=False
1,62,100,0.09,rat_movement=False
1,73,160,0.1,rat_movement=False
1,62,120,0.2,rat_movement=False
1,28,20,0.3,rat_movement=False
1,224,160,0.4,rat_movement=False
1,173,140,0.5,rat_movement=False
1,65,100,0.6,rat_movement=False
1,13,60,0.7,rat_movement=False
1,289,180,0.8,rat_movement=False
1,200,120,1.0,rat_movement=False
1,401,300,0.9,rat_movement=False
1,77,120,0.01,rat_movement=False
1,65,80,0.05,rat_movement=False
1,115,180,0.03,rat_movement=False
1,89,140,0.09,rat_movement=False
1,170,180,0.07,rat_movement=False
1,75,140,0.1,rat_movement=False
1,61,100,0.2,rat_movement=False
1,648,520,0.0,rat_movement=False
1,68,40,0.3,rat_movement=False
1,124,60,0.5,rat_movement=False
1,211,160,0.4,rat_movement=False
1,304,200,0.6,rat_movement=False
1,446,280,0.7,rat_movement=False
1,217,160,0.8,rat_movement=False
1,8,40,0.9,rat_movement=False
1,393,300,1.0,rat_movement=False
1,204,360,0.01,rat_movement=False
1,356,320,0.0,rat_movement=False
1,39,120,0.03,rat_movement=False
1,17,80,0.05,rat_movement=False
1,50,120,0.07,rat_movement=False
1,74,80,0.09,rat_movement=False
1,75,80,0.1,rat_movement=False
1,81,100,0.2,rat_movement=False
1,220,120,0.3,rat_movement=False
1,146,140,0.4,rat_movement=False
1,347,260,0.5,rat_movement=False
1,240,160,0.6,rat_movement=False
1,168,100,0.7,rat_movement=False
1,263,180,0.8,rat_movement=False
1,243,200,1.0,rat_movement=False
1,540,420,0.9,rat_movement=False
1,76,180,0.03,rat_movement=False
1,107,400,0.01,rat_movement=False
1,51,60,0.05,rat_movement=False
1,46,100,0.07,rat_movement=False
1,99,100,0.09,rat_movement=False
1,695,620,0.0,rat_movement=False
1,104,80,0.1,rat_movement=False
1,110,100,0.2,rat_movement=False
1,209,120,0.3,rat_movement=False
1,185,120,0.4,rat_movement=False
1,154,140,0.5,rat_movement=False
1,134,100,0.6,rat_movement=False
1,154,80,0.7,rat_movement=False
1,425,280,0.8,rat_movement=False
1,27,20,1.0,rat_movement=False
1,141,100,0.9,rat_movement=False
1,17,100,0.01,rat_movement=False
1,97,140,0.03,rat_movement=False
1,91,100,0.05,rat_movement=False
1,90,140,0.07,rat_movement=False
1,43,40,0.09,rat_movement=False
1,60,100,0.1,rat_movement=False
1,209,140,0.2,rat_movement=False
1,1204,1060,0.0,rat_movement=False
1,65,100,0.3,rat_movement=False
1,140,100,0.5,rat_movement=False
1,356,240,0.4,rat_movement=False
1,267,160,0.6,rat_movement=False
1,9,40,0.7,rat_movement=False
1,6,20,0.8,rat_movement=False
1,30,20,0.9,rat_movement=False
1,307,200,1.0,rat_movement=False
1,70,140,0.01,rat_movement=False
1,188,180,0.0,rat_movement=False
1,27,140,0.03,rat_movement=False
1,34,100,0.05,rat_movement=False
1,53,80,0.07,rat_movement=False
1,68,40,0.09,rat_movement=False
1,112,160,0.1,rat_movement=False
1,36,60,0.2,rat_movement=False
1,68,40,0.3,rat_movement=False
1,336,260,0.4,rat_movement=False
1,169,100,0.5,rat_movement=False
1,24,100,0.7,rat_movement=False
1,329,220,0.6,rat_movement=False
1,260,160,0.8,rat_movement=False
1,267,220,0.9,rat_movement=False
1,476,340,1.0,rat_movement=False
1,145,200,0.01,rat_movement=False
1,71,200,0.03,rat_movement=False
1,62,40,0.07,rat_movement=False
1,114,100,0.05,rat_movement=False
1,3,20,0.09,rat_movement=False
1,19,60,0.1,rat_movement=False
1,18,40,0.2,rat_movement=False
1,73,60,0.3,rat_movement=False
1,253,160,0.4,rat_movement=False
1,167,120,0.6,rat_movement=False
1,523,400,0.5,rat_movement=False
1,192,140,0.7,rat_movement=False
1,137,80,0.8,rat_movement=False
1,2476,2060,0.0,rat_movement=False
1,481,360,0.9,rat_movement=False
1,585,460,1.0,rat_movement=False
1,68,180,0.01,rat_movement=False
1,77,260,0.03,rat_movement=False
1,617,540,0.0,rat_movement=False
1,120,100,0.05,rat_movement=False
1,68,160,0.07,rat_movement=False
1,28,40,0.09,rat_movement=False
1,60,120,0.1,rat_movement=False
1,3,20,0.2,rat_movement=False
1,140,120,0.3,rat_movement=False
1,191,140,0.4,rat_movement=False
1,337,240,0.5,rat_movement=False
1,221,180,0.6,rat_movement=False
1,258,200,0.7,rat_movement=False
1,241,180,0.8,rat_movement=False
1,175,100,0.9,rat_movement=False
1,132,300,0.01,rat_movement=False
1,1093,780,1.0,rat_movement=False
1,89,180,0.03,rat_movement=False
1,64,100,0.05,rat_movement=False
1,49,60,0.07,rat_movement=False
1,1144,1000,0.0,rat_movement=False
1,70,120,0.09,rat_movement=False
1,79,60,0.1,rat_movement=False
1,9,60,0.3,rat_movement=False
1,42,100,0.2,rat_movement=False
1,33,60,0.4,rat_movement=False
1,185,140,0.5,rat_movement=False
1,203,160,0.6,rat_movement=False
1,288,200,0.7,rat_movement=False
1,204,140,0.8,rat_movement=False
1,209,120,0.9,rat_movement=False
1,386,240,1.0,rat_movement=False
1,65,100,0.01,rat_movement=False
1,403,320,0.0,rat_movement=False
1,55,180,0.03,rat_movement=False
1,77,100,0.05,rat_movement=False
1,63,80,0.07,rat_movement=False
1,101,120,0.09,rat_movement=False
1,62,100,0.1,rat_movement=False
1,25,100,0.2,rat_movement=False
1,63,80,0.3,rat_movement=False
1,62,60,0.4,rat_movement=False
1,662,460,0.5,rat_movement=False
1,94,60,0.6,rat_movement=False
1,267,160,0.7,rat_movement=False
1,637,480,0.8,rat_movement=False
1,275,180,0.9,rat_movement=False
1,395,280,1.0,rat_movement=False
1,87,80,0.01,rat_movement=False
1,74,200,0.03,rat_movement=False
1,78,180,0.05,rat_movement=False
1,8,60,0.07,rat_movement=False
1,1369,1140,0.0,rat_movement=False
1,106,120,0.09,rat_movement=False
1,79,100,0.1,rat_movement=False
1,92,140,0.2,rat_movement=False
1,27,80,0.3,rat_movement=False
1,264,220,0.4,rat_movement=False
1,334,200,0.5,rat_movement=False
1,5,20,0.7,rat_movement=False
1,383,260,0.6,rat_movement=False
1,318,260,0.9,rat_movement=False
1,400,300,0.8,rat_movement=False
1,408,300,1.0,rat_movement=False
1,398,320,0.0,rat_movement=False
1,89,100,0.01,rat_movement=False
1,50,40,0.05,rat_movement=False
1,123,320,0.03,rat_movement=False
1,77,80,0.07,rat_movement=False
1,8,20,0.09,rat_movement=False
1,79,140,0.1,rat_movement=False
1,63,80,0.2,rat_movement=False
1,82,120,0.3,rat_movement=False
1,63,100,0.4,rat_movement=False
1,40,40,0.5,rat_movement=False
1,218,180,0.6,rat_movement=False
1,415,300,0.7,rat_movement=False
1,341,240,0.8,rat_movement=False
1,326,200,0.9,rat_movement=False
1,519,420,1.0,rat_movement=False
1,108,220,0.01,rat_movement=False
1,404,380,0.0,rat_movement=False
1,69,80,0.03,rat_movement=False
1,68,100,0.05,rat_movement=False
1,41,60,0.07,rat_movement=False
1,20,40,0.09,rat_movement=False
1,15,80,0.1,rat_movement=False
1,76,120,0.2,rat_movement=False
1,47,40,0.3,rat_movement=False
1,291,160,0.4,rat_movement=False
1,154,120,0.5,rat_movement=False
1,123,60,0.7,rat_movement=False
1,232,160,0.6,rat_movement=False
1,470,340,0.8,rat_movement=False
1,458,340,0.9,rat_movement=False
1,10,20,1.0,rat_movement=False
1,39,40,0.01,rat_movement=False
1,535,520,0.0,rat_movement=False
1,54,220,0.03,rat_movement=False
1,68,100,0.05,rat_movement=False
1,42,40,0.07,rat_movement=False
1,79,100,0.09,rat_movement=False
1,69,160,0.1,rat_movement=False
1,125,120,0.2,rat_movement=False
1,12,40,0.3,rat_movement=False
1,88,120,0.4,rat_movement=False
1,79,80,0.5,rat_movement=False
1,41,100,0.6,rat_movement=False
1,223,200,0.7,rat_movement=False
1,320,200,0.9,rat_movement=False
1,599,440,0.8,rat_movement=False
1,304,180,1.0,rat_movement=False
1,27,40,0.0,rat_movement=False
1,83,140,0.01,rat_movement=False
1,86,240,0.03,rat_movement=False
1,90,260,0.05,rat_movement=False
1,35,120,0.07,rat_movement=False
1,92,120,0.09,rat_movement=False
1,98,100,0.1,rat_movement=False
1,85,60,0.2,rat_movement=False
1,80,100,0.3,rat_movement=False
1,46,120,0.4,rat_movement=False
1,172,120,0.5,rat_movement=False
1,374,280,0.6,rat_movement=False
1,21,80,0.7,rat_movement=False
1,260,160,0.8,rat_movement=False
1,235,140,0.9,rat_movement=False
1,858,600,1.0,rat_movement=False
1,54,60,0.03,rat_movement=False
1,184,380,0.01,rat_movement=False
1,42,120,0.07,rat_movement=False
1,148,220,0.05,rat_movement=False
1,81,100,0.09,rat_movement=False
1,121,140,0.1,rat_movement=False
1,36,100,0.2,rat_movement=False
1,18,60,0.4,rat_movement=False
1,165,160,0.3,rat_movement=False
1,1699,1320,0.0,rat_movement=False
1,121,60,0.7,rat_movement=False
1,371,260,0.5,rat_movement=False
1,56,60,0.8,rat_movement=False
1,170,120,1.0,rat_movement=False
1,600,420,0.6,rat_movement=False
1,338,280,0.9,rat_movement=False
1,247,400,0.01,rat_movement=False
1,70,160,0.03,rat_movement=False
1,38,100,0.05,rat_movement=False
1,34,80,0.07,rat_movement=False
1,2,20,0.09,rat_movement=False
1,957,820,0.0,rat_movement=False
1,39,60,0.1,rat_movement=False
1,107,160,0.2,rat_movement=False
1,82,140,0.3,rat_movement=False
1,25,20,0.5,rat_movement=False
1,129,180,0.4,rat_movement=False
1,359,280,0.6,rat_movement=False
1,16,60,0.7,rat_movement=False
1,179,120,0.8,rat_movement=False
1,172,100,1.0,rat_movement=False
1,59,40,0.0,rat_movement=False
1,427,320,0.9,rat_movement=False
1,44,40,0.01,rat_movement=False
1,33,20,0.03,rat_movement=False
1,143,120,0.05,rat_movement=False
1,47,20,0.07,rat_movement=False
1,10,40,0.09,rat_movement=False
1,5,20,0.1,rat_movement=False
1,43,120,0.2,rat_movement=False
1,99,100,0.3,rat_movement=False
1,160,100,0.4,rat_movement=False
1,265,180,0.5,rat_movement=False
1,187,160,0.6,rat_movement=False
1,113,120,0.7,rat_movement=False
1,176,120,1.0,rat_movement=False
1,438,320,0.9,rat_movement=False
1,584,420,0.8,rat_movement=False
1,41,100,0.01,rat_movement=False
1,147,240,0.03,rat_movement=False
1,79,180,0.05,rat_movement=False
1,56,80,0.07,rat_movement=False
1,79,140,0.09,rat_movement=False
1,9,20,0.1,rat_movement=False
1,34,80,0.2,rat_movement=False
1,96,60,0.3,rat_movement=False
1,1302,1020,0.0,rat_movement=False
1,27,100,0.4,rat_movement=False
1,13,20,0.6,rat_movement=False
1,557,360,0.5,rat_movement=False
1,116,60,0.7,rat_movement=False
1,82,60,0.8,rat_movement=False
1,239,200,0.9,rat_movement=False
1,524,500,1.0,rat_movement=False
1,431,420,0.0,rat_movement=False
1,99,60,0.03,rat_movement=False
1,90,240,0.01,rat_movement=False
1,146,180,0.05,rat_movement=False
1,66,100,0.07,rat_movement=False
1,66,100,0.09,rat_movement=False
1,34,80,0.1,rat_movement=False
1,87,40,0.2,rat_movement=False
1,99,60,0.4,rat_movement=False
1,195,160,0.3,rat_movement=False
1,189,100,0.5,rat_movement=False
1,330,280,0.6,rat_movement=False
1,25,60,0.7,rat_movement=False
1,113,60,0.9,rat_movement=False
1,226,160,0.8,rat_movement=False
1,32,40,0.0,rat_movement=False
1,62,60,0.01,rat_movement=False
1,11,20,0.03,rat_movement=False
1,36,40,0.05,rat_movement=False
1,497,340,1.0,rat_movement=False
1,66,120,0.07,rat_movement=False
1,58,80,0.09,rat_movement=False
1,35,60,0.1,rat_movement=False
1,206,140,0.2,rat_movement=False
1,79,100,0.3,rat_movement=False
1,310,200,0.4,rat_movement=False
1,275,180,0.5,rat_movement=False
1,141,120,0.7,rat_movement=False
1,340,220,0.6,rat_movement=False
1,160,100,0.8,rat_movement=False
1,303,200,0.9,rat_movement=False
1,118,80,1.0,rat_movement=False
1,184,140,0.0,rat_movement=False
1,79,100,0.03,rat_movement=False
1,203,320,0.01,rat_movement=False
1,133,200,0.05,rat_movement=False
1,110,160,0.07,rat_movement=False
1,91,60,0.09,rat_movement=False
1,49,80,0.1,rat_movement=False
1,83,40,0.2,rat_movement=False
1,133,120,0.3,rat_movement=False
1,172,100,0.4,rat_movement=False
1,41,40,0.6,rat_movement=False
1,283,240,0.5,rat_movement=False
1,270,180,0.7,rat_movement=False
1,391,280,0.8,rat_movement=False
1,289,220,0.9,rat_movement=False
1,207,140,1.0,rat_movement=False
1,149,240,0.01,rat_movement=False
1,87,100,0.03,rat_movement=False
1,892,780,0.0,rat_movement=False
1,100,160,0.05,rat_movement=False
1,20,20,0.07,rat_movement=False
1,65,80,0.09,rat_movement=False
1,91,60,0.1,rat_movement=False
1,76,80,0.2,rat_movement=False
1,58,120,0.3,rat_movement=False
1,189,140,0.4,rat_movement=False
1,107,120,0.5,rat_movement=False
1,342,240,0.6,rat_movement=False
1,61,40,0.7,rat_movement=False
1,100,120,0.8,rat_movement=False
1,436,300,0.9,rat_movement=False
1,102,100,0.0,rat_movement=False
1,76,140,0.01,rat_movement=False
1,42,140,0.03,rat_movement=False
1,43,120,0.05,rat_movement=False
1,947,780,1.0,rat_movement=False
1,58,100,0.07,rat_movement=False
1,87,120,0.09,rat_movement=False
1,78,160,0.1,rat_movement=False
1,137,140,0.2,rat_movement=False
1,66,100,0.3,rat_movement=False
1,155,100,0.4,rat_movement=False
1,268,180,0.5,rat_movement=False
1,54,40,0.6,rat_movement=False
1,227,140,0.7,rat_movement=False
1,121,60,0.8,rat_movement=False
1,192,160,1.0,rat_movement=False
1,402,280,0.9,rat_movement=False
1,62,120,0.03,rat_movement=False
1,169,300,0.01,rat_movement=False
1,79,120,0.05,rat_movement=False
1,32,20,0.07,rat_movement=False
1,11,20,0.09,rat_movement=False
1,76,160,0.1,rat_movement=False
1,104,120,0.2,rat_movement=False
1,37,100,0.3,rat_movement=False
1,127,120,0.4,rat_movement=False
1,405,300,0.5,rat_movement=False
1,193,120,0.6,rat_movement=False
1,194,200,0.7,rat_movement=False
1,12,40,0.8,rat_movement=False
1,2273,1980,0.0,rat_movement=False
1,236,160,0.9,rat_movement=False
1,95,60,1.0,rat_movement=False
1,302,320,0.0,rat_movement=False
1,14,20,0.03,rat_movement=False
1,47,60,0.05,rat_movement=False
1,100,120,0.01,rat_movement=False
1,47,120,0.07,rat_movement=False
1,33,100,0.09,rat_movement=False
1,141,140,0.1,rat_movement=False
1,30,20,0.2,rat_movement=False
1,195,160,0.3,rat_movement=False
1,164,120,0.4,rat_movement=False
1,69,40,0.5,rat_movement=False
1,4,20,0.6,rat_movement=False
1,243,200,0.7,rat_movement=False
1,59,60,0.8,rat_movement=False
1,265,160,0.9,rat_movement=False
1,234,180,1.0,rat_movement=False
1,272,280,0.0,rat_movement=False
1,113,280,0.01,rat_movement=False
1,144,180,0.03,rat_movement=False
1,96,180,0.05,rat_movement=False
1,44,80,0.07,rat_movement=False
1,89,120,0.09,rat_movement=False
1,82,60,0.1,rat_movement=False
1,76,120,0.2,rat_movement=False
1,38,80,0.3,rat_movement=False
1,271,160,0.4,rat_movement=False
1,104,100,0.6,rat_movement=False
1,335,260,0.5,rat_movement=False
1,83,80,0.7,rat_movement=False
1,51,40,0.8,rat_movement=False
1,224,160,1.0,rat_movement=False
1,118,120,0.01,rat_movement=False
1,792,600,0.9,rat_movement=False
1,82,140,0.03,rat_movement=False
1,65,80,0.05,rat_movement=False
1,71,120,0.07,rat_movement=False
1,90,180,0.09,rat_movement=False
1,89,140,0.1,rat_movement=False
1,13,60,0.3,rat_movement=False
1,153,140,0.2,rat_movement=False
1,178,140,0.4,rat_movement=False
1,24,40,0.5,rat_movement=False
1,294,200,0.6,rat_movement=False
1,42,20,0.8,rat_movement=False
1,345,220,0.7,rat_movement=False
1,2735,2160,0.0,rat_movement=False
1,98,60,1.0,rat_movement=False
1,7,20,0.0,rat_movement=False
1,209,220,0.9,rat_movement=False
1,90,140,0.01,rat_movement=False
1,86,80,0.03,rat_movement=False
1,90,120,0.05,rat_movement=False
1,43,40,0.07,rat_movement=False
1,94,120,0.09,rat_movement=False
1,53,60,0.1,rat_movement=False
1,39,80,0.2,rat_movement=False
1,169,100,0.3,rat_movement=False
1,43,80,0.4,rat_movement=False
1,131,80,0.5,rat_movement=False
1,173,140,0.6,rat_movement=False
1,240,140,0.7,rat_movement=False
1,146,100,0.8,rat_movement=False
1,275,160,0.9,rat_movement=False
1,40,20,1.0,rat_movement=False
1,172,400,0.01,rat_movement=False
1,118,180,0.03,rat_movement=False
1,26,40,0.05,rat_movement=False
1,36,60,0.07,rat_movement=False
1,77,120,0.09,rat_movement=False
1,49,120,0.1,rat_movement=False
1,42,60,0.2,rat_movement=False
1,1339,1060,0.0,rat_movement=False
1,39,80,0.3,rat_movement=False
1,69,80,0.4,rat_movement=False
1,242,160,0.5,rat_movement=False
1,200,120,0.6,rat_movement=False
1,170,80,0.7,rat_movement=False
1,252,180,0.8,rat_movement=False
1,222,140,0.9,rat_movement=False
1,195,100,1.0,rat_movement=False
1,150,200,0.01,rat_movement=False
1,99,220,0.03,rat_movement=False
1,1089,880,0.0,rat_movement=False
1,69,80,0.05,rat_movement=False
1,49,60,0.07,rat_movement=False
1,56,100,0.09,rat_movement=False
1,141,140,0.1,rat_movement=False
1,140,180,0.2,rat_movement=False
1,79,40,0.3,rat_movement=False
1,266,240,0.4,rat_movement=False
1,103,100,0.5,rat_movement=False
1,115,60,0.7,rat_movement=False
1,198,120,0.8,rat_movement=False
1,273,220,0.6,rat_movement=False
1,264,180,1.0,rat_movement=False
1,362,260,0.9,rat_movement=False
1,418,360,0.0,rat_movement=False
1,128,240,0.01,rat_movement=False
1,96,100,0.03,rat_movement=False
1,99,160,0.05,rat_movement=False
1,68,100,0.07,rat_movement=False
1,87,60,0.09,rat_movement=False
1,55,80,0.1,rat_movement=False
1,48,60,0.2,rat_movement=False
1,75,40,0.4,rat_movement=False
1,158,120,0.3,rat_movement=False
1,107,140,0.5,rat_movement=False
1,78,60,0.6,rat_movement=False
1,408,260,0.7,rat_movement=False
1,406,280,0.8,rat_movement=False
1,280,220,1.0,rat_movement=False
1,104,60,0.01,rat_movement=False
1,277,220,0.0,rat_movement=False
1,8,60,0.03,rat_movement=False
1,105,100,0.05,rat_movement=False
1,62,100,0.07,rat_movement=False
1,1003,720,0.9,rat_movement=False
1,13,60,0.1,rat_movement=False
1,13,20,0.2,rat_movement=False
1,35,120,0.09,rat_movement=False
1,71,40,0.3,rat_movement=False
1,8,40,0.4,rat_movement=False
1,178,100,0.5,rat_movement=False
1,175,100,0.6,rat_movement=False
1,212,200,0.7,rat_movement=False
1,85,60,0.9,rat_movement=False
1,369,260,0.8,rat_movement=False
1,35,40,0.0,rat_movement=False
1,181,120,1.0,rat_movement=False
1,68,140,0.01,rat_movement=False
1,46,80,0.03,rat_movement=False
1,56,80,0.05,rat_movement=False
1,45,60,0.07,rat_movement=False
1,16,60,0.09,rat_movement=False
1,147,220,0.1,rat_movement=False
1,82,100,0.2,rat_movement=False
1,82,60,0.3,rat_movement=False
1,106,120,0.4,rat_movement=False
1,91,120,0.5,rat_movement=False
1,235,180,0.6,rat_movement=False
1,652,500,0.7,rat_movement=False
1,473,340,0.8,rat_movement=False
1,98,120,0.0,rat_movement=False
1,427,300,0.9,rat_movement=False
1,187,220,1.0,rat_movement=False
1,116,140,0.01,rat_movement=False
1,57,180,0.03,rat_movement=False
1,84,120,0.05,rat_movement=False
1,61,100,0.07,rat_movement=False
1,46,40,0.09,rat_movement=False
1,34,60,0.1,rat_movement=False
1,140,160,0.2,rat_movement=False
1,35,100,0.3,rat_movement=False
1,66,60,0.4,rat_movement=False
1,100,60,0.5,rat_movement=False
1,170,100,0.6,rat_movement=False
1,314,260,0.7,rat_movement=False
1,184,100,0.8,rat_movement=False
1,149,80,0.9,rat_movement=False
1,99,120,0.01,rat_movement=False
1,426,320,1.0,rat_movement=False
1,58,100,0.03,rat_movement=False
1,52,60,0.07,rat_movement=False
1,114,160,0.05,rat_movement=False
1,120,120,0.09,rat_movement=False
1,839,760,0.0,rat_movement=False
1,70,60,0.1,rat_movement=False
1,210,180,0.2,rat_movement=False
1,42,100,0.3,rat_movement=False
1,304,200,0.4,rat_movement=False
1,22,100,0.5,rat_movement=False
1,186,140,0.6,rat_movement=False
1,242,180,0.7,rat_movement=False
1,20,80,0.9,rat_movement=False
1,73,40,1.0,rat_movement=False
1,35,20,0.03,rat_movement=False
1,521,360,0.8,rat_movement=False
1,110,140,0.0,rat_movement=False
1,110,220,0.01,rat_movement=False
1,57,140,0.05,rat_movement=False
1,55,40,0.07,rat_movement=False
1,45,60,0.09,rat_movement=False
1,56,80,0.1,rat_movement=False
1,36,100,0.2,rat_movement=False
1,44,20,0.3,rat_movement=False
1,233,200,0.4,rat_movement=False
1,128,80,0.6,rat_movement=False
1,420,340,0.5,rat_movement=False
1,16,60,0.7,rat_movement=False
1,16,60,0.9,rat_movement=False
1,250,140,0.8,rat_movement=False
1,298,220,1.0,rat_movement=False
1,140,140,0.0,rat_movement=False
1,78,60,0.01,rat_movement=False
1,65,160,0.03,rat_movement=False
1,44,80,0.05,rat_movement=False
1,107,160,0.07,rat_movement=False
1,34,100,0.09,rat_movement=False
1,47,120,0.1,rat_movement=False
1,40,20,0.2,rat_movement=False
1,203,140,0.3,rat_movement=False
1,40,20,0.4,rat_movement=False
1,92,60,0.5,rat_movement=False
1,288,220,0.6,rat_movement=False
1,69,40,0.8,rat_movement=False
1,510,360,0.7,rat_movement=False
1,199,120,0.9,rat_movement=False
1,198,120,1.0,rat_movement=False
1,109,280,0.01,rat_movement=False
1,56,120,0.03,rat_movement=False
1,543,460,0.0,rat_movement=False
1,73,120,0.05,rat_movement=False
1,67,60,0.07,rat_movement=False
1,112,80,0.09,rat_movement=False
1,52,100,0.1,rat_movement=False
1,20,40,0.2,rat_movement=False
1,76,40,0.3,rat_movement=False
1,197,140,0.4,rat_movement=False
1,82,40,0.5,rat_movement=False
1,149,80,0.6,rat_movement=False
1,298,200,0.7,rat_movement=False
1,382,280,0.8,rat_movement=False
1,456,280,0.9,rat_movement=False
1,354,300,1.0,rat_movement=False
1,147,280,0.01,rat_movement=False
1,77,140,0.03,rat_movement=False
1,73,40,0.05,rat_movement=False
1,80,120,0.07,rat_movement=False
1,61,80,0.09,rat_movement=False
1,51,20,0.1,rat_movement=False
1,1247,1000,0.0,rat_movement=False
1,84,120,0.3,rat_movement=False
1,149,180,0.2,rat_movement=False
1,235,220,0.4,rat_movement=False
1,24,60,0.5,rat_movement=False
1,29,60,0.7,rat_movement=False
1,180,120,0.6,rat_movement=False
1,478,360,0.8,rat_movement=False
1,92,60,0.9,rat_movement=False
1,14,60,1.0,rat_movement=False
1,177,160,0.0,rat_movement=False
1,40,180,0.03,rat_movement=False
1,28,60,0.05,rat_movement=False
1,28,20,0.07,rat_movement=False
1,203,420,0.01,rat_movement=False
1,72,60,0.09,rat_movement=False
1,206,220,0.1,rat_movement=False
1,80,60,0.2,rat_movement=False
1,55,60,0.3,rat_movement=False
1,79,80,0.4,rat_movement=False
1,93,60,0.5,rat_movement=False
1,510,320,0.6,rat_movement=False
1,559,380,0.7,rat_movement=False
1,324,240,0.8,rat_movement=False
1,77,60,0.9,rat_movement=False
1,295,260,1.0,rat_movement=False
1,27,40,0.01,rat_movement=False
1,55,160,0.03,rat_movement=False
1,71,80,0.05,rat_movement=False
1,53,60,0.07,rat_movement=False
1,35,60,0.09,rat_movement=False
1,52,100,0.1,rat_movement=False
1,50,60,0.2,rat_movement=False
1,128,60,0.3,rat_movement=False
1,106,80,0.4,rat_movement=False
1,2740,2400,0.0,rat_movement=False
1,19,60,0.6,rat_movement=False
1,275,200,0.5,rat_movement=False
1,167,120,0.8,rat_movement=False
1,300,220,0.7,rat_movement=False
1,95,60,0.9,rat_movement=False
1,615,460,1.0,rat_movement=False
1,36,100,0.03,rat_movement=False
1,163,280,0.01,rat_movement=False
1,104,120,0.05,rat_movement=False
1,698,560,0.0,rat_movement=False
1,103,200,0.07,rat_movement=False
1,25,20,0.09,rat_movement=False
1,67,120,0.1,rat_movement=False
1,67,100,0.2,rat_movement=False
1,77,60,0.3,rat_movement=False
1,83,40,0.4,rat_movement=False
1,212,120,0.5,rat_movement=False
1,83,60,0.6,rat_movement=False
1,241,180,0.7,rat_movement=False
1,307,220,0.9,rat_movement=False
1,105,60,1.0,rat_movement=False
1,777,520,0.8,rat_movement=False
1,26,80,0.01,rat_movement=False
1,460,400,0.0,rat_movement=False
1,48,200,0.03,rat_movement=False
1,104,200,0.05,rat_movement=False
1,64,120,0.07,rat_movement=False
1,69,120,0.09,rat_movement=False
1,29,60,0.1,rat_movement=False
1,57,100,0.2,rat_movement=False
1,48,80,0.3,rat_movement=False
1,192,180,0.4,rat_movement=False
1,311,240,0.5,rat_movement=False
1,219,120,0.6,rat_movement=False
1,153,100,0.7,rat_movement=False
1,81,60,0.8,rat_movement=False
1,250,160,0.9,rat_movement=False
1,337,220,1.0,rat_movement=False
1,166,180,0.0,rat_movement=False
1,132,400,0.01,rat_movement=False
1,132,200,0.03,rat_movement=False
1,118,140,0.05,rat_movement=False
1,116,120,0.07,rat_movement=False
1,84,60,0.09,rat_movement=False
1,115,200,0.1,rat_movement=False
1,128,140,0.2,rat_movement=False
1,169,140,0.3,rat_movement=False
1,82,100,0.4,rat_movement=False
1,94,60,0.5,rat_movement=False
1,160,80,0.6,rat_movement=False
1,169,80,0.7,rat_movement=False
1,191,140,0.8,rat_movement=False
1,160,80,0.9,rat_movement=False
1,280,180,1.0,rat_movement=False
1,167,200,0.01,rat_movement=False
1,45,100,0.03,rat_movement=False
1,72,100,0.05,rat_movement=False
1,132,120,0.07,rat_movement=False
1,42,120,0.09,rat_movement=False
1,48,60,0.1,rat_movement=False
1,65,40,0.2,rat_movement=False
1,91,100,0.3,rat_movement=False
1,33,100,0.4,rat_movement=False
1,72,60,0.5,rat_movement=False
1,1878,1600,0.0,rat_movement=False
1,409,280,0.6,rat_movement=False
1,121,80,0.7,rat_movement=False
1,215,180,0.8,rat_movement=False
1,415,320,0.9,rat_movement=False
1,242,140,1.0,rat_movement=False
1,120,120,0.0,rat_movement=False
1,104,260,0.01,rat_movement=False
1,129,240,0.03,rat_movement=False
1,54,140,0.05,rat_movement=False
1,28,60,0.07,rat_movement=False
1,95,60,0.09,rat_movement=False
1,73,140,0.1,rat_movement=False
1,89,80,0.2,rat_movement=False
1,108,80,0.3,rat_movement=False
1,67,100,0.4,rat_movement=False
1,22,20,0.5,rat_movement=False
1,96,60,0.6,rat_movement=False
1,231,120,0.7,rat_movement=False
1,189,140,0.8,rat_movement=False
1,257,200,0.9,rat_movement=False
1,464,340,1.0,rat_movement=False
1,238,360,0.01,rat_movement=False
1,86,180,0.03,rat_movement=False
1,91,140,0.05,rat_movement=False
1,48,160,0.07,rat_movement=False
1,60,60,0.09,rat_movement=False
1,12,40,0.1,rat_movement=False
1,1429,1260,0.0,rat_movement=False
1,91,140,0.2,rat_movement=False
1,122,60,0.3,rat_movement=False
1,172,100,0.4,rat_movement=False
1,80,40,0.5,rat_movement=False
1,97,60,0.6,rat_movement=False
1,250,160,0.7,rat_movement=False
1,262,180,0.8,rat_movement=False
1,201,160,0.9,rat_movement=False
1,475,360,1.0,rat_movement=False
1,196,240,0.01,rat_movement=False
1,540,480,0.0,rat_movement=False
1,29,80,0.03,rat_movement=False
1,61,140,0.05,rat_movement=False
1,56,60,0.07,rat_movement=False
1,33,20,0.09,rat_movement=False
1,74,100,0.1,rat_movement=False
1,43,60,0.2,rat_movement=False
1,162,100,0.3,rat_movement=False
1,173,140,0.4,rat_movement=False
1,195,160,0.5,rat_movement=False
1,317,200,0.6,rat_movement=False
1,216,200,0.7,rat_movement=False
1,34,100,0.8,rat_movement=False
1,90,60,0.9,rat_movement=False
1,599,420,1.0,rat_movement=False
1,58,120,0.03,rat_movement=False
1,155,280,0.01,rat_movement=False
1,77,140,0.05,rat_movement=False
1,45,100,0.07,rat_movement=False
1,77,40,0.09,rat_movement=False
1,1006,880,0.0,rat_movement=False
1,82,100,0.1,rat_movement=False
1,101,120,0.2,rat_movement=False
1,182,140,0.3,rat_movement=False
1,227,180,0.4,rat_movement=False
1,179,120,0.5,rat_movement=False
1,295,200,0.7,rat_movement=False
1,65,40,0.8,rat_movement=False
1,453,420,0.6,rat_movement=False
1,238,180,1.0,rat_movement=False
1,440,360,0.9,rat_movement=False
1,246,620,0.01,rat_movement=False
1,110,160,0.03,rat_movement=False
1,135,140,0.05,rat_movement=False
1,20,40,0.09,rat_movement=False
1,62,120,0.07,rat_movement=False
1,148,240,0.1,rat_movement=False
1,81,120,0.2,rat_movement=False
1,14,20,0.4,rat_movement=False
1,230,200,0.3,rat_movement=False
1,223,200,0.5,rat_movement=False
1,235,140,0.6,rat_movement=False
1,2591,2160,0.0,rat_movement=False
1,99,80,0.8,rat_movement=False
1,325,280,0.7,rat_movement=False
1,463,320,0.9,rat_movement=False
1,67,260,0.01,rat_movement=False
1,708,520,1.0,rat_movement=False
1,100,200,0.03,rat_movement=False
1,52,140,0.05,rat_movement=False
1,70,60,0.07,rat_movement=False
1,58,120,0.09,rat_movement=False
1,33,60,0.1,rat_movement=False
1,921,820,0.0,rat_movement=False
1,92,120,0.2,rat_movement=False
1,47,100,0.3,rat_movement=False
1,32,80,0.4,rat_movement=False
1,172,120,0.5,rat_movement=False
1,158,80,0.6,rat_movement=False
1,23,20,0.7,rat_movement=False
1,499,320,0.8,rat_movement=False
1,240,160,0.9,rat_movement=False
1,459,380,1.0,rat_movement=False
1,46,140,0.01,rat_movement=False
1,152,120,0.03,rat_movement=False
1,90,100,0.05,rat_movement=False
1,105,80,0.07,rat_movement=False
1,27,80,0.09,rat_movement=False
1,88,120,0.1,rat_movement=False
1,27,60,0.2,rat_movement=False
1,36,40,0.3,rat_movement=False
1,11,60,0.4,rat_movement=False
1,1220,1120,0.0,rat_movement=False
1,225,160,0.5,rat_movement=False
1,296,220,0.7,rat_movement=False
1,442,300,0.6,rat_movement=False
1,416,280,0.8,rat_movement=False
1,325,240,0.9,rat_movement=False
1,181,120,1.0,rat_movement=False
1,229,240,0.0,rat_movement=False
1,173,360,0.01,rat_movement=False
1,94,220,0.03,rat_movement=False
1,34,100,0.07,rat_movement=False
1,143,160,0.05,rat_movement=False
1,62,80,0.09,rat_movement=False
1,36,100,0.1,rat_movement=False
1,129,120,0.2,rat_movement=False
1,166,120,0.3,rat_movement=False
1,62,140,0.4,rat_movement=False
1,62,60,0.5,rat_movement=False
1,23,60,0.6,rat_movement=False
1,198,160,0.8,rat_movement=False
1,71,40,0.9,rat_movement=False
1,466,340,0.7,rat_movement=False
1,333,260,1.0,rat_movement=False
1,93,140,0.01,rat_movement=False
1,125,300,0.03,rat_movement=False
1,559,480,0.0,rat_movement=False
1,101,160,0.05,rat_movement=False
1,99,60,0.07,rat_movement=False
1,64,80,0.09,rat_movement=False
1,89,100,0.1,rat_movement=False
1,70,40,0.2,rat_movement=False
1,11,40,0.3,rat_movement=False
1,94,80,0.4,rat_movement=False
1,78,40,0.6,rat_movement=False
1,235,160,0.5,rat_movement=False
1,215,120,0.7,rat_movement=False
1,55,60,0.9,rat_movement=False
1,268,200,0.8,rat_movement=False
1,373,280,1.0,rat_movement=False
1,15,20,0.01,rat_movement=False
1,86,220,0.03,rat_movement=False
1,103,220,0.05,rat_movement=False
1,102,160,0.07,rat_movement=False
1,36,60,0.09,rat_movement=False
1,99,120,0.1,rat_movement=False
1,58,80,0.2,rat_movement=False
1,148,80,0.3,rat_movement=False
1,33,80,0.4,rat_movement=False
1,40,20,0.5,rat_movement=False
1,120,60,0.6,rat_movement=False
1,131,60,0.7,rat_movement=False
1,193,120,0.8,rat_movement=False
1,1890,1680,0.0,rat_movement=False
1,113,60,0.9,rat_movement=False
1,32,20,1.0,rat_movement=False
1,124,200,0.01,rat_movement=False
1,98,180,0.03,rat_movement=False
1,69,100,0.05,rat_movement=False
1,622,580,0.0,rat_movement=False
1,46,80,0.07,rat_movement=False
1,31,80,0.09,rat_movement=False
1,44,120,0.1,rat_movement=False
1,127,120,0.2,rat_movement=False
1,85,100,0.3,rat_movement=False
1,101,60,0.5,rat_movement=False
1,273,200,0.4,rat_movement=False
1,28,20,0.6,rat_movement=False
1,260,200,0.8,rat_movement=False
1,498,400,0.7,rat_movement=False
1,312,240,0.9,rat_movement=False
1,206,140,1.0,rat_movement=False
1,61,160,0.01,rat_movement=False
1,1070,920,0.0,rat_movement=False
1,94,120,0.03,rat_movement=False
1,29,80,0.05,rat_movement=False
1,67,100,0.07,rat_movement=False
1,53,40,0.09,rat_movement=False
1,18,40,0.1,rat_movement=False
1,98,140,0.2,rat_movement=False
1,47,60,0.4,rat_movement=False
1,61,100,0.3,rat_movement=False
1,47,20,0.6,rat_movement=False
1,186,160,0.5,rat_movement=False
1,190,140,0.7,rat_movement=False
1,85,60,0.8,rat_movement=False
1,464,320,0.9,rat_movement=False
1,163,160,0.01,rat_movement=False
1,624,440,1.0,rat_movement=False
1,72,100,0.03,rat_movement=False
1,484,420,0.0,rat_movement=False
1,44,120,0.05,rat_movement=False
1,71,120,0.07,rat_movement=False
1,23,40,0.1,rat_movement=False
1,72,160,0.09,rat_movement=False
1,60,60,0.2,rat_movement=False
1,197,160,0.3,rat_movement=False
1,61,60,0.6,rat_movement=False
1,170,140,0.4,rat_movement=False
1,67,80,0.7,rat_movement=False
1,397,260,0.5,rat_movement=False
1,3,20,0.8,rat_movement=False
1,237,180,0.9,rat_movement=False
1,97,240,0.01,rat_movement=False
1,98,220,0.03,rat_movement=False
1,1007,800,1.0,rat_movement=False
1,36,140,0.05,rat_movement=False
1,18,120,0.07,rat_movement=False
1,17,80,0.09,rat_movement=False
1,81,140,0.1,rat_movement=False
1,1279,1000,0.0,rat_movement=False
1,10,20,0.2,rat_movement=False
1,14,20,0.3,rat_movement=False
1,182,240,0.4,rat_movement=False
1,99,80,0.5,rat_movement=False
1,119,60,0.6,rat_movement=False
1,204,180,0.8,rat_movement=False
1,312,180,0.7,rat_movement=False
1,162,80,1.0,rat_movement=False
1,612,460,0.9,rat_movement=False
1,34,120,0.01,rat_movement=False
1,63,80,0.03,rat_movement=False
1,65,100,0.05,rat_movement=False
1,81,160,0.07,rat_movement=False
1,102,160,0.09,rat_movement=False
1,26,80,0.1,rat_movement=False
1,840,640,0.0,rat_movement=False
1,58,140,0.2,rat_movement=False
1,106,60,0.4,rat_movement=False
1,15,20,0.5,rat_movement=False
1,9,20,0.6,rat_movement=False
1,244,180,0.3,rat_movement=False
1,171,120,0.8,rat_movement=False
1,334,220,0.7,rat_movement=False
1,424,320,1.0,rat_movement=False
1,11,20,0.01,rat_movement=False
1,790,560,0.9,rat_movement=False
1,63,80,0.03,rat_movement=False
1,90,180,0.05,rat_movement=False
1,93,100,0.07,rat_movement=False
1,99,120,0.09,rat_movement=False
1,51,120,0.1,rat_movement=False
1,78,120,0.2,rat_movement=False
1,160,100,0.3,rat_movement=False
1,1557,1340,0.0,rat_movement=False
1,110,120,0.4,rat_movement=False
1,126,60,0.5,rat_movement=False
1,92,80,0.6,rat_movement=False
1,62,40,0.7,rat_movement=False
1,115,60,0.9,rat_movement=False
1,450,300,0.8,rat_movement=False
1,564,420,1.0,rat_movement=False
1,360,380,0.0,rat_movement=False
1,17,60,0.01,rat_movement=False
1,84,200,0.03,rat_movement=False
1,53,80,0.05,rat_movement=False
1,87,100,0.07,rat_movement=False
1,27,80,0.09,rat_movement=False
1,93,100,0.1,rat_movement=False
1,46,80,0.2,rat_movement=False
1,43,100,0.3,rat_movement=False
1,169,80,0.4,rat_movement=False
1,169,100,0.5,rat_movement=False
1,82,40,0.6,rat_movement=False
1,568,480,0.7,rat_movement=False
1,458,320,0.8,rat_movement=False
1,72,60,0.0,rat_movement=False
1,47,60,0.01,rat_movement=False
1,397,280,0.9,rat_movement=False
1,356,280,1.0,rat_movement=False
1,26,120,0.03,rat_movement=False
1,29,20,0.05,rat_movement=False
1,96,160,0.07,rat_movement=False
1,58,100,0.09,rat_movement=False
1,100,160,0.2,rat_movement=False
1,154,180,0.1,rat_movement=False
1,95,120,0.3,rat_movement=False
1,5,20,0.5,rat_movement=False
1,270,220,0.4,rat_movement=False
1,19,20,0.7,rat_movement=False
1,102,60,0.6,rat_movement=False
1,31,20,0.9,rat_movement=False
1,293,200,0.8,rat_movement=False
1,96,100,0.0,rat_movement=False
1,321,220,1.0,rat_movement=False
1,91,80,0.01,rat_movement=False
1,59,80,0.03,rat_movement=False
1,106,180,0.05,rat_movement=False
1,67,100,0.07,rat_movement=False
1,79,140,0.09,rat_movement=False
1,114,100,0.1,rat_movement=False
1,123,160,0.2,rat_movement=False
1,88,80,0.4,rat_movement=False
1,192,120,0.3,rat_movement=False
1,27,20,0.6,rat_movement=False
1,358,280,0.5,rat_movement=False
1,83,80,0.7,rat_movement=False
1,28,100,0.8,rat_movement=False
1,26,20,0.9,rat_movement=False
1,56,40,1.0,rat_movement=False
1,11,60,0.03,rat_movement=False
1,256,260,0.0,rat_movement=False
1,190,400,0.01,rat_movement=False
1,94,160,0.05,rat_movement=False
1,37,80,0.07,rat_movement=False
1,45,60,0.09,rat_movement=False
1,39,100,0.1,rat_movement=False
1,10,60,0.2,rat_movement=False
1,49,120,0.3,rat_movement=False
1,190,120,0.4,rat_movement=False
1,78,160,0.5,rat_movement=False
1,313,220,0.6,rat_movement=False
1,36,40,0.7,rat_movement=False
1,124,60,0.9,rat_movement=False
1,394,340,0.8,rat_movement=False
1,259,160,1.0,rat_movement=False
1,189,220,0.01,rat_movement=False
1,131,180,0.03,rat_movement=False
1,56,100,0.05,rat_movement=False
1,10,40,0.07,rat_movement=False
1,93,160,0.09,rat_movement=False
1,61,140,0.1,rat_movement=False
1,30,80,0.2,rat_movement=False
1,286,200,0.3,rat_movement=False
1,5,40,0.5,rat_movement=False
1,309,220,0.4,rat_movement=False
1,1977,1620,0.0,rat_movement=False
1,129,80,0.6,rat_movement=False
1,372,300,0.7,rat_movement=False
1,121,60,0.8,rat_movement=False
1,83,120,0.9,rat_movement=False
1,91,60,1.0,rat_movement=False
1,79,80,0.0,rat_movement=False
1,173,560,0.01,rat_movement=False
1,76,160,0.03,rat_movement=False
1,39,60,0.05,rat_movement=False
1,12,60,0.07,rat_movement=False
1,40,60,0.09,rat_movement=False
1,72,60,0.1,rat_movement=False
1,67,80,0.2,rat_movement=False
1,37,20,0.3,rat_movement=False
1,34,80,0.6,rat_movement=False
1,268,220,0.4,rat_movement=False
1,385,240,0.5,rat_movement=False
1,264,160,0.7,rat_movement=False
1,199,120,1.0,rat_movement=False
1,357,280,0.8,rat_movement=False
1,426,360,0.9,rat_movement=False
1,153,180,0.01,rat_movement=False
1,33,60,0.03,rat_movement=False
1,312,300,0.0,rat_movement=False
1,47,100,0.07,rat_movement=False
1,114,200,0.05,rat_movement=False
1,43,60,0.09,rat_movement=False
1,111,140,0.1,rat_movement=False
1,19,20,0.2,rat_movement=False
1,118,60,0.3,rat_movement=False
1,60,100,0.4,rat_movement=False
1,302,180,0.5,rat_movement=False
1,222,120,0.6,rat_movement=False
1,94,80,0.7,rat_movement=False
1,378,280,0.8,rat_movement=False
1,57,40,0.9,rat_movement=False
1,138,220,0.01,rat_movement=False
1,739,560,1.0,rat_movement=False
1,76,180,0.03,rat_movement=False
1,72,80,0.05,rat_movement=False
1,15,80,0.07,rat_movement=False
1,888,820,0.0,rat_movement=False
1,74,80,0.09,rat_movement=False
1,91,160,0.1,rat_movement=False
1,109,100,0.2,rat_movement=False
1,197,160,0.3,rat_movement=False
1,168,100,0.4,rat_movement=False
1,98,80,0.6,rat_movement=False
1,176,120,0.5,rat_movement=False
1,105,60,0.8,rat_movement=False
1,175,120,0.7,rat_movement=False
1,54,120,0.9,rat_movement=False
1,217,140,1.0,rat_movement=False
1,159,140,0.0,rat_movement=False
1,68,140,0.01,rat_movement=False
1,105,200,0.03,rat_movement=False
1,80,120,0.05,rat_movement=False
1,47,80,0.07,rat_movement=False
1,41,100,0.09,rat_movement=False
1,63,60,0.1,rat_movement=False
1,86,60,0.2,rat_movement=False
1,209,160,0.3,rat_movement=False
1,49,100,0.4,rat_movement=False
1,97,60,0.5,rat_movement=False
1,310,240,0.6,rat_movement=False
1,372,300,0.7,rat_movement=False
1,184,120,0.8,rat_movement=False
1,234,160,0.9,rat_movement=False
1,215,120,1.0,rat_movement=False
1,376,360,0.0,rat_movement=False
1,51,160,0.03,rat_movement=False
1,186,500,0.01,rat_movement=False
1,75,100,0.05,rat_movement=False
1,51,60,0.07,rat_movement=False
1,68,100,0.09,rat_movement=False
1,59,80,0.1,rat_movement=False
1,51,100,0.2,rat_movement=False
1,18,80,0.3,rat_movement=False
1,214,140,0.4,rat_movement=False
1,107,60,0.5,rat_movement=False
1,86,100,0.6,rat_movement=False
1,38,20,0.8,rat_movement=False
1,279,200,0.7,rat_movement=False
1,242,140,0.9,rat_movement=False
1,198,120,1.0,rat_movement=False
1,147,200,0.01,rat_movement=False
1,27,120,0.03,rat_movement=False
1,78,40,0.05,rat_movement=False
1,56,40,0.07,rat_movement=False
1,95,120,0.09,rat_movement=False
1,67,120,0.1,rat_movement=False
1,997,800,0.0,rat_movement=False
1,24,40,0.2,rat_movement=False
1,189,180,0.3,rat_movement=False
1,17,60,0.4,rat_movement=False
1,225,160,0.5,rat_movement=False
1,70,120,0.7,rat_movement=False
1,362,240,0.6,rat_movement=False
1,190,100,0.9,rat_movement=False
1,402,280,0.8,rat_movement=False
1,234,220,0.0,rat_movement=False
1,103,160,0.01,rat_movement=False
1,112,120,0.03,rat_movement=False
1,65,140,0.05,rat_movement=False
1,628,420,1.0,rat_movement=False
1,46,40,0.09,rat_movement=False
1,88,160,0.07,rat_movement=False
1,53,60,0.1,rat_movement=False
1,133,120,0.2,rat_movement=False
1,62,80,0.3,rat_movement=False
1,181,100,0.4,rat_movement=False
1,351,300,0.5,rat_movement=False
1,369,300,0.6,rat_movement=False
1,321,220,0.7,rat_movement=False
1,369,300,0.8,rat_movement=False
1,638,460,0.9,rat_movement=False
1,51,160,0.01,rat_movement=False
1,535,380,1.0,rat_movement=False
1,121,120,0.05,rat_movement=False
1,41,40,0.07,rat_movement=False
1,154,280,0.03,rat_movement=False
1,46,40,0.09,rat_movement=False
1,52,120,0.1,rat_movement=False
1,57,80,0.2,rat_movement=False
1,12,20,0.3,rat_movement=False
1,132,120,0.4,rat_movement=False
1,284,220,0.5,rat_movement=False
1,223,160,0.6,rat_movement=False
1,112,100,0.7,rat_movement=False
1,225,160,0.8,rat_movement=False
1,45,40,0.9,rat_movement=False
1,2128,1760,0.0,rat_movement=False
1,707,580,1.0,rat_movement=False
1,29,120,0.01,rat_movement=False
1,44,40,0.05,rat_movement=False
1,724,660,0.0,rat_movement=False
1,118,140,0.03,rat_movement=False
1,92,160,0.07,rat_movement=False
1,53,80,0.09,rat_movement=False
1,32,20,0.2,rat_movement=False
1,71,80,0.1,rat_movement=False
1,51,100,0.3,rat_movement=False
1,238,140,0.4,rat_movement=False
1,290,220,0.5,rat_movement=False
1,242,180,0.6,rat_movement=False
1,365,300,0.7,rat_movement=False
1,125,60,0.9,rat_movement=False
1,402,280,0.8,rat_movement=False
1,167,100,1.0,rat_movement=False
1,451,380,0.0,rat_movement=False
1,167,240,0.01,rat_movement=False
1,56,80,0.03,rat_movement=False
1,53,120,0.05,rat_movement=False
1,18,80,0.07,rat_movement=False
1,50,60,0.09,rat_movement=False
1,54,140,0.1,rat_movement=False
1,44,80,0.2,rat_movement=False
1,8,60,0.3,rat_movement=False
1,100,80,0.4,rat_movement=False
1,56,60,0.5,rat_movement=False
1,130,60,0.6,rat_movement=False
1,209,160,0.7,rat_movement=False
1,203,120,0.8,rat_movement=False
1,8,60,0.9,rat_movement=False
1,262,240,0.0,rat_movement=False
1,101,140,0.03,rat_movement=False
1,59,140,0.05,rat_movement=False
1,32,60,0.07,rat_movement=False
1,274,340,0.01,rat_movement=False
1,38,80,0.09,rat_movement=False
1,931,680,1.0,rat_movement=False
1,72,100,0.2,rat_movement=False
1,133,220,0.1,rat_movement=False
1,138,140,0.3,rat_movement=False
1,115,60,0.4,rat_movement=False
1,188,200,0.5,rat_movement=False
1,438,280,0.6,rat_movement=False
1,276,180,0.8,rat_movement=False
1,478,320,0.7,rat_movement=False
1,29,20,0.9,rat_movement=False
1,75,40,1.0,rat_movement=False
1,23,60,0.0,rat_movement=False
1,146,260,0.01,rat_movement=False
1,134,200,0.03,rat_movement=False
1,26,80,0.05,rat_movement=False
1,54,120,0.09,rat_movement=False
1,92,160,0.07,rat_movement=False
1,32,100,0.1,rat_movement=False
1,68,120,0.2,rat_movement=False
1,33,20,0.3,rat_movement=False
1,80,80,0.4,rat_movement=False
1,199,180,0.5,rat_movement=False
1,182,160,0.6,rat_movement=False
1,67,40,0.7,rat_movement=False
1,103,60,0.8,rat_movement=False
1,257,200,1.0,rat_movement=False
1,19,40,0.01,rat_movement=False
1,648,500,0.9,rat_movement=False
1,70,80,0.03,rat_movement=False
1,64,80,0.05,rat_movement=False
1,28,80,0.07,rat_movement=False
1,831,700,0.0,rat_movement=False
1,129,100,0.09,rat_movement=False
1,26,60,0.1,rat_movement=False
1,38,20,0.3,rat_movement=False
1,61,140,0.2,rat_movement=False
1,79,60,0.4,rat_movement=False
1,27,20,0.6,rat_movement=False
1,426,280,0.5,rat_movement=False
1,340,200,0.7,rat_movement=False
1,383,280,0.8,rat_movement=False
1,18,20,1.0,rat_movement=False
1,487,400,0.9,rat_movement=False
1,99,80,0.01,rat_movement=False
1,626,500,0.0,rat_movement=False
1,147,260,0.03,rat_movement=False
1,6,20,0.05,rat_movement=False
1,119,140,0.07,rat_movement=False
1,92,60,0.09,rat_movement=False
1,65,80,0.1,rat_movement=False
1,163,80,0.2,rat_movement=False
1,46,80,0.4,rat_movement=False
1,223,180,0.3,rat_movement=False
1,54,40,0.6,rat_movement=False
1,225,160,0.5,rat_movement=False
1,259,180,0.7,rat_movement=False
1,167,140,0.8,rat_movement=False
1,20,20,0.9,rat_movement=False
1,229,140,1.0,rat_movement=False
1,77,240,0.01,rat_movement=False
1,52,60,0.03,rat_movement=False
1,748,640,0.0,rat_movement=False
1,59,100,0.05,rat_movement=False
1,33,40,0.07,rat_movement=False
1,60,120,0.09,rat_movement=False
1,67,120,0.1,rat_movement=False
1,41,100,0.2,rat_movement=False
1,30,80,0.3,rat_movement=False
1,42,20,0.4,rat_movement=False
1,28,100,0.5,rat_movement=False
1,320,240,0.6,rat_movement=False
1,75,60,0.8,rat_movement=False
1,453,360,0.7,rat_movement=False
1,541,440,0.9,rat_movement=False
1,321,260,1.0,rat_movement=False
1,297,300,0.0,rat_movement=False
1,160,200,0.01,rat_movement=False
1,39,60,0.03,rat_movement=False
1,72,160,0.05,rat_movement=False
1,81,160,0.07,rat_movement=False
1,22,40,0.09,rat_movement=False
1,19,80,0.1,rat_movement=False
1,103,160,0.2,rat_movement=False
1,67,40,0.5,rat_movement=False
1,97,80,0.4,rat_movement=False
1,218,200,0.3,rat_movement=False
1,65,40,0.6,rat_movement=False
1,376,240,0.7,rat_movement=False
1,63,40,0.9,rat_movement=False
1,244,200,0.8,rat_movement=False
1,179,100,1.0,rat_movement=False
1,111,340,0.01,rat_movement=False
1,377,320,0.0,rat_movement=False
1,33,100,0.03,rat_movement=False
1,49,40,0.05,rat_movement=False
1,114,120,0.07,rat_movement=False
1,87,100,0.09,rat_movement=False
1,66,80,0.1,rat_movement=False
1,106,100,0.2,rat_movement=False
1,154,100,0.3,rat_movement=False
1,341,220,0.4,rat_movement=False
1,293,240,0.5,rat_movement=False
1,175,100,0.7,rat_movement=False
1,242,180,0.6,rat_movement=False
1,159,120,0.8,rat_movement=False
1,347,260,1.0,rat_movement=False
1,537,340,0.9,rat_movement=False
1,20,120,0.01,rat_movement=False
1,122,140,0.0,rat_movement=False
1,92,200,0.03,rat_movement=False
1,11,60,0.07,rat_movement=False
1,121,160,0.05,rat_movement=False
1,54,120,0.09,rat_movement=False
1,70,140,0.1,rat_movement=False
1,59,120,0.2,rat_movement=False
1,47,100,0.3,rat_movement=False
1,85,140,0.4,rat_movement=False
1,102,60,0.5,rat_movement=False
1,19,60,0.6,rat_movement=False
1,138,80,0.7,rat_movement=False
1,302,200,0.8,rat_movement=False
1,236,140,0.9,rat_movement=False
1,177,100,1.0,rat_movement=False
1,55,100,0.01,rat_movement=False
1,44,60,0.05,rat_movement=False
1,112,240,0.03,rat_movement=False
1,28,100,0.09,rat_movement=False
1,91,100,0.07,rat_movement=False
1,36,40,0.1,rat_movement=False
1,34,80,0.2,rat_movement=False
1,159,120,0.3,rat_movement=False
1,1445,1120,0.0,rat_movement=False
1,179,120,0.4,rat_movement=False
1,13,20,0.5,rat_movement=False
1,176,100,0.6,rat_movement=False
1,77,60,0.7,rat_movement=False
1,38,20,1.0,rat_movement=False
1,281,180,0.8,rat_movement=False
1,333,280,0.0,rat_movement=False
1,96,260,0.01,rat_movement=False
1,637,520,0.9,rat_movement=False
1,85,120,0.03,rat_movement=False
1,8,40,0.07,rat_movement=False
1,39,80,0.09,rat_movement=False
1,126,160,0.05,rat_movement=False
1,69,120,0.1,rat_movement=False
1,76,100,0.2,rat_movement=False
1,43,100,0.3,rat_movement=False
1,64,80,0.4,rat_movement=False
1,221,180,0.5,rat_movement=False
1,250,140,0.6,rat_movement=False
1,11,60,0.8,rat_movement=False
1,84,60,0.9,rat_movement=False
1,330,280,0.7,rat_movement=False
1,32,60,1.0,rat_movement=False
1,399,460,0.0,rat_movement=False
1,111,80,0.01,rat_movement=False
1,50,140,0.03,rat_movement=False
1,46,100,0.07,rat_movement=False
1,157,260,0.05,rat_movement=False
1,79,60,0.09,rat_movement=False
1,13,20,0.1,rat_movement=False
1,173,140,0.2,rat_movement=False
1,84,80,0.3,rat_movement=False
1,197,140,0.4,rat_movement=False
1,245,160,0.5,rat_movement=False
1,519,400,0.6,rat_movement=False
1,225,220,0.7,rat_movement=False
1,212,180,0.8,rat_movement=False
1,254,180,0.9,rat_movement=False
1,316,260,1.0,rat_movement=False
1,27,100,0.01,rat_movement=False
1,140,260,0.03,rat_movement=False
1,48,100,0.05,rat_movement=False
1,44,120,0.07,rat_movement=False
1,1177,1020,0.0,rat_movement=False
1,80,120,0.09,rat_movement=False
1,71,120,0.1,rat_movement=False
1,43,40,0.2,rat_movement=False
1,20,60,0.3,rat_movement=False
1,147,80,0.4,rat_movement=False
1,21,60,0.5,rat_movement=False
1,102,60,0.6,rat_movement=False
1,24,80,0.7,rat_movement=False
1,5,20,0.8,rat_movement=False
1,175,100,0.9,rat_movement=False
1,55,40,1.0,rat_movement=False
1,77,60,0.0,rat_movement=False
1,31,60,0.03,rat_movement=False
1,154,300,0.01,rat_movement=False
1,111,60,0.05,rat_movement=False
1,69,60,0.07,rat_movement=False
1,32,60,0.09,rat_movement=False
1,99,120,0.1,rat_movement=False
1,46,100,0.2,rat_movement=False
1,12,40,0.3,rat_movement=False
1,22,60,0.4,rat_movement=False
1,243,200,0.5,rat_movement=False
1,75,80,0.6,rat_movement=False
1,240,140,0.8,rat_movement=False
1,356,280,0.7,rat_movement=False
1,146,80,0.9,rat_movement=False
1,93,60,1.0,rat_movement=False
1,22,20,0.0,rat_movement=False
1,51,80,0.01,rat_movement=False
1,150,140,0.03,rat_movement=False
1,24,40,0.07,rat_movement=False
1,41,140,0.05,rat_movement=False
1,84,140,0.09,rat_movement=False
1,70,100,0.1,rat_movement=False
1,149,140,0.2,rat_movement=False
1,89,60,0.3,rat_movement=False
1,124,100,0.4,rat_movement=False
1,166,100,0.5,rat_movement=False
1,253,180,0.6,rat_movement=False
1,141,120,0.7,rat_movement=False
1,62,100,0.9,rat_movement=False
1,300,260,0.8,rat_movement=False
1,328,220,1.0,rat_movement=False
1,54,120,0.01,rat_movement=False
1,48,120,0.03,rat_movement=False
1,968,780,0.0,rat_movement=False
1,39,80,0.05,rat_movement=False
1,125,120,0.07,rat_movement=False
1,66,80,0.09,rat_movement=False
1,118,160,0.1,rat_movement=False
1,114,120,0.2,rat_movement=False
1,26,80,0.3,rat_movement=False
1,220,140,0.4,rat_movement=False
1,87,60,0.6,rat_movement=False
1,400,260,0.5,rat_movement=False
1,2,20,0.7,rat_movement=False
1,182,100,0.8,rat_movement=False
1,18,20,1.0,rat_movement=False
1,221,120,0.9,rat_movement=False
1,155,160,0.0,rat_movement=False
1,135,200,0.01,rat_movement=False
1,88,180,0.03,rat_movement=False
1,61,160,0.05,rat_movement=False
1,62,100,0.07,rat_movement=False
1,58,40,0.1,rat_movement=False
1,127,160,0.09,rat_movement=False
1,61,120,0.2,rat_movement=False
1,8,40,0.3,rat_movement=False
1,158,140,0.4,rat_movement=False
1,22,40,0.5,rat_movement=False
1,269,220,0.6,rat_movement=False
1,145,80,0.8,rat_movement=False
1,480,320,0.7,rat_movement=False
1,213,180,0.9,rat_movement=False
1,196,120,1.0,rat_movement=False
1,40,140,0.01,rat_movement=False
1,94,180,0.03,rat_movement=False
1,339,300,0.0,rat_movement=False
1,111,180,0.05,rat_movement=False
1,89,160,0.07,rat_movement=False
1,48,140,0.09,rat_movement=False
1,30,60,0.2,rat_movement=False
1,112,160,0.1,rat_movement=False
1,133,140,0.3,rat_movement=False
1,256,200,0.4,rat_movement=False
1,234,120,0.5,rat_movement=False
1,425,300,0.6,rat_movement=False
1,395,300,0.7,rat_movement=False
1,223,180,0.8,rat_movement=False
1,354,280,1.0,rat_movement=False
1,504,360,0.9,rat_movement=False
1,95,100,0.01,rat_movement=False
1,151,220,0.03,rat_movement=False
1,151,220,0.05,rat_movement=False
1,613,540,0.0,rat_movement=False
1,104,160,0.07,rat_movement=False
1,104,180,0.09,rat_movement=False
1,45,60,0.1,rat_movement=False
1,172,140,0.2,rat_movement=False
1,160,120,0.3,rat_movement=False
1,70,100,0.4,rat_movement=False
1,218,140,0.5,rat_movement=False
1,12,20,0.6,rat_movement=False
1,392,260,0.7,rat_movement=False
1,277,160,0.8,rat_movement=False
1,505,400,0.9,rat_movement=False
1,89,100,1.0,rat_movement=False
1,390,340,0.0,rat_movement=False
1,132,160,0.01,rat_movement=False
1,95,100,0.03,rat_movement=False
1,72,160,0.05,rat_movement=False
1,83,200,0.07,rat_movement=False
1,32,80,0.1,rat_movement=False
1,95,160,0.09,rat_movement=False
1,38,100,0.2,rat_movement=False
1,51,100,0.3,rat_movement=False
1,247,200,0.4,rat_movement=False
1,73,40,0.5,rat_movement=False
1,157,80,0.7,rat_movement=False
1,235,200,0.6,rat_movement=False
1,264,200,0.8,rat_movement=False
1,424,320,0.9,rat_movement=False
1,160,100,1.0,rat_movement=False
1,63,100,0.01,rat_movement=False
1,51,100,0.03,rat_movement=False
1,32,80,0.05,rat_movement=False
1,825,660,0.0,rat_movement=False
1,98,100,0.07,rat_movement=False
1,74,140,0.09,rat_movement=False
1,41,120,0.1,rat_movement=False
1,19,40,0.2,rat_movement=False
1,189,120,0.3,rat_movement=False
1,246,200,0.4,rat_movement=False
1,370,300,0.5,rat_movement=False
1,186,180,0.6,rat_movement=False
1,321,280,0.7,rat_movement=False
1,357,260,0.8,rat_movement=False
1,145,100,1.0,rat_movement=False
1,377,280,0.9,rat_movement=False
1,125,420,0.01,rat_movement=False
1,499,420,0.0,rat_movement=False
1,56,140,0.03,rat_movement=False
1,96,120,0.05,rat_movement=False
1,25,80,0.07,rat_movement=False
1,50,100,0.09,rat_movement=False
1,94,140,0.1,rat_movement=False
1,64,40,0.2,rat_movement=False
1,30,60,0.4,rat_movement=False
1,211,140,0.3,rat_movement=False
1,51,60,0.5,rat_movement=False
1,216,120,0.6,rat_movement=False
1,214,120,0.7,rat_movement=False
1,102,60,0.8,rat_movement=False
1,99,60,1.0,rat_movement=False
1,6,20,0.0,rat_movement=False
1,62,60,0.01,rat_movement=False
1,333,220,0.9,rat_movement=False
1,28,120,0.05,rat_movement=False
1,78,160,0.03,rat_movement=False
1,25,20,0.07,rat_movement=False
1,38,60,0.09,rat_movement=False
1,43,80,0.1,rat_movement=False
1,24,80,0.2,rat_movement=False
1,12,20,0.3,rat_movement=False
1,19,60,0.4,rat_movement=False
1,2,20,0.5,rat_movement=False
1,109,100,0.6,rat_movement=False
1,354,260,0.7,rat_movement=False
1,67,40,0.9,rat_movement=False
1,12,20,1.0,rat_movement=False
1,730,520,0.8,rat_movement=False
1,127,300,0.01,rat_movement=False
1,141,320,0.03,rat_movement=False
1,30,60,0.05,rat_movement=False
1,797,800,0.0,rat_movement=False
1,52,80,0.09,rat_movement=False
1,83,160,0.07,rat_movement=False
1,84,60,0.1,rat_movement=False
1,42,60,0.2,rat_movement=False
1,186,140,0.3,rat_movement=False
1,291,200,0.4,rat_movement=False
1,285,220,0.5,rat_movement=False
1,126,60,0.7,rat_movement=False
1,407,240,0.6,rat_movement=False
1,131,80,0.8,rat_movement=False
1,194,120,1.0,rat_movement=False
1,285,180,0.9,rat_movement=False
1,44,80,0.01,rat_movement=False
1,29,20,0.03,rat_movement=False
1,97,100,0.05,rat_movement=False
1,450,400,0.0,rat_movement=False
1,115,80,0.07,rat_movement=False
1,146,200,0.09,rat_movement=False
1,66,120,0.1,rat_movement=False
1,53,20,0.2,rat_movement=False
1,48,40,0.3,rat_movement=False
1,84,140,0.4,rat_movement=False
1,335,300,0.5,rat_movement=False
1,375,260,0.6,rat_movement=False
1,168,120,0.7,rat_movement=False
1,132,120,0.8,rat_movement=False
1,20,60,0.9,rat_movement=False
1,54,60,1.0,rat_movement=False
1,69,100,0.03,rat_movement=False
1,121,300,0.01,rat_movement=False
1,107,160,0.05,rat_movement=False
1,604,540,0.0,rat_movement=False
1,72,100,0.07,rat_movement=False
1,19,60,0.09,rat_movement=False
1,41,60,0.1,rat_movement=False
1,132,60,0.2,rat_movement=False
1,72,40,0.3,rat_movement=False
1,17,20,0.5,rat_movement=False
1,224,160,0.4,rat_movement=False
1,315,180,0.6,rat_movement=False
1,238,140,0.8,rat_movement=False
1,518,360,0.7,rat_movement=False
1,86,60,0.9,rat_movement=False
1,175,140,1.0,rat_movement=False
1,216,360,0.01,rat_movement=False
1,57,40,0.03,rat_movement=False
1,84,100,0.05,rat_movement=False
1,17,40,0.07,rat_movement=False
1,26,20,0.09,rat_movement=False
1,29,40,0.1,rat_movement=False
1,71,40,0.2,rat_movement=False
1,75,120,0.3,rat_movement=False
1,114,120,0.4,rat_movement=False
1,168,120,0.6,rat_movement=False
1,244,160,0.5,rat_movement=False
1,191,160,0.7,rat_movement=False
1,244,140,0.9,rat_movement=False
1,331,220,0.8,rat_movement=False
1,2,20,1.0,rat_movement=False
1,278,260,0.0,rat_movement=False
1,40,60,0.03,rat_movement=False
1,2886,2340,0.0,rat_movement=False
1,189,460,0.01,rat_movement=False
1,54,80,0.07,rat_movement=False
1,96,100,0.05,rat_movement=False
1,6,20,0.09,rat_movement=False
1,124,80,0.1,rat_movement=False
1,112,80,0.2,rat_movement=False
1,40,120,0.3,rat_movement=False
1,48,100,0.4,rat_movement=False
1,298,200,0.6,rat_movement=False
1,358,260,0.5,rat_movement=False
1,147,100,0.8,rat_movement=False
1,315,240,0.7,rat_movement=False
1,380,260,0.9,rat_movement=False
1,405,340,1.0,rat_movement=False
1,57,80,0.0,rat_movement=False
1,115,120,0.01,rat_movement=False
1,104,180,0.03,rat_movement=False
1,36,120,0.05,rat_movement=False
1,31,40,0.07,rat_movement=False
1,48,80,0.09,rat_movement=False
1,67,140,0.1,rat_movement=False
1,56,80,0.2,rat_movement=False
1,82,80,0.3,rat_movement=False
1,72,80,0.4,rat_movement=False
1,342,240,0.5,rat_movement=False
1,63,100,0.7,rat_movement=False
1,379,240,0.6,rat_movement=False
1,444,320,0.8,rat_movement=False
1,562,460,0.9,rat_movement=False
1,511,380,1.0,rat_movement=False
1,22,60,0.01,rat_movement=False
1,42,80,0.05,rat_movement=False
1,51,140,0.03,rat_movement=False
1,132,140,0.07,rat_movement=False
1,75,140,0.09,rat_movement=False
1,24,100,0.1,rat_movement=False
1,9,60,0.2,rat_movement=False
1,190,180,0.3,rat_movement=False
1,23,20,0.4,rat_movement=False
1,241,200,0.5,rat_movement=False
1,133,80,0.6,rat_movement=False
1,180,120,0.7,rat_movement=False
1,132,60,0.8,rat_movement=False
1,68,40,0.9,rat_movement=False
1,2115,1680,0.0,rat_movement=False
1,464,360,1.0,rat_movement=False
1,35,20,0.01,rat_movement=False
1,108,160,0.03,rat_movement=False
1,45,40,0.05,rat_movement=False
1,73,100,0.07,rat_movement=False
1,1115,980,0.0,rat_movement=False
1,122,120,0.09,rat_movement=False
1,41,60,0.1,rat_movement=False
1,77,100,0.2,rat_movement=False
1,38,20,0.5,rat_movement=False
1,130,160,0.3,rat_movement=False
1,133,200,0.4,rat_movement=False
1,283,180,0.7,rat_movement=False
1,445,320,0.6,rat_movement=False
1,44,20,0.9,rat_movement=False
1,228,200,0.8,rat_movement=False
1,311,240,1.0,rat_movement=False
1,85,80,0.01,rat_movement=False
1,350,340,0.0,rat_movement=False
1,79,140,0.03,rat_movement=False
1,5,40,0.05,rat_movement=False
1,63,140,0.07,rat_movement=False
1,33,80,0.09,rat_movement=False
1,116,140,0.1,rat_movement=False
1,31,80,0.2,rat_movement=False
1,186,140,0.3,rat_movement=False
1,60,60,0.4,rat_movement=False
1,322,220,0.5,rat_movement=False
1,229,180,0.7,rat_movement=False
1,366,280,0.6,rat_movement=False
1,30,20,1.0,rat_movement=False
1,380,360,0.8,rat_movement=False
1,401,260,0.9,rat_movement=False
1,128,240,0.01,rat_movement=False
1,63,160,0.03,rat_movement=False
1,92,140,0.05,rat_movement=False
1,25,80,0.07,rat_movement=False
1,61,40,0.09,rat_movement=False
1,10,40,0.1,rat_movement=False
1,1623,1320,0.0,rat_movement=False
1,124,140,0.2,rat_movement=False
1,26,120,0.3,rat_movement=False
1,78,40,0.4,rat_movement=False
1,72,160,0.5,rat_movement=False
1,70,60,0.6,rat_movement=False
1,427,260,0.7,rat_movement=False
1,156,80,0.8,rat_movement=False
1,52,40,0.9,rat_movement=False
1,128,60,1.0,rat_movement=False
1,36,40,0.01,rat_movement=False
1,589,620,0.0,rat_movement=False
1,28,20,0.03,rat_movement=False
1,30,60,0.05,rat_movement=False
1,64,140,0.07,rat_movement=False
1,69,80,0.09,rat_movement=False
1,80,160,0.1,rat_movement=False
1,185,140,0.2,rat_movement=False
1,281,180,0.3,rat_movement=False
1,268,180,0.4,rat_movement=False
1,200,120,0.5,rat_movement=False
1,101,60,0.6,rat_movement=False
1,172,140,0.7,rat_movement=False
1,274,180,0.8,rat_movement=False
1,152,80,0.9,rat_movement=False
1,25,60,1.0,rat_movement=False
1,63,100,0.01,rat_movement=False
1,69,120,0.03,rat_movement=False
1,435,340,0.0,rat_movement=False
1,77,140,0.05,rat_movement=False
1,23,40,0.07,rat_movement=False
1,69,80,0.09,rat_movement=False
1,64,80,0.2,rat_movement=False
1,82,120,0.1,rat_movement=False
1,27,20,0.3,rat_movement=False
1,275,220,0.4,rat_movement=False
1,143,60,0.6,rat_movement=False
1,244,180,0.5,rat_movement=False
1,41,80,0.7,rat_movement=False
1,478,380,0.8,rat_movement=False
1,64,100,1.0,rat_movement=False
1,646,540,0.9,rat_movement=False
1,348,260,0.0,rat_movement=False
1,105,140,0.01,rat_movement=False
1,86,200,0.03,rat_movement=False
1,39,80,0.05,rat_movement=False
1,27,60,0.07,rat_movement=False
1,112,120,0.09,rat_movement=False
1,81,120,0.1,rat_movement=False
1,107,100,0.2,rat_movement=False
1,17,60,0.3,rat_movement=False
1,51,60,0.4,rat_movement=False
1,79,60,0.5,rat_movement=False
1,154,80,0.6,rat_movement=False
1,195,160,0.7,rat_movement=False
1,64,40,0.8,rat_movement=False
1,198,120,0.9,rat_movement=False
1,189,140,1.0,rat_movement=False
1,29,40,0.03,rat_movement=False
1,55,40,0.05,rat_movement=False
1,163,460,0.01,rat_movement=False
1,76,140,0.07,rat_movement=False
1,13,60,0.09,rat_movement=False
1,38,20,0.1,rat_movement=False
1,130,120,0.2,rat_movement=False
1,56,100,0.3,rat_movement=False
1,15,20,0.4,rat_movement=False
1,347,220,0.5,rat_movement=False
1,260,160,0.6,rat_movement=False
1,1735,1580,0.0,rat_movement=False
1,123,60,0.8,rat_movement=False
1,115,60,0.9,rat_movement=False
1,479,420,0.7,rat_movement=False
1,493,340,1.0,rat_movement=False
1,100,100,0.01,rat_movement=False
1,353,320,0.0,rat_movement=False
1,22,80,0.05,rat_movement=False
1,123,240,0.03,rat_movement=False
1,52,100,0.07,rat_movement=False
1,105,180,0.09,rat_movement=False
1,84,100,0.1,rat_movement=False
1,13,40,0.2,rat_movement=False
1,123,60,0.4,rat_movement=False
1,163,160,0.3,rat_movement=False
1,117,120,0.5,rat_movement=False
1,145,120,0.6,rat_movement=False
1,268,200,0.7,rat_movement=False
1,81,40,0.8,rat_movement=False
1,402,260,0.9,rat_movement=False
1,205,140,1.0,rat_movement=False
1,40,40,0.03,rat_movement=False
1,172,380,0.01,rat_movement=False
1,79,100,0.05,rat_movement=False
1,49,120,0.07,rat_movement=False
1,1004,940,0.0,rat_movement=False
1,61,100,0.09,rat_movement=False
1,33,40,0.1,rat_movement=False
1,82,60,0.3,rat_movement=False
1,120,120,0.2,rat_movement=False
1,30,20,0.4,rat_movement=False
1,272,200,0.5,rat_movement=False
1,159,80,0.7,rat_movement=False
1,374,240,0.6,rat_movement=False
1,371,280,0.8,rat_movement=False
1,131,80,1.0,rat_movement=False
1,191,140,0.9,rat_movement=False
1,76,220,0.01,rat_movement=False
1,37,60,0.05,rat_movement=False
1,108,180,0.03,rat_movement=False
1,116,160,0.07,rat_movement=False
1,37,100,0.09,rat_movement=False
1,165,100,0.1,rat_movement=False
1,58,40,0.2,rat_movement=False
1,1929,1580,0.0,rat_movement=False
1,57,100,0.3,rat_movement=False
1,93,60,0.4,rat_movement=False
1,17,60,0.5,rat_movement=False
1,212,120,0.6,rat_movement=False
1,344,280,0.7,rat_movement=False
1,191,100,0.9,rat_movement=False
1,485,360,0.8,rat_movement=False
1,304,180,1.0,rat_movement=False
1,57,180,0.01,rat_movement=False
1,172,160,0.03,rat_movement=False
1,96,140,0.05,rat_movement=False
1,66,100,0.07,rat_movement=False
1,61,60,0.09,rat_movement=False
1,904,740,0.0,rat_movement=False
1,113,160,0.1,rat_movement=False
1,53,80,0.2,rat_movement=False
1,69,100,0.3,rat_movement=False
1,92,100,0.4,rat_movement=False
1,170,140,0.5,rat_movement=False
1,471,320,0.6,rat_movement=False
1,75,40,0.8,rat_movement=False
1,453,300,0.7,rat_movement=False
1,201,160,0.9,rat_movement=False
1,99,80,0.0,rat_movement=False
1,435,280,1.0,rat_movement=False
1,30,40,0.01,rat_movement=False
1,63,100,0.03,rat_movement=False
1,48,160,0.05,rat_movement=False
1,110,180,0.07,rat_movement=False
1,21,20,0.1,rat_movement=False
1,104,180,0.09,rat_movement=False
1,76,80,0.3,rat_movement=False
1,159,120,0.2,rat_movement=False
1,105,80,0.4,rat_movement=False
1,222,140,0.5,rat_movement=False
1,60,40,0.6,rat_movement=False
1,596,460,0.7,rat_movement=False
1,135,80,0.9,rat_movement=False
1,194,140,1.0,rat_movement=False
1,652,440,0.8,rat_movement=False
1,99,80,0.01,rat_movement=False
1,29,80,0.03,rat_movement=False
1,70,80,0.05,rat_movement=False
1,100,120,0.07,rat_movement=False
1,1113,900,0.0,rat_movement=False
1,111,160,0.09,rat_movement=False
1,67,120,0.1,rat_movement=False
1,17,40,0.2,rat_movement=False
1,123,100,0.3,rat_movement=False
1,65,40,0.4,rat_movement=False
1,241,180,0.5,rat_movement=False
1,284,220,0.6,rat_movement=False
1,211,140,0.7,rat_movement=False
1,277,180,0.8,rat_movement=False
1,19,80,0.9,rat_movement=False
1,247,160,1.0,rat_movement=False
1,40,80,0.01,rat_movement=False
1,862,720,0.0,rat_movement=False
1,134,160,0.03,rat_movement=False
1,75,120,0.05,rat_movement=False
1,65,60,0.07,rat_movement=False
1,76,60,0.09,rat_movement=False
1,30,80,0.1,rat_movement=False
1,35,100,0.2,rat_movement=False
1,102,100,0.3,rat_movement=False
1,79,60,0.4,rat_movement=False
1,101,60,0.5,rat_movement=False
1,136,80,0.6,rat_movement=False
1,343,280,0.7,rat_movement=False
1,622,480,0.8,rat_movement=False
1,380,260,0.9,rat_movement=False
1,247,180,1.0,rat_movement=False
1,84,100,0.0,rat_movement=False
1,92,280,0.01,rat_movement=False
1,69,60,0.03,rat_movement=False
1,18,20,0.05,rat_movement=False
1,82,120,0.07,rat_movement=False
1,24,20,0.09,rat_movement=False
1,32,80,0.1,rat_movement=False
1,87,80,0.2,rat_movement=False
1,105,100,0.3,rat_movement=False
1,54,120,0.4,rat_movement=False
1,232,140,0.5,rat_movement=False
1,435,280,0.6,rat_movement=False
1,252,220,0.7,rat_movement=False
1,52,40,0.9,rat_movement=False
1,443,300,0.8,rat_movement=False
1,110,60,1.0,rat_movement=False
1,124,260,0.01,rat_movement=False
1,70,140,0.03,rat_movement=False
1,671,600,0.0,rat_movement=False
1,81,100,0.05,rat_movement=False
1,76,60,0.07,rat_movement=False
1,95,60,0.09,rat_movement=False
1,115,180,0.1,rat_movement=False
1,115,120,0.2,rat_movement=False
1,66,80,0.3,rat_movement=False
1,250,180,0.4,rat_movement=False
1,291,200,0.5,rat_movement=False
1,309,240,0.6,rat_movement=False
1,349,260,0.7,rat_movement=False
1,64,40,0.8,rat_movement=False
1,34,20,0.9,rat_movement=False
1,666,460,1.0,rat_movement=False
1,85,180,0.01,rat_movement=False
1,99,160,0.03,rat_movement=False
1,64,40,0.05,rat_movement=False
1,733,700,0.0,rat_movement=False
1,78,100,0.07,rat_movement=False
1,46,60,0.09,rat_movement=False
1,53,120,0.1,rat_movement=False
1,40,40,0.2,rat_movement=False
1,24,60,0.3,rat_movement=False
1,10,40,0.4,rat_movement=False
1,127,60,0.5,rat_movement=False
1,36,20,0.6,rat_movement=False
1,325,260,0.7,rat_movement=False
1,28,20,0.8,rat_movement=False
1,113,60,0.9,rat_movement=False
1,71,120,0.01,rat_movement=False
1,44,40,0.03,rat_movement=False
1,21,20,0.05,rat_movement=False
1,684,500,1.0,rat_movement=False
1,642,520,0.0,rat_movement=False
1,86,140,0.07,rat_movement=False
1,20,80,0.09,rat_movement=False
1,97,140,0.1,rat_movement=False
1,225,160,0.2,rat_movement=False
1,33,60,0.3,rat_movement=False
1,202,200,0.4,rat_movement=False
1,54,40,0.5,rat_movement=False
1,138,120,0.6,rat_movement=False
1,133,60,0.7,rat_movement=False
1,213,120,0.8,rat_movement=False
1,2,20,1.0,rat_movement=False
1,243,180,0.9,rat_movement=False
1,242,200,0.01,rat_movement=False
1,467,400,0.0,rat_movement=False
1,62,100,0.03,rat_movement=False
1,46,80,0.05,rat_movement=False
1,51,120,0.07,rat_movement=False
1,35,80,0.09,rat_movement=False
1,27,60,0.1,rat_movement=False
1,48,80,0.2,rat_movement=False
1,187,120,0.3,rat_movement=False
1,36,80,0.4,rat_movement=False
1,239,200,0.5,rat_movement=False
1,183,120,0.6,rat_movement=False
1,170,140,0.7,rat_movement=False
1,5,20,0.9,rat_movement=False
1,454,340,0.8,rat_movement=False
1,303,220,1.0,rat_movement=False
1,77,140,0.01,rat_movement=False
1,146,220,0.03,rat_movement=False
1,123,220,0.05,rat_movement=False
1,53,60,0.07,rat_movement=False
1,15,40,0.1,rat_movement=False
1,118,120,0.09,rat_movement=False
1,79,80,0.2,rat_movement=False
1,67,40,0.3,rat_movement=False
1,1431,1120,0.0,rat_movement=False
1,207,140,0.4,rat_movement=False
1,257,200,0.5,rat_movement=False
1,292,200,0.6,rat_movement=False
1,290,200,0.7,rat_movement=False
1,29,60,0.8,rat_movement=False
1,164,80,0.9,rat_movement=False
1,15,80,1.0,rat_movement=False
1,76,100,0.01,rat_movement=False
1,33,180,0.03,rat_movement=False
1,95,140,0.05,rat_movement=False
1,62,120,0.07,rat_movement=False
1,950,860,0.0,rat_movement=False
1,71,140,0.09,rat_movement=False
1,86,200,0.1,rat_movement=False
1,151,180,0.2,rat_movement=False
1,44,80,0.3,rat_movement=False
1,329,280,0.4,rat_movement=False
1,137,80,0.7,rat_movement=False
1,431,300,0.5,rat_movement=False
1,331,240,0.6,rat_movement=False
1,218,220,0.8,rat_movement=False
1,434,320,0.9,rat_movement=False
1,28,120,0.01,rat_movement=False
1,104,180,0.03,rat_movement=False
1,673,540,1.0,rat_movement=False
1,64,120,0.05,rat_movement=False
1,129,120,0.07,rat_movement=False
1,79,140,0.09,rat_movement=False
1,34,80,0.1,rat_movement=False
1,52,80,0.2,rat_movement=False
1,144,80,0.3,rat_movement=False
1,47,80,0.4,rat_movement=False
1,299,180,0.5,rat_movement=False
1,63,160,0.7,rat_movement=False
1,246,200,0.6,rat_movement=False
1,2547,2200,0.0,rat_movement=False
1,325,200,0.8,rat_movement=False
1,312,180,0.9,rat_movement=False
1,70,40,1.0,rat_movement=False
1,18,20,0.01,rat_movement=False
1,216,180,0.0,rat_movement=False
1,87,100,0.03,rat_movement=False
1,109,160,0.05,rat_movement=False
1,63,100,0.07,rat_movement=False
1,8,60,0.09,rat_movement=False
1,59,140,0.1,rat_movement=False
1,41,60,0.2,rat_movement=False
1,20,60,0.3,rat_movement=False
1,196,120,0.4,rat_movement=False
1,164,100,0.5,rat_movement=False
1,53,80,0.6,rat_movement=False
1,278,180,0.7,rat_movement=False
1,580,460,0.8,rat_movement=False
1,347,220,0.9,rat_movement=False
1,109,140,0.01,rat_movement=False
1,399,300,1.0,rat_movement=False
1,37,40,0.03,rat_movement=False
1,21,100,0.05,rat_movement=False
1,400,360,0.0,rat_movement=False
1,48,80,0.07,rat_movement=False
1,52,80,0.09,rat_movement=False
1,54,100,0.1,rat_movement=False
1,118,120,0.2,rat_movement=False
1,88,100,0.3,rat_movement=False
1,227,200,0.4,rat_movement=False
1,159,100,0.6,rat_movement=False
1,343,240,0.5,rat_movement=False
1,343,260,0.7,rat_movement=False
1,40,20,0.9,rat_movement=False
1,188,160,0.8,rat_movement=False
1,357,240,1.0,rat_movement=False
1,52,40,0.03,rat_movement=False
1,160,360,0.01,rat_movement=False
1,396,360,0.0,rat_movement=False
1,53,120,0.05,rat_movement=False
1,55,120,0.07,rat_movement=False
1,41,80,0.09,rat_movement=False
1,24,20,0.1,rat_movement=False
1,44,100,0.2,rat_movement=False
1,115,60,0.3,rat_movement=False
1,189,100,0.4,rat_movement=False
1,202,120,0.5,rat_movement=False
1,207,140,0.6,rat_movement=False
1,339,220,0.7,rat_movement=False
1,163,100,0.8,rat_movement=False
1,147,80,0.9,rat_movement=False
1,116,60,1.0,rat_movement=False
1,149,260,0.01,rat_movement=False
1,64,80,0.03,rat_movement=False
1,110,140,0.05,rat_movement=False
1,104,120,0.07,rat_movement=False
1,69,100,0.09,rat_movement=False
1,43,120,0.1,rat_movement=False
1,26,60,0.2,rat_movement=False
1,243,160,0.3,rat_movement=False
1,178,140,0.4,rat_movement=False
1,366,280,0.5,rat_movement=False
1,30,20,0.6,rat_movement=False
1,10,20,0.7,rat_movement=False
1,94,60,0.8,rat_movement=False
1,25,60,0.9,rat_movement=False
1,3324,2640,0.0,rat_movement=False
1,80,100,0.01,rat_movement=False
1,93,200,0.03,rat_movement=False
1,758,560,1.0,rat_movement=False
1,117,120,0.05,rat_movement=False
1,56,60,0.07,rat_movement=False
1,96,100,0.09,rat_movement=False
1,77,120,0.1,rat_movement=False
1,91,120,0.2,rat_movement=False
1,67,60,0.3,rat_movement=False
1,182,160,0.4,rat_movement=False
1,172,140,0.5,rat_movement=False
1,26,100,0.6,rat_movement=False
1,266,180,0.7,rat_movement=False
1,440,340,0.8,rat_movement=False
1,274,180,0.9,rat_movement=False
1,129,100,1.0,rat_movement=False
1,105,220,0.01,rat_movement=False
1,3519,2640,0.0,rat_movement=False
1,75,180,0.03,rat_movement=False
1,25,60,0.05,rat_movement=False
1,78,100,0.07,rat_movement=False
1,46,80,0.09,rat_movement=False
1,121,100,0.1,rat_movement=False
1,108,80,0.2,rat_movement=False
1,12,20,0.3,rat_movement=False
1,1842,1600,0.0,rat_movement=False
1,162,100,0.4,rat_movement=False
1,152,100,0.5,rat_movement=False
1,177,120,0.6,rat_movement=False
1,88,60,0.7,rat_movement=False
1,67,40,1.0,rat_movement=False
1,207,160,0.9,rat_movement=False
1,438,320,0.8,rat_movement=False
1,94,200,0.01,rat_movement=False
1,440,420,0.0,rat_movement=False
1,59,160,0.03,rat_movement=False
1,33,40,0.05,rat_movement=False
1,86,100,0.07,rat_movement=False
1,43,40,0.09,rat_movement=False
1,92,140,0.1,rat_movement=False
1,100,60,0.2,rat_movement=False
1,34,100,0.3,rat_movement=False
1,211,120,0.4,rat_movement=False
1,250,160,0.5,rat_movement=False
1,318,240,0.6,rat_movement=False
1,304,240,0.7,rat_movement=False
1,239,200,0.8,rat_movement=False
1,174,120,0.9,rat_movement=False
1,47,40,1.0,rat_movement=False
1,167,160,0.0,rat_movement=False
1,101,160,0.01,rat_movement=False
1,86,180,0.03,rat_movement=False
1,62,80,0.05,rat_movement=False
1,26,40,0.07,rat_movement=False
1,28,20,0.09,rat_movement=False
1,130,200,0.1,rat_movement=False
1,187,100,0.2,rat_movement=False
1,191,160,0.3,rat_movement=False
1,24,60,0.4,rat_movement=False
1,271,200,0.5,rat_movement=False
1,171,160,0.6,rat_movement=False
1,404,280,0.7,rat_movement=False
1,72,40,0.8,rat_movement=False
1,241,140,1.0,rat_movement=False
1,543,380,0.9,rat_movement=False
1,21,60,0.01,rat_movement=False
1,33,20,0.03,rat_movement=False
1,45,60,0.05,rat_movement=False
1,42,100,0.07,rat_movement=False
1,83,100,0.09,rat_movement=False
1,48,60,0.1,rat_movement=False
1,580,520,0.0,rat_movement=False
1,111,120,0.2,rat_movement=False
1,39,20,0.3,rat_movement=False
1,223,220,0.4,rat_movement=False
1,513,360,0.5,rat_movement=False
1,371,260,0.6,rat_movement=False
1,249,160,0.7,rat_movement=False
1,298,280,0.9,rat_movement=False
1,514,380,0.8,rat_movement=False
1,206,100,1.0,rat_movement=False
1,64,280,0.01,rat_movement=False
1,38,60,0.03,rat_movement=False
1,37,40,0.05,rat_movement=False
1,62,60,0.07,rat_movement=False
1,70,100,0.09,rat_movement=False
1,58,140,0.1,rat_movement=False
1,156,120,0.2,rat_movement=False
1,149,160,0.3,rat_movement=False
1,245,160,0.4,rat_movement=False
1,210,180,0.5,rat_movement=False
1,1888,1580,0.0,rat_movement=False
1,237,180,0.6,rat_movement=False
1,168,120,0.7,rat_movement=False
1,292,180,0.8,rat_movement=False
1,274,160,0.9,rat_movement=False
1,311,240,1.0,rat_movement=False
1,109,220,0.01,rat_movement=False
1,76,120,0.03,rat_movement=False
1,104,100,0.05,rat_movement=False
1,89,80,0.07,rat_movement=False
1,62,140,0.09,rat_movement=False
1,16,80,0.1,rat_movement=False
1,52,100,0.2,rat_movement=False
1,1329,980,0.0,rat_movement=False
1,176,140,0.3,rat_movement=False
1,33,100,0.4,rat_movement=False
1,202,160,0.5,rat_movement=False
1,113,100,0.6,rat_movement=False
1,58,40,0.8,rat_movement=False
1,377,320,0.7,rat_movement=False
1,26,20,0.9,rat_movement=False
1,318,240,1.0,rat_movement=False
1,113,100,0.0,rat_movement=False
1,99,280,0.01,rat_movement=False
1,98,140,0.03,rat_movement=False
1,73,160,0.05,rat_movement=False
1,118,140,0.07,rat_movement=False
1,79,140,0.09,rat_movement=False
1,73,60,0.1,rat_movement=False
1,115,120,0.2,rat_movement=False
1,64,140,0.4,rat_movement=False
1,282,220,0.3,rat_movement=False
1,31,80,0.5,rat_movement=False
1,131,60,0.6,rat_movement=False
1,630,460,0.7,rat_movement=False
1,31,20,1.0,rat_movement=False
1,236,160,0.8,rat_movement=False
1,329,220,0.9,rat_movement=False
1,217,140,0.01,rat_movement=False
1,84,140,0.03,rat_movement=False
1,40,100,0.05,rat_movement=False
1,72,80,0.07,rat_movement=False
1,48,100,0.09,rat_movement=False
1,29,60,0.1,rat_movement=False
1,32,60,0.2,rat_movement=False
1,1239,1060,0.0,rat_movement=False
1,43,80,0.3,rat_movement=False
1,14,40,0.4,rat_movement=False
1,17,60,0.5,rat_movement=False
1,31,20,0.6,rat_movement=False
1,561,420,0.7,rat_movement=False
1,275,200,0.8,rat_movement=False
1,246,200,0.9,rat_movement=False
1,20,20,0.0,rat_movement=False
1,46,100,0.01,rat_movement=False
1,30,100,0.03,rat_movement=False
1,971,760,1.0,rat_movement=False
1,102,160,0.05,rat_movement=False
1,19,60,0.07,rat_movement=False
1,65,100,0.09,rat_movement=False
1,68,80,0.1,rat_movement=False
1,20,20,0.3,rat_movement=False
1,197,140,0.2,rat_movement=False
1,101,60,0.4,rat_movement=False
1,265,220,0.5,rat_movement=False
1,194,140,0.6,rat_movement=False
1,29,20,0.7,rat_movement=False
1,315,200,0.8,rat_movement=False
1,348,200,0.9,rat_movement=False
1,72,80,0.01,rat_movement=False
1,406,340,1.0,rat_movement=False
1,32,60,0.03,rat_movement=False
1,39,140,0.05,rat_movement=False
1,76,80,0.07,rat_movement=False
1,31,140,0.09,rat_movement=False
1,151,120,0.1,rat_movement=False
1,233,140,0.2,rat_movement=False
1,158,140,0.3,rat_movement=False
1,186,140,0.4,rat_movement=False
1,189,120,0.5,rat_movement=False
1,13,60,0.6,rat_movement=False
1,1621,1160,0.0,rat_movement=False
1,153,120,0.7,rat_movement=False
1,156,100,0.8,rat_movement=False
1,256,180,0.9,rat_movement=False
1,252,180,1.0,rat_movement=False
1,71,60,0.01,rat_movement=False
1,397,380,0.0,rat_movement=False
1,111,160,0.03,rat_movement=False
1,66,140,0.05,rat_movement=False
1,33,20,0.07,rat_movement=False
1,54,100,0.09,rat_movement=False
1,57,60,0.1,rat_movement=False
1,87,60,0.2,rat_movement=False
1,224,140,0.3,rat_movement=False
1,109,120,0.4,rat_movement=False
1,184,180,0.5,rat_movement=False
1,181,140,0.6,rat_movement=False
1,115,60,0.7,rat_movement=False
1,367,280,0.9,rat_movement=False
1,592,420,0.8,rat_movement=False
1,171,140,1.0,rat_movement=False
1,111,80,0.01,rat_movement=False
1,63,60,0.03,rat_movement=False
1,621,500,0.0,rat_movement=False
1,37,100,0.05,rat_movement=False
1,44,80,0.07,rat_movement=False
1,36,100,0.09,rat_movement=False
1,68,80,0.1,rat_movement=False
1,203,140,0.2,rat_movement=False
1,70,40,0.3,rat_movement=False
1,116,100,0.4,rat_movement=False
1,248,200,0.5,rat_movement=False
1,230,120,0.6,rat_movement=False
1,276,160,0.7,rat_movement=False
1,298,240,0.8,rat_movement=False
1,166,100,1.0,rat_movement=False
1,401,260,0.9,rat_movement=False
1,66,260,0.01,rat_movement=False
1,629,520,0.0,rat_movement=False
1,142,220,0.03,rat_movement=False
1,63,200,0.05,rat_movement=False
1,30,140,0.07,rat_movement=False
1,90,140,0.09,rat_movement=False
1,54,100,0.1,rat_movement=False
1,168,80,0.2,rat_movement=False
1,55,60,0.3,rat_movement=False
1,233,160,0.4,rat_movement=False
1,14,60,0.5,rat_movement=False
1,69,120,0.6,rat_movement=False
1,221,140,0.7,rat_movement=False
1,322,220,0.8,rat_movement=False
1,169,100,1.0,rat_movement=False
1,808,600,0.9,rat_movement=False
1,557,460,0.0,rat_movement=False
1,39,60,0.03,rat_movement=False
1,200,240,0.01,rat_movement=False
1,93,160,0.05,rat_movement=False
1,81,80,0.07,rat_movement=False
1,175,200,0.09,rat_movement=False
1,127,100,0.1,rat_movement=False
1,23,40,0.2,rat_movement=False
1,19,80,0.3,rat_movement=False
1,137,60,0.4,rat_movement=False
1,49,80,0.6,rat_movement=False
1,313,220,0.5,rat_movement=False
1,212,160,0.7,rat_movement=False
1,314,240,0.8,rat_movement=False
1,183,100,0.9,rat_movement=False
1,447,300,1.0,rat_movement=False
1,77,100,0.01,rat_movement=False
1,130,200,0.03,rat_movement=False
1,26,40,0.05,rat_movement=False
1,102,80,0.07,rat_movement=False
1,52,120,0.09,rat_movement=False
1,38,60,0.1,rat_movement=False
1,73,60,0.2,rat_movement=False
1,171,100,0.3,rat_movement=False
1,125,60,0.4,rat_movement=False
1,133,60,0.5,rat_movement=False
1,294,220,0.6,rat_movement=False
1,117,120,0.7,rat_movement=False
1,289,220,0.8,rat_movement=False
1,203,140,0.9,rat_movement=False
1,315,240,1.0,rat_movement=False
1,48,220,0.01,rat_movement=False
1,73,40,0.03,rat_movement=False
1,3289,2540,0.0,rat_movement=False
1,9,40,0.05,rat_movement=False
1,76,140,0.07,rat_movement=False
1,89,160,0.09,rat_movement=False
1,64,140,0.1,rat_movement=False
1,1236,960,0.0,rat_movement=False
1,112,120,0.2,rat_movement=False
1,20,20,0.3,rat_movement=False
1,242,180,0.4,rat_movement=False
1,186,100,0.5,rat_movement=False
1,5,20,0.6,rat_movement=False
1,290,220,0.7,rat_movement=False
1,62,40,0.9,rat_movement=False
1,378,260,0.8,rat_movement=False
1,368,300,1.0,rat_movement=False
1,173,160,0.01,rat_movement=False
1,53,180,0.03,rat_movement=False
1,68,100,0.05,rat_movement=False
1,44,80,0.07,rat_movement=False
1,692,560,0.0,rat_movement=False
1,22,40,0.09,rat_movement=False
1,138,140,0.1,rat_movement=False
1,106,80,0.2,rat_movement=False
1,64,140,0.3,rat_movement=False
1,25,80,0.4,rat_movement=False
1,19,20,0.5,rat_movement=False
1,126,100,0.6,rat_movement=False
1,391,300,0.7,rat_movement=False
1,274,180,0.8,rat_movement=False
1,20,60,1.0,rat_movement=False
1,315,240,0.9,rat_movement=False
1,26,20,0.0,rat_movement=False
1,35,20,0.01,rat_movement=False
1,43,80,0.03,rat_movement=False
1,20,20,0.05,rat_movement=False
1,87,120,0.07,rat_movement=False
1,94,120,0.09,rat_movement=False
1,62,60,0.1,rat_movement=False
1,81,140,0.2,rat_movement=False
1,28,80,0.3,rat_movement=False
1,75,40,0.4,rat_movement=False
1,96,80,0.6,rat_movement=False
1,319,240,0.5,rat_movement=False
1,259,220,0.7,rat_movement=False
1,64,40,0.9,rat_movement=False
1,136,60,1.0,rat_movement=False
1,466,340,0.8,rat_movement=False
1,74,280,0.01,rat_movement=False
1,89,140,0.03,rat_movement=False
1,15,20,0.07,rat_movement=False
1,116,200,0.05,rat_movement=False
1,93,120,0.09,rat_movement=False
1,828,600,0.0,rat_movement=False
1,41,100,0.1,rat_movement=False
1,110,120,0.2,rat_movement=False
1,166,140,0.3,rat_movement=False
1,289,200,0.4,rat_movement=False
1,439,300,0.5,rat_movement=False
1,301,240,0.6,rat_movement=False
1,488,340,0.7,rat_movement=False
1,3,20,0.9,rat_movement=False
1,218,180,0.8,rat_movement=False
1,218,140,1.0,rat_movement=False
1,51,40,0.01,rat_movement=False
1,91,160,0.03,rat_movement=False
1,77,100,0.05,rat_movement=False
1,799,700,0.0,rat_movement=False
1,44,80,0.07,rat_movement=False
1,19,20,0.09,rat_movement=False
1,49,80,0.1,rat_movement=False
1,30,100,0.2,rat_movement=False
1,157,140,0.3,rat_movement=False
1,28,20,0.4,rat_movement=False
1,328,240,0.5,rat_movement=False
1,218,200,0.6,rat_movement=False
1,326,260,0.7,rat_movement=False
1,333,240,0.8,rat_movement=False
1,255,240,0.9,rat_movement=False
1,165,100,1.0,rat_movement=False
1,136,200,0.01,rat_movement=False
1,28,100,0.03,rat_movement=False
1,45,40,0.05,rat_movement=False
1,74,100,0.07,rat_movement=False
1,81,120,0.09,rat_movement=False
1,61,140,0.1,rat_movement=False
1,11,20,0.2,rat_movement=False
1,1421,1200,0.0,rat_movement=False
1,205,100,0.3,rat_movement=False
1,52,120,0.4,rat_movement=False
1,438,300,0.5,rat_movement=False
1,128,100,0.7,rat_movement=False
1,491,340,0.6,rat_movement=False
1,442,300,0.8,rat_movement=False
1,265,200,0.9,rat_movement=False
1,54,100,1.0,rat_movement=False
1,274,420,0.01,rat_movement=False
1,84,120,0.03,rat_movement=False
1,80,80,0.05,rat_movement=False
1,832,700,0.0,rat_movement=False
1,40,20,0.07,rat_movement=False
1,15,60,0.09,rat_movement=False
1,40,60,0.1,rat_movement=False
1,68,40,0.2,rat_movement=False
1,17,20,0.3,rat_movement=False
1,118,100,0.4,rat_movement=False
1,20,60,0.5,rat_movement=False
1,286,220,0.6,rat_movement=False
1,261,200,0.7,rat_movement=False
1,363,280,0.8,rat_movement=False
1,71,40,1.0,rat_movement=False
1,403,340,0.9,rat_movement=False
1,321,300,0.0,rat_movement=False
1,55,240,0.01,rat_movement=False
1,70,120,0.03,rat_movement=False
1,76,200,0.05,rat_movement=False
1,28,80,0.07,rat_movement=False
1,81,180,0.09,rat_movement=False
1,28,40,0.1,rat_movement=False
1,54,80,0.2,rat_movement=False
1,109,60,0.3,rat_movement=False
1,156,100,0.4,rat_movement=False
1,267,180,0.5,rat_movement=False
1,304,220,0.6,rat_movement=False
1,264,160,0.7,rat_movement=False
1,196,140,0.8,rat_movement=False
1,18,40,0.9,rat_movement=False
1,87,60,1.0,rat_movement=False
1,58,220,0.01,rat_movement=False
1,206,300,0.03,rat_movement=False
1,93,140,0.05,rat_movement=False
1,28,100,0.07,rat_movement=False
1,84,160,0.09,rat_movement=False
1,105,120,0.1,rat_movement=False
1,80,120,0.2,rat_movement=False
1,134,120,0.3,rat_movement=False
1,30,20,0.4,rat_movement=False
1,300,200,0.5,rat_movement=False
1,63,100,0.6,rat_movement=False
1,59,40,0.7,rat_movement=False
1,85,60,0.8,rat_movement=False
1,292,200,0.9,rat_movement=False
1,450,300,1.0,rat_movement=False
1,3334,2500,0.0,rat_movement=False
1,31,120,0.05,rat_movement=False
1,185,240,0.03,rat_movement=False
1,228,280,0.01,rat_movement=False
1,52,60,0.07,rat_movement=False
1,27,40,0.09,rat_movement=False
1,28,40,0.1,rat_movement=False
1,129,140,0.2,rat_movement=False
1,1172,980,0.0,rat_movement=False
1,59,140,0.3,rat_movement=False
1,286,160,0.4,rat_movement=False
1,84,120,0.5,rat_movement=False
1,292,220,0.6,rat_movement=False
1,312,200,0.7,rat_movement=False
1,250,220,0.8,rat_movement=False
1,46,40,1.0,rat_movement=False
1,346,220,0.9,rat_movement=False
1,100,100,0.03,rat_movement=False
1,170,180,0.01,rat_movement=False
1,40,80,0.05,rat_movement=False
1,41,40,0.07,rat_movement=False
1,54,120,0.09,rat_movement=False
1,596,520,0.0,rat_movement=False
1,9,40,0.1,rat_movement=False
1,57,100,0.2,rat_movement=False
1,31,20,0.3,rat_movement=False
1,85,80,0.4,rat_movement=False
1,341,260,0.5,rat_movement=False
1,357,220,0.6,rat_movement=False
1,125,160,0.8,rat_movement=False
1,516,360,0.7,rat_movement=False
1,17,20,1.0,rat_movement=False
1,92,100,0.0,rat_movement=False
1,921,620,0.9,rat_movement=False
1,139,160,0.01,rat_movement=False
1,55,180,0.03,rat_movement=False
1,53,120,0.05,rat_movement=False
1,4,20,0.07,rat_movement=False
1,72,180,0.09,rat_movement=False
1,58,60,0.1,rat_movement=False
1,109,100,0.2,rat_movement=False
1,32,60,0.3,rat_movement=False
1,212,200,0.4,rat_movement=False
1,14,60,0.5,rat_movement=False
1,371,280,0.6,rat_movement=False
1,109,60,0.8,rat_movement=False
1,337,240,0.7,rat_movement=False
1,255,160,0.9,rat_movement=False
1,224,140,1.0,rat_movement=False
1,223,200,0.0,rat_movement=False
1,150,80,0.01,rat_movement=False
1,80,120,0.03,rat_movement=False
1,6,40,0.05,rat_movement=False
1,123,200,0.07,rat_movement=False
1,88,100,0.09,rat_movement=False
1,91,100,0.1,rat_movement=False
1,98,80,0.2,rat_movement=False
1,69,40,0.3,rat_movement=False
1,67,100,0.4,rat_movement=False
1,17,80,0.5,rat_movement=False
1,167,120,0.6,rat_movement=False
1,24,20,0.7,rat_movement=False
1,87,60,0.8,rat_movement=False
1,167,120,0.9,rat_movement=False
1,71,40,1.0,rat_movement=False
1,466,420,0.0,rat_movement=False
1,48,140,0.03,rat_movement=False
1,135,440,0.01,rat_movement=False
1,28,80,0.05,rat_movement=False
1,21,80,0.07,rat_movement=False
1,113,160,0.09,rat_movement=False
1,152,180,0.1,rat_movement=False
1,46,60,0.2,rat_movement=False
1,204,180,0.3,rat_movement=False
1,240,240,0.4,rat_movement=False
1,232,160,0.5,rat_movement=False
1,26,80,0.7,rat_movement=False
1,276,220,0.6,rat_movement=False
1,664,500,0.8,rat_movement=False
1,208,140,0.9,rat_movement=False
1,207,120,1.0,rat_movement=False
1,66,120,0.01,rat_movement=False
1,25,40,0.03,rat_movement=False
1,32,20,0.05,rat_movement=False
1,90,140,0.07,rat_movement=False
1,6,40,0.09,rat_movement=False
1,53,40,0.1,rat_movement=False
1,68,60,0.2,rat_movement=False
1,56,40,0.3,rat_movement=False
1,107,60,0.4,rat_movement=False
1,249,200,0.5,rat_movement=False
1,301,200,0.6,rat_movement=False
1,431,300,0.7,rat_movement=False
1,194,120,0.8,rat_movement=False
1,142,80,0.9,rat_movement=False
1,2907,2440,0.0,rat_movement=False
1,87,80,1.0,rat_movement=False
1,148,140,0.0,rat_movement=False
1,87,220,0.01,rat_movement=False
1,62,40,0.05,rat_movement=False
1,101,200,0.03,rat_movement=False
1,79,100,0.07,rat_movement=False
1,77,120,0.09,rat_movement=False
1,25,80,0.1,rat_movement=False
1,100,80,0.2,rat_movement=False
1,155,220,0.3,rat_movement=False
1,95,100,0.4,rat_movement=False
1,101,60,0.5,rat_movement=False
1,61,40,0.7,rat_movement=False
1,249,200,0.6,rat_movement=False
1,98,100,0.9,rat_movement=False
1,275,180,0.8,rat_movement=False
1,388,240,1.0,rat_movement=False
1,142,200,0.01,rat_movement=False
1,48,120,0.03,rat_movement=False
1,113,60,0.05,rat_movement=False
1,100,100,0.07,rat_movement=False
1,76,100,0.09,rat_movement=False
1,34,60,0.1,rat_movement=False
1,56,60,0.2,rat_movement=False
1,186,140,0.3,rat_movement=False
1,6,20,0.4,rat_movement=False
1,146,80,0.5,rat_movement=False
1,88,40,0.6,rat_movement=False
1,2492,1960,0.0,rat_movement=False
1,299,220,0.7,rat_movement=False
1,403,280,0.8,rat_movement=False
1,186,180,0.9,rat_movement=False
1,159,120,0.0,rat_movement=False
1,47,120,0.01,rat_movement=False
1,388,280,1.0,rat_movement=False
1,49,180,0.03,rat_movement=False
1,45,20,0.05,rat_movement=False
1,39,140,0.07,rat_movement=False
1,66,40,0.09,rat_movement=False
1,62,120,0.1,rat_movement=False
1,43,80,0.2,rat_movement=False
1,206,160,0.3,rat_movement=False
1,19,80,0.4,rat_movement=False
1,28,20,0.5,rat_movement=False
1,121,60,0.6,rat_movement=False
1,233,180,0.7,rat_movement=False
1,173,140,0.8,rat_movement=False
1,259,180,0.9,rat_movement=False
1,345,220,1.0,rat_movement=False
1,73,100,0.01,rat_movement=False
1,17,100,0.03,rat_movement=False
1,50,60,0.05,rat_movement=False
1,115,220,0.07,rat_movement=False
1,60,80,0.09,rat_movement=False
1,42,20,0.1,rat_movement=False
1,48,60,0.2,rat_movement=False
1,78,40,0.3,rat_movement=False
1,306,180,0.4,rat_movement=False
1,59,40,0.6,rat_movement=False
1,247,180,0.5,rat_movement=False
1,207,160,0.7,rat_movement=False
1,3138,2640,0.0,rat_movement=False
1,326,260,0.8,rat_movement=False
1,242,200,0.9,rat_movement=False
1,264,160,1.0,rat_movement=False
1,129,160,0.01,rat_movement=False
1,6,40,0.03,rat_movement=False
1,80,120,0.05,rat_movement=False
1,160,140,0.07,rat_movement=False
1,805,800,0.0,rat_movement=False
1,33,80,0.09,rat_movement=False
1,28,60,0.1,rat_movement=False
1,62,40,0.2,rat_movement=False
1,155,140,0.3,rat_movement=False
1,160,140,0.4,rat_movement=False
1,65,80,0.5,rat_movement=False
1,283,200,0.6,rat_movement=False
1,34,20,0.8,rat_movement=False
1,175,100,0.7,rat_movement=False
1,2,20,0.9,rat_movement=False
1,202,180,1.0,rat_movement=False
1,133,240,0.01,rat_movement=False
1,42,80,0.03,rat_movement=False
1,41,100,0.05,rat_movement=False
1,47,160,0.07,rat_movement=False
1,23,100,0.09,rat_movement=False
1,25,40,0.1,rat_movement=False
1,14,60,0.2,rat_movement=False
1,27,60,0.3,rat_movement=False
1,240,160,0.4,rat_movement=False
1,80,80,0.5,rat_movement=False
1,283,200,0.6,rat_movement=False
1,3272,2600,0.0,rat_movement=False
1,311,240,0.7,rat_movement=False
1,297,220,0.8,rat_movement=False
1,49,40,1.0,rat_movement=False
1,405,320,0.9,rat_movement=False
1,28,20,0.01,rat_movement=False
1,446,460,0.0,rat_movement=False
1,63,140,0.03,rat_movement=False
1,110,120,0.05,rat_movement=False
1,42,120,0.07,rat_movement=False
1,79,100,0.09,rat_movement=False
1,103,140,0.1,rat_movement=False
1,141,60,0.2,rat_movement=False
1,84,60,0.4,rat_movement=False
1,200,160,0.3,rat_movement=False
1,161,140,0.5,rat_movement=False
1,103,120,0.7,rat_movement=False
1,332,240,0.6,rat_movement=False
1,63,60,0.8,rat_movement=False
1,328,260,0.9,rat_movement=False
1,290,200,1.0,rat_movement=False
1,294,260,0.0,rat_movement=False
1,119,220,0.01,rat_movement=False
1,95,140,0.03,rat_movement=False
1,7,20,0.05,rat_movement=False
1,52,100,0.07,rat_movement=False
1,83,120,0.09,rat_movement=False
1,41,100,0.1,rat_movement=False
1,71,80,0.2,rat_movement=False
1,47,80,0.3,rat_movement=False
1,127,160,0.4,rat_movement=False
1,137,100,0.5,rat_movement=False
1,112,80,0.6,rat_movement=False
1,114,60,0.7,rat_movement=False
1,399,300,0.8,rat_movement=False
1,4,20,1.0,rat_movement=False
1,288,220,0.9,rat_movement=False
1,125,140,0.01,rat_movement=False
1,39,60,0.03,rat_movement=False
1,128,200,0.05,rat_movement=False
1,115,180,0.07,rat_movement=False
1,56,40,0.09,rat_movement=False
1,87,140,0.1,rat_movement=False
1,108,140,0.2,rat_movement=False
1,144,140,0.3,rat_movement=False
1,111,60,0.4,rat_movement=False
1,2613,2180,0.0,rat_movement=False
1,314,240,0.5,rat_movement=False
1,196,160,0.6,rat_movement=False
1,16,60,0.7,rat_movement=False
1,206,120,0.8,rat_movement=False
1,48,60,1.0,rat_movement=False
1,43,60,0.0,rat_movement=False
1,547,420,0.9,rat_movement=False
1,116,180,0.01,rat_movement=False
1,59,120,0.03,rat_movement=False
1,18,20,0.05,rat_movement=False
1,76,80,0.07,rat_movement=False
1,26,40,0.09,rat_movement=False
1,13,20,0.1,rat_movement=False
1,76,100,0.2,rat_movement=False
1,56,60,0.3,rat_movement=False
1,23,60,0.4,rat_movement=False
1,10,20,0.5,rat_movement=False
1,38,100,0.6,rat_movement=False
1,114,80,0.7,rat_movement=False
1,224,120,0.8,rat_movement=False
1,410,260,0.9,rat_movement=False
1,267,260,0.0,rat_movement=False
1,600,420,1.0,rat_movement=False
1,124,360,0.01,rat_movement=False
1,7,40,0.05,rat_movement=False
1,91,140,0.03,rat_movement=False
1,48,120,0.07,rat_movement=False
1,60,40,0.09,rat_movement=False
1,35,40,0.1,rat_movement=False
1,45,80,0.2,rat_movement=False
1,57,120,0.3,rat_movement=False
1,15,20,0.4,rat_movement=False
1,31,20,0.5,rat_movement=False
1,6,20,0.6,rat_movement=False
1,522,400,0.7,rat_movement=False
1,124,60,0.8,rat_movement=False
1,156,100,0.9,rat_movement=False
1,231,140,1.0,rat_movement=False
1,90,160,0.01,rat_movement=False
1,67,80,0.03,rat_movement=False
1,860,760,0.0,rat_movement=False
1,42,80,0.05,rat_movement=False
1,6,40,0.07,rat_movement=False
1,40,80,0.09,rat_movement=False
1,89,80,0.1,rat_movement=False
1,90,80,0.2,rat_movement=False
1,171,120,0.3,rat_movement=False
1,208,120,0.4,rat_movement=False
1,269,240,0.5,rat_movement=False
1,163,100,0.7,rat_movement=False
1,387,240,0.6,rat_movement=False
1,109,60,0.8,rat_movement=False
1,110,60,1.0,rat_movement=False
1,170,140,0.9,rat_movement=False
1,245,280,0.0,rat_movement=False
1,152,380,0.01,rat_movement=False
1,128,240,0.03,rat_movement=False
1,88,100,0.05,rat_movement=False
1,40,80,0.07,rat_movement=False
1,94,180,0.09,rat_movement=False
1,66,40,0.2,rat_movement=False
1,117,140,0.1,rat_movement=False
1,226,200,0.3,rat_movement=False
1,117,60,0.4,rat_movement=False
1,276,200,0.5,rat_movement=False
1,39,20,0.6,rat_movement=False
1,84,60,0.7,rat_movement=False
1,495,320,0.8,rat_movement=False
1,466,380,0.9,rat_movement=False
1,227,160,1.0,rat_movement=False
1,621,480,0.0,rat_movement=False
1,62,160,0.01,rat_movement=False
1,54,120,0.03,rat_movement=False
1,55,140,0.05,rat_movement=False
1,82,120,0.07,rat_movement=False
1,6,20,0.09,rat_movement=False
1,63,140,0.1,rat_movement=False
1,55,40,0.2,rat_movement=False
1,122,160,0.3,rat_movement=False
1,6,40,0.4,rat_movement=False
1,244,160,0.5,rat_movement=False
1,289,200,0.6,rat_movement=False
1,304,240,0.7,rat_movement=False
1,83,60,0.8,rat_movement=False
1,236,140,0.9,rat_movement=False
1,256,160,1.0,rat_movement=False
1,88,100,0.01,rat_movement=False
1,43,40,0.03,rat_movement=False
1,65,140,0.05,rat_movement=False
1,89,160,0.07,rat_movement=False
1,22,60,0.09,rat_movement=False
1,112,120,0.1,rat_movement=False
1,65,80,0.2,rat_movement=False
1,105,60,0.3,rat_movement=False
1,107,60,0.4,rat_movement=False
1,252,200,0.5,rat_movement=False
1,2323,2020,0.0,rat_movement=False
1,125,60,0.6,rat_movement=False
1,90,60,0.8,rat_movement=False
1,418,260,0.7,rat_movement=False
1,285,200,0.9,rat_movement=False
1,639,480,1.0,rat_movement=False
1,92,160,0.01,rat_movement=False
1,167,200,0.03,rat_movement=False
1,91,60,0.05,rat_movement=False
1,54,160,0.07,rat_movement=False
1,86,140,0.09,rat_movement=False
1,129,160,0.1,rat_movement=False
1,2119,1640,0.0,rat_movement=False
1,83,140,0.2,rat_movement=False
1,195,140,0.3,rat_movement=False
1,250,160,0.4,rat_movement=False
1,63,40,0.5,rat_movement=False
1,242,200,0.6,rat_movement=False
1,155,120,0.7,rat_movement=False
1,60,40,0.8,rat_movement=False
1,400,300,0.9,rat_movement=False
1,179,120,1.0,rat_movement=False
1,82,140,0.01,rat_movement=False
1,65,160,0.03,rat_movement=False
1,32,20,0.05,rat_movement=False
1,38,40,0.07,rat_movement=False
1,778,620,0.0,rat_movement=False
1,60,100,0.09,rat_movement=False
1,83,100,0.1,rat_movement=False
1,11,20,0.2,rat_movement=False
1,25,20,0.3,rat_movement=False
1,76,120,0.4,rat_movement=False
1,28,100,0.5,rat_movement=False
1,312,200,0.6,rat_movement=False
1,79,60,0.8,rat_movement=False
1,297,220,0.7,rat_movement=False
1,16,20,1.0,rat_movement=False
1,484,380,0.9,rat_movement=False
1,348,340,0.0,rat_movement=False
1,185,380,0.01,rat_movement=False
1,48,60,0.03,rat_movement=False
1,10,60,0.05,rat_movement=False
1,88,120,0.09,rat_movement=False
1,102,160,0.07,rat_movement=False
1,86,120,0.1,rat_movement=False
1,147,120,0.2,rat_movement=False
1,63,80,0.3,rat_movement=False
1,51,120,0.4,rat_movement=False
1,27,80,0.5,rat_movement=False
1,79,40,0.6,rat_movement=False
1,420,300,0.7,rat_movement=False
1,338,260,0.8,rat_movement=False
1,233,140,0.9,rat_movement=False
1,616,440,1.0,rat_movement=False
1,169,360,0.01,rat_movement=False
1,41,20,0.05,rat_movement=False
1,90,180,0.03,rat_movement=False
1,40,160,0.07,rat_movement=False
1,63,100,0.09,rat_movement=False
1,60,100,0.1,rat_movement=False
1,1150,1020,0.0,rat_movement=False
1,128,160,0.2,rat_movement=False
1,73,100,0.3,rat_movement=False
1,249,180,0.4,rat_movement=False
1,75,60,0.5,rat_movement=False
1,59,60,0.6,rat_movement=False
1,146,80,0.7,rat_movement=False
1,271,220,0.8,rat_movement=False
1,70,100,0.9,rat_movement=False
1,860,620,1.0,rat_movement=False
1,36,60,0.03,rat_movement=False
1,42,80,0.05,rat_movement=False
1,85,260,0.01,rat_movement=False
1,42,60,0.09,rat_movement=False
1,62,160,0.07,rat_movement=False
1,87,140,0.1,rat_movement=False
1,75,140,0.2,rat_movement=False
1,122,100,0.3,rat_movement=False
1,190,120,0.4,rat_movement=False
1,1634,1360,0.0,rat_movement=False
1,90,100,0.5,rat_movement=False
1,206,180,0.7,rat_movement=False
1,656,460,0.6,rat_movement=False
1,277,220,0.8,rat_movement=False
1,239,140,0.9,rat_movement=False
1,235,160,1.0,rat_movement=False
1,14,20,0.0,rat_movement=False
1,138,220,0.01,rat_movement=False
1,66,100,0.03,rat_movement=False
1,28,80,0.05,rat_movement=False
1,74,120,0.07,rat_movement=False
1,59,100,0.09,rat_movement=False
1,72,160,0.1,rat_movement=False
1,211,160,0.2,rat_movement=False
1,119,60,0.3,rat_movement=False
1,220,160,0.4,rat_movement=False
1,341,240,0.5,rat_movement=False
1,91,100,0.7,rat_movement=False
1,68,40,0.8,rat_movement=False
1,230,160,0.9,rat_movement=False
1,276,240,1.0,rat_movement=False
1,541,360,0.6,rat_movement=False
1,115,180,0.01,rat_movement=False
1,12,20,0.03,rat_movement=False
1,34,80,0.05,rat_movement=False
1,107,120,0.07,rat_movement=False
1,117,200,0.09,rat_movement=False
1,30,60,0.1,rat_movement=False
1,48,140,0.2,rat_movement=False
1,121,120,0.3,rat_movement=False
1,191,140,0.4,rat_movement=False
1,205,120,0.7,rat_movement=False
1,290,200,0.6,rat_movement=False
1,400,280,0.5,rat_movement=False
1,233,160,0.9,rat_movement=False
1,506,320,0.8,rat_movement=False
1,3474,2640,0.0,rat_movement=False
1,445,300,1.0,rat_movement=False
1,136,320,0.01,rat_movement=False
1,83,160,0.03,rat_movement=False
1,22,40,0.05,rat_movement=False
1,776,720,0.0,rat_movement=False
1,50,40,0.07,rat_movement=False
1,24,20,0.09,rat_movement=False
1,22,80,0.1,rat_movement=False
1,73,60,0.2,rat_movement=False
1,246,200,0.3,rat_movement=False
1,86,60,0.4,rat_movement=False
1,102,80,0.5,rat_movement=False
1,22,20,0.6,rat_movement=False
1,8,20,0.7,rat_movement=False
1,22,20,0.8,rat_movement=False
1,495,400,0.9,rat_movement=False
1,176,100,1.0,rat_movement=False
1,89,40,0.0,rat_movement=False
1,33,20,0.01,rat_movement=False
1,53,40,0.03,rat_movement=False
1,100,140,0.05,rat_movement=False
1,59,100,0.07,rat_movement=False
1,104,160,0.09,rat_movement=False
1,67,120,0.1,rat_movement=False
1,82,80,0.2,rat_movement=False
1,150,100,0.3,rat_movement=False
1,190,200,0.4,rat_movement=False
1,44,20,0.5,rat_movement=False
1,263,220,0.6,rat_movement=False
1,137,80,0.7,rat_movement=False
1,62,160,0.8,rat_movement=False
1,73,40,0.9,rat_movement=False
1,211,140,1.0,rat_movement=False
1,281,240,0.0,rat_movement=False
1,68,220,0.01,rat_movement=False
1,59,80,0.03,rat_movement=False
1,96,140,0.05,rat_movement=False
1,24,20,0.07,rat_movement=False
1,50,80,0.09,rat_movement=False
1,65,140,0.1,rat_movement=False
1,38,20,0.3,rat_movement=False
1,97,80,0.2,rat_movement=False
1,251,160,0.4,rat_movement=False
1,7,20,0.5,rat_movement=False
1,118,60,0.6,rat_movement=False
1,190,180,0.7,rat_movement=False
1,308,240,0.8,rat_movement=False
1,297,220,0.9,rat_movement=False
1,193,120,1.0,rat_movement=False
1,20,80,0.01,rat_movement=False
1,33,20,0.03,rat_movement=False
1,417,380,0.0,rat_movement=False
1,49,100,0.05,rat_movement=False
1,85,60,0.07,rat_movement=False
1,88,160,0.09,rat_movement=False
1,70,120,0.1,rat_movement=False
1,36,20,0.2,rat_movement=False
1,316,240,0.3,rat_movement=False
1,217,160,0.4,rat_movement=False
1,200,140,0.5,rat_movement=False
1,269,180,0.6,rat_movement=False
1,309,180,0.8,rat_movement=False
1,383,240,0.7,rat_movement=False
1,358,300,0.9,rat_movement=False
1,30,20,0.0,rat_movement=False
1,490,340,1.0,rat_movement=False
1,91,140,0.01,rat_movement=False
1,71,180,0.03,rat_movement=False
1,91,120,0.05,rat_movement=False
1,52,60,0.07,rat_movement=False
1,112,140,0.09,rat_movement=False
1,89,140,0.1,rat_movement=False
1,113,100,0.2,rat_movement=False
1,29,20,0.3,rat_movement=False
1,69,100,0.4,rat_movement=False
1,133,80,0.5,rat_movement=False
1,9,20,0.6,rat_movement=False
1,329,260,0.7,rat_movement=False
1,54,80,0.8,rat_movement=False
1,233,140,0.9,rat_movement=False
1,824,600,1.0,rat_movement=False
1,10,20,0.01,rat_movement=False
1,61,40,0.03,rat_movement=False
1,112,220,0.05,rat_movement=False
1,15,20,0.07,rat_movement=False
1,1536,1240,0.0,rat_movement=False
1,44,40,0.09,rat_movement=False
1,25,100,0.1,rat_movement=False
1,50,100,0.2,rat_movement=False
1,189,100,0.3,rat_movement=False
1,21,20,0.4,rat_movement=False
1,162,120,0.5,rat_movement=False
1,307,200,0.7,rat_movement=False
1,520,380,0.6,rat_movement=False
1,370,300,0.8,rat_movement=False
1,18,60,1.0,rat_movement=False
1,499,360,0.9,rat_movement=False
1,21,20,0.0,rat_movement=False
1,25,60,0.01,rat_movement=False
1,77,80,0.03,rat_movement=False
1,63,120,0.07,rat_movement=False
1,111,180,0.05,rat_movement=False
1,49,100,0.09,rat_movement=False
1,71,80,0.1,rat_movement=False
1,70,100,0.2,rat_movement=False
1,289,220,0.3,rat_movement=False
1,285,180,0.4,rat_movement=False
1,124,60,0.5,rat_movement=False
1,145,80,0.6,rat_movement=False
1,301,240,0.7,rat_movement=False
1,6,40,0.8,rat_movement=False
1,500,360,0.9,rat_movement=False
1,210,260,0.01,rat_movement=False
1,86,100,0.03,rat_movement=False
1,53,100,0.05,rat_movement=False
1,156,120,0.07,rat_movement=False
1,1336,980,1.0,rat_movement=False
1,71,100,0.09,rat_movement=False
1,132,160,0.1,rat_movement=False
1,188,140,0.2,rat_movement=False
1,24,60,0.3,rat_movement=False
1,124,60,0.4,rat_movement=False
1,1489,1200,0.0,rat_movement=False
1,284,200,0.5,rat_movement=False
1,187,100,0.6,rat_movement=False
1,202,120,0.7,rat_movement=False
1,458,320,0.8,rat_movement=False
1,34,20,1.0,rat_movement=False
1,471,300,0.9,rat_movement=False
1,278,380,0.01,rat_movement=False
1,53,160,0.03,rat_movement=False
1,55,80,0.05,rat_movement=False
1,848,740,0.0,rat_movement=False
1,5,20,0.09,rat_movement=False
1,103,100,0.07,rat_movement=False
1,54,100,0.1,rat_movement=False
1,73,80,0.2,rat_movement=False
1,115,160,0.3,rat_movement=False
1,144,120,0.5,rat_movement=False
1,371,260,0.4,rat_movement=False
1,118,60,0.6,rat_movement=False
1,85,40,0.8,rat_movement=False
1,239,200,0.7,rat_movement=False
1,346,240,0.9,rat_movement=False
1,276,220,1.0,rat_movement=False
1,78,80,0.0,rat_movement=False
1,117,220,0.01,rat_movement=False
1,22,60,0.03,rat_movement=False
1,68,140,0.05,rat_movement=False
1,82,180,0.07,rat_movement=False
1,62,100,0.09,rat_movement=False
1,18,80,0.1,rat_movement=False
1,41,60,0.2,rat_movement=False
1,48,60,0.3,rat_movement=False
1,93,60,0.4,rat_movement=False
1,228,180,0.5,rat_movement=False
1,348,220,0.6,rat_movement=False
1,220,160,0.7,rat_movement=False
1,10,20,0.8,rat_movement=False
1,63,80,0.9,rat_movement=False
1,116,60,1.0,rat_movement=False
1,211,160,0.0,rat_movement=False
1,131,240,0.01,rat_movement=False
1,32,140,0.03,rat_movement=False
1,22,60,0.05,rat_movement=False
1,63,80,0.07,rat_movement=False
1,54,100,0.09,rat_movement=False
1,91,120,0.1,rat_movement=False
1,40,60,0.2,rat_movement=False
1,47,80,0.3,rat_movement=False
1,191,160,0.4,rat_movement=False
1,260,200,0.5,rat_movement=False
1,283,220,0.6,rat_movement=False
1,148,80,0.7,rat_movement=False
1,69,40,0.9,rat_movement=False
1,217,140,0.8,rat_movement=False
1,425,300,1.0,rat_movement=False
1,103,220,0.01,rat_movement=False
1,53,140,0.03,rat_movement=False
1,84,200,0.05,rat_movement=False
1,20,40,0.07,rat_movement=False
1,74,140,0.09,rat_movement=False
1,59,120,0.1,rat_movement=False
1,73,80,0.2,rat_movement=False
1,174,120,0.3,rat_movement=False
1,63,80,0.4,rat_movement=False
1,151,100,0.5,rat_movement=False
1,120,60,0.6,rat_movement=False
1,202,180,0.7,rat_movement=False
1,3071,2340,0.0,rat_movement=False
1,100,80,0.8,rat_movement=False
1,184,100,0.9,rat_movement=False
1,237,220,1.0,rat_movement=False
1,148,140,0.0,rat_movement=False
1,114,200,0.01,rat_movement=False
1,58,160,0.03,rat_movement=False
1,105,80,0.05,rat_movement=False
1,68,120,0.07,rat_movement=False
1,69,80,0.09,rat_movement=False
1,82,120,0.1,rat_movement=False
1,34,100,0.2,rat_movement=False
1,14,40,0.3,rat_movement=False
1,331,260,0.4,rat_movement=False
1,182,140,0.5,rat_movement=False
1,229,140,0.6,rat_movement=False
1,14,60,0.8,rat_movement=False
1,206,120,0.7,rat_movement=False
1,364,280,0.9,rat_movement=False
1,221,180,0.0,rat_movement=False
1,105,200,0.01,rat_movement=False
1,725,480,1.0,rat_movement=False
1,63,40,0.03,rat_movement=False
1,163,200,0.05,rat_movement=False
1,33,80,0.07,rat_movement=False
1,77,140,0.09,rat_movement=False
1,75,80,0.1,rat_movement=False
1,100,80,0.2,rat_movement=False
1,132,100,0.3,rat_movement=False
1,11,40,0.4,rat_movement=False
1,27,80,0.6,rat_movement=False
1,210,120,0.5,rat_movement=False
1,315,240,0.7,rat_movement=False
1,214,140,0.8,rat_movement=False
1,107,60,0.9,rat_movement=False
1,288,200,1.0,rat_movement=False
1,29,100,0.01,rat_movement=False
1,498,460,0.0,rat_movement=False
1,113,180,0.03,rat_movement=False
1,35,80,0.05,rat_movement=False
1,56,80,0.07,rat_movement=False
1,48,60,0.09,rat_movement=False
1,23,20,0.1,rat_movement=False
1,212,200,0.2,rat_movement=False
1,15,20,0.4,rat_movement=False
1,239,160,0.3,rat_movement=False
1,335,240,0.5,rat_movement=False
1,440,320,0.6,rat_movement=False
1,164,120,0.7,rat_movement=False
1,165,100,0.9,rat_movement=False
1,307,220,0.8,rat_movement=False
1,586,440,1.0,rat_movement=False
1,18,100,0.03,rat_movement=False
1,229,440,0.01,rat_movement=False
1,834,720,0.0,rat_movement=False
1,91,200,0.05,rat_movement=False
1,72,140,0.07,rat_movement=False
1,27,40,0.09,rat_movement=False
1,145,160,0.1,rat_movement=False
1,17,80,0.2,rat_movement=False
1,109,120,0.3,rat_movement=False
1,138,80,0.4,rat_movement=False
1,138,80,0.5,rat_movement=False
1,281,180,0.6,rat_movement=False
1,132,60,0.8,rat_movement=False
1,371,260,0.7,rat_movement=False
1,216,160,1.0,rat_movement=False
1,545,380,0.9,rat_movement=False
1,37,200,0.01,rat_movement=False
1,79,140,0.03,rat_movement=False
1,73,60,0.05,rat_movement=False
1,87,120,0.07,rat_movement=False
1,79,120,0.09,rat_movement=False
1,43,120,0.1,rat_movement=False
1,1215,940,0.0,rat_movement=False
1,33,80,0.2,rat_movement=False
1,120,60,0.3,rat_movement=False
1,204,120,0.4,rat_movement=False
1,94,80,0.5,rat_movement=False
1,236,140,0.6,rat_movement=False
1,14,40,0.7,rat_movement=False
1,320,220,0.8,rat_movement=False
1,178,100,0.9,rat_movement=False
1,195,100,1.0,rat_movement=False
1,60,80,0.01,rat_movement=False
1,67,80,0.03,rat_movement=False
1,94,160,0.05,rat_movement=False
1,48,80,0.07,rat_movement=False
1,73,120,0.09,rat_movement=False
1,74,140,0.1,rat_movement=False
1,55,80,0.2,rat_movement=False
1,14,20,0.3,rat_movement=False
1,266,220,0.4,rat_movement=False
1,301,220,0.5,rat_movement=False
1,88,60,0.7,rat_movement=False
1,373,260,0.6,rat_movement=False
1,327,220,0.8,rat_movement=False
1,103,120,1.0,rat_movement=False
1,95,120,0.0,rat_movement=False
1,421,320,0.9,rat_movement=False
1,114,100,0.01,rat_movement=False
1,27,100,0.03,rat_movement=False
1,36,100,0.05,rat_movement=False
1,72,80,0.07,rat_movement=False
1,3461,2660,0.0,rat_movement=False
1,78,120,0.09,rat_movement=False
1,71,120,0.1,rat_movement=False
1,14,40,0.2,rat_movement=False
1,47,100,0.3,rat_movement=False
1,34,80,0.4,rat_movement=False
1,255,200,0.5,rat_movement=False
1,112,60,0.6,rat_movement=False
1,403,260,0.7,rat_movement=False
1,359,280,0.8,rat_movement=False
1,298,220,0.9,rat_movement=False
1,188,100,1.0,rat_movement=False
1,146,140,0.0,rat_movement=False
1,96,80,0.01,rat_movement=False
1,66,60,0.03,rat_movement=False
1,127,220,0.05,rat_movement=False
1,119,160,0.07,rat_movement=False
1,109,100,0.09,rat_movement=False
1,47,100,0.1,rat_movement=False
1,67,80,0.2,rat_movement=False
1,44,100,0.3,rat_movement=False
1,40,20,0.4,rat_movement=False
1,64,40,0.6,rat_movement=False
1,127,80,0.5,rat_movement=False
1,251,200,0.7,rat_movement=False
1,147,100,0.8,rat_movement=False
1,118,60,0.9,rat_movement=False
1,86,80,1.0,rat_movement=False
1,411,320,0.0,rat_movement=False
1,143,100,0.01,rat_movement=False
1,61,100,0.03,rat_movement=False
1,95,80,0.05,rat_movement=False
1,65,160,0.07,rat_movement=False
1,75,60,0.09,rat_movement=False
1,59,100,0.1,rat_movement=False
1,58,60,0.2,rat_movement=False
1,126,160,0.3,rat_movement=False
1,258,220,0.4,rat_movement=False
1,157,120,0.5,rat_movement=False
1,186,120,0.6,rat_movement=False
1,113,60,0.7,rat_movement=False
1,288,300,0.0,rat_movement=True
1,125,240,0.05,rat_movement=True
1,49,100,0.07,rat_movement=True
1,405,540,0.01,rat_movement=True
1,145,220,0.09,rat_movement=True
1,49,100,0.1,rat_movement=True
1,45,40,0.2,rat_movement=True
1,60,80,0.3,rat_movement=True
1,107,140,0.5,rat_movement=True
1,257,280,0.4,rat_movement=True
1,211,300,0.6,rat_movement=True
1,191,420,0.7,rat_movement=True
1,114,100,0.9,rat_movement=True
1,77,60,1.0,rat_movement=True
1,33,20,0.01,rat_movement=True
1,31,60,0.03,rat_movement=True
1,354,360,0.8,rat_movement=True
1,45,40,0.09,rat_movement=True
1,73,80,0.1,rat_movement=True
1,214,320,0.07,rat_movement=True
1,243,400,0.05,rat_movement=True
1,96,120,0.2,rat_movement=True
1,145,180,0.3,rat_movement=True
1,111,200,0.4,rat_movement=True
1,62,40,0.6,rat_movement=True
1,791,920,0.0,rat_movement=True
1,200,180,0.7,rat_movement=True
1,201,180,0.8,rat_movement=True
1,16,40,1.0,rat_movement=True
1,271,240,0.9,rat_movement=True
1,88,120,0.01,rat_movement=True
1,23,20,0.03,rat_movement=True
1,76,60,0.05,rat_movement=True
1,36,40,0.07,rat_movement=True
1,89,180,0.09,rat_movement=True
1,33,40,0.1,rat_movement=True
1,16,60,0.2,rat_movement=True
1,1246,1100,0.5,rat_movement=True
1,64,140,0.4,rat_movement=True
1,947,1000,0.0,rat_movement=True
1,233,180,0.3,rat_movement=True
1,82,80,0.6,rat_movement=True
1,103,100,0.5,rat_movement=True
1,142,140,0.8,rat_movement=True
1,70,80,1.0,rat_movement=True
1,439,340,0.7,rat_movement=True
1,311,280,0.9,rat_movement=True
1,44,60,0.03,rat_movement=True
1,39,100,0.05,rat_movement=True
1,158,240,0.01,rat_movement=True
1,217,340,0.09,rat_movement=True
1,17,20,0.2,rat_movement=True
1,281,420,0.07,rat_movement=True
1,613,900,0.0,rat_movement=True
1,103,120,0.3,rat_movement=True
1,475,680,0.1,rat_movement=True
1,246,260,0.5,rat_movement=True
1,286,440,0.4,rat_movement=True
1,224,280,0.6,rat_movement=True
1,196,180,0.7,rat_movement=True
1,47,100,0.01,rat_movement=True
1,289,260,1.0,rat_movement=True
1,422,380,0.9,rat_movement=True
1,132,300,0.03,rat_movement=True
1,52,100,0.05,rat_movement=True
1,30,60,0.07,rat_movement=True
1,132,160,0.09,rat_movement=True
1,112,120,0.2,rat_movement=True
1,183,360,0.1,rat_movement=True
1,13,20,0.3,rat_movement=True
1,1153,960,0.8,rat_movement=True
1,121,260,0.4,rat_movement=True
1,50,120,0.5,rat_movement=True
1,82,100,0.6,rat_movement=True
1,82,60,0.7,rat_movement=True
1,111,100,0.9,rat_movement=True
1,323,260,0.8,rat_movement=True
1,120,240,0.01,rat_movement=True
1,111,200,0.03,rat_movement=True
1,57,40,0.07,rat_movement=True
1,514,560,1.0,rat_movement=True
1,117,100,0.09,rat_movement=True
1,498,640,0.0,rat_movement=True
1,283,480,0.05,rat_movement=True
1,1896,1780,0.0,rat_movement=True
1,83,140,0.1,rat_movement=True
1,71,180,0.2,rat_movement=True
1,102,100,0.3,rat_movement=True
1,84,100,0.4,rat_movement=True
1,98,80,0.6,rat_movement=True
1,136,320,0.7,rat_movement=True
1,61,60,0.9,rat_movement=True
1,211,240,1.0,rat_movement=True
1,23,20,0.03,rat_movement=True
1,154,220,0.01,rat_movement=True
1,7,40,0.05,rat_movement=True
1,613,600,0.8,rat_movement=True
1,80,140,0.07,rat_movement=True
1,74,140,0.09,rat_movement=True
1,55,20,0.1,rat_movement=True
1,474,580,0.0,rat_movement=True
1,14,20,0.2,rat_movement=True
1,71,100,0.3,rat_movement=True
1,350,340,0.4,rat_movement=True
1,101,80,0.5,rat_movement=True
1,25,40,0.7,rat_movement=True
1,54,120,0.8,rat_movement=True
1,200,180,0.6,rat_movement=True
1,73,60,1.0,rat_movement=True
1,94,160,0.03,rat_movement=True
1,193,240,0.01,rat_movement=True
1,483,520,0.9,rat_movement=True
1,90,180,0.05,rat_movement=True
1,42,60,0.09,rat_movement=True
1,153,240,0.07,rat_movement=True
1,126,140,0.2,rat_movement=True
1,4,20,0.3,rat_movement=True
1,53,40,0.6,rat_movement=True
1,257,400,0.4,rat_movement=True
1,127,220,0.7,rat_movement=True
1,324,520,0.5,rat_movement=True
1,5,60,0.8,rat_movement=True
1,1412,1700,0.0,rat_movement=True
1,146,140,0.9,rat_movement=True
1,970,1300,0.1,rat_movement=True
1,74,80,0.01,rat_movement=True
1,137,140,0.0,rat_movement=True
1,33,40,0.05,rat_movement=True
1,216,360,0.03,rat_movement=True
1,136,240,0.07,rat_movement=True
1,105,140,0.09,rat_movement=True
1,31,20,0.1,rat_movement=True
1,553,480,1.0,rat_movement=True
1,10,40,0.2,rat_movement=True
1,33,20,0.3,rat_movement=True
1,78,100,0.5,rat_movement=True
1,137,300,0.4,rat_movement=True
1,308,340,0.8,rat_movement=True
1,473,420,0.7,rat_movement=True
1,110,100,0.9,rat_movement=True
1,572,800,0.6,rat_movement=True
1,44,80,0.03,rat_movement=True
1,526,820,0.01,rat_movement=True
1,150,160,0.05,rat_movement=True
1,961,840,1.0,rat_movement=True
1,217,340,0.09,rat_movement=True
1,108,120,0.1,rat_movement=True
1,465,700,0.07,rat_movement=True
1,19,40,0.2,rat_movement=True
1,59,40,0.4,rat_movement=True
1,195,160,0.3,rat_movement=True
1,1576,1740,0.0,rat_movement=True
1,45,40,0.5,rat_movement=True
1,43,40,0.6,rat_movement=True
1,44,160,0.7,rat_movement=True
1,60,40,0.9,rat_movement=True
1,355,300,0.8,rat_movement=True
1,67,120,0.01,rat_movement=True
1,46,80,0.03,rat_movement=True
1,447,540,0.0,rat_movement=True
1,118,200,0.05,rat_movement=True
1,26,40,0.09,rat_movement=True
1,663,660,1.0,rat_movement=True
1,152,200,0.07,rat_movement=True
1,199,280,0.1,rat_movement=True
1,271,520,0.2,rat_movement=True
1,111,80,0.5,rat_movement=True
1,224,300,0.4,rat_movement=True
1,351,540,0.3,rat_movement=True
1,4,40,0.8,rat_movement=True
1,248,280,0.6,rat_movement=True
1,379,380,0.7,rat_movement=True
1,34,60,0.0,rat_movement=True
1,330,300,0.9,rat_movement=True
1,24,40,0.01,rat_movement=True
1,42,20,0.03,rat_movement=True
1,47,40,0.07,rat_movement=True
1,181,360,0.05,rat_movement=True
1,120,140,0.09,rat_movement=True
1,105,140,0.2,rat_movement=True
1,166,240,0.1,rat_movement=True
1,87,120,0.6,rat_movement=True
1,112,100,0.5,rat_movement=True
1,199,180,0.4,rat_movement=True
1,1048,900,1.0,rat_movement=True
1,5,20,0.9,rat_movement=True
1,12,20,1.0,rat_movement=True
1,427,500,0.3,rat_movement=True
1,225,260,0.7,rat_movement=True
1,22,20,0.05,rat_movement=True
1,67,220,0.03,rat_movement=True
1,74,100,0.07,rat_movement=True
1,95,140,0.09,rat_movement=True
1,616,640,0.8,rat_movement=True
1,99,80,0.1,rat_movement=True
1,449,740,0.01,rat_movement=True
1,153,300,0.2,rat_movement=True
1,162,220,0.3,rat_movement=True
1,109,140,0.4,rat_movement=True
1,108,200,0.6,rat_movement=True
1,115,140,0.8,rat_movement=True
1,65,160,0.9,rat_movement=True
1,362,620,0.5,rat_movement=True
1,332,360,0.7,rat_movement=True
1,1124,1060,0.0,rat_movement=True
1,15,20,0.0,rat_movement=True
1,44,80,0.05,rat_movement=True
1,54,140,0.03,rat_movement=True
1,281,260,1.0,rat_movement=True
1,32,100,0.07,rat_movement=True
1,7,40,0.1,rat_movement=True
1,23,80,0.09,rat_movement=True
1,130,180,0.2,rat_movement=True
1,142,420,0.3,rat_movement=True
1,22,20,0.7,rat_movement=True
1,304,280,0.4,rat_movement=True
1,246,260,0.5,rat_movement=True
1,76,80,1.0,rat_movement=True
1,178,200,0.8,rat_movement=True
1,67,40,0.0,rat_movement=True
1,375,360,0.6,rat_movement=True
1,64,60,0.03,rat_movement=True
1,110,160,0.01,rat_movement=True
1,137,140,0.05,rat_movement=True
1,151,220,0.07,rat_movement=True
1,67,60,0.09,rat_movement=True
1,27,60,0.1,rat_movement=True
1,65,40,0.2,rat_movement=True
1,774,720,0.9,rat_movement=True
1,176,200,0.3,rat_movement=True
1,118,140,0.5,rat_movement=True
1,188,220,0.4,rat_movement=True
1,25,80,0.6,rat_movement=True
1,146,140,0.8,rat_movement=True
1,253,240,0.7,rat_movement=True
1,154,120,1.0,rat_movement=True
1,64,120,0.01,rat_movement=True
1,75,140,0.03,rat_movement=True
1,180,240,0.07,rat_movement=True
1,531,640,0.0,rat_movement=True
1,183,280,0.09,rat_movement=True
1,916,840,0.9,rat_movement=True
1,93,260,0.1,rat_movement=True
1,470,580,0.05,rat_movement=True
1,74,80,0.4,rat_movement=True
1,135,200,0.2,rat_movement=True
1,80,80,0.5,rat_movement=True
1,4,40,0.8,rat_movement=True
1,208,220,0.7,rat_movement=True
1,630,520,0.3,rat_movement=True
1,219,180,1.0,rat_movement=True
1,121,120,0.01,rat_movement=True
1,72,60,0.05,rat_movement=True
1,322,320,0.0,rat_movement=True
1,522,440,0.9,rat_movement=True
1,71,40,0.09,rat_movement=True
1,125,220,0.07,rat_movement=True
1,0,0,0.3,rat_movement=True
1,147,220,0.1,rat_movement=True
1,1209,960,0.6,rat_movement=True
1,5,20,0.5,rat_movement=True
1,29,80,0.4,rat_movement=True
1,2,20,0.7,rat_movement=True
1,203,200,0.6,rat_movement=True
1,338,460,0.2,rat_movement=True
1,900,1100,0.03,rat_movement=True
1,57,40,1.0,rat_movement=True
1,70,40,0.0,rat_movement=True
1,616,660,0.9,rat_movement=True
1,191,380,0.01,rat_movement=True
1,28,20,0.05,rat_movement=True
1,152,220,0.03,rat_movement=True
1,102,160,0.07,rat_movement=True
1,94,180,0.09,rat_movement=True
1,96,220,0.1,rat_movement=True
1,84,160,0.2,rat_movement=True
1,57,40,0.3,rat_movement=True
1,1325,980,0.8,rat_movement=True
1,39,40,0.5,rat_movement=True
1,47,40,0.6,rat_movement=True
1,398,460,0.4,rat_movement=True
1,293,300,0.8,rat_movement=True
1,179,180,0.01,rat_movement=True
1,101,80,0.05,rat_movement=True
1,483,600,0.03,rat_movement=True
1,114,120,0.07,rat_movement=True
1,1227,940,0.9,rat_movement=True
1,1531,1260,0.7,rat_movement=True
1,91,120,0.1,rat_movement=True
1,169,240,0.09,rat_movement=True
1,31,60,0.3,rat_movement=True
1,63,140,0.2,rat_movement=True
1,113,160,0.4,rat_movement=True
1,100,80,0.5,rat_movement=True
1,252,220,0.6,rat_movement=True
1,290,340,0.8,rat_movement=True
1,279,280,0.9,rat_movement=True
1,135,180,0.0,rat_movement=True
1,101,180,0.03,rat_movement=True
1,132,260,0.01,rat_movement=True
1,82,100,0.05,rat_movement=True
1,57,80,0.09,rat_movement=True
1,119,200,0.07,rat_movement=True
1,9,20,0.2,rat_movement=True
1,107,100,0.3,rat_movement=True
1,710,660,1.0,rat_movement=True
1,1088,820,0.7,rat_movement=True
1,323,420,0.1,rat_movement=True
1,119,160,0.4,rat_movement=True
1,68,40,0.5,rat_movement=True
1,99,160,0.7,rat_movement=True
1,30,40,0.9,rat_movement=True
1,117,200,0.8,rat_movement=True
1,261,240,1.0,rat_movement=True
1,46,120,0.01,rat_movement=True
1,47,120,0.03,rat_movement=True
1,656,940,0.6,rat_movement=True
1,52,40,0.05,rat_movement=True
1,63,120,0.07,rat_movement=True
1,33,40,0.1,rat_movement=True
1,243,240,0.09,rat_movement=True
1,134,260,0.2,rat_movement=True
1,155,160,0.3,rat_movement=True
1,83,60,0.4,rat_movement=True
1,74,60,0.5,rat_movement=True
1,233,400,0.6,rat_movement=True
1,1542,1540,0.0,rat_movement=True
1,164,200,0.8,rat_movement=True
1,323,300,0.7,rat_movement=True
1,260,380,1.0,rat_movement=True
1,298,280,0.0,rat_movement=True
1,75,200,0.01,rat_movement=True
1,19,60,0.03,rat_movement=True
1,63,120,0.07,rat_movement=True
1,880,680,0.9,rat_movement=True
1,150,300,0.09,rat_movement=True
1,452,560,0.05,rat_movement=True
1,25,60,0.2,rat_movement=True
1,218,380,0.1,rat_movement=True
1,80,100,0.4,rat_movement=True
1,217,340,0.3,rat_movement=True
1,146,120,0.5,rat_movement=True
1,10,20,0.7,rat_movement=True
1,269,360,0.6,rat_movement=True
1,37,40,0.9,rat_movement=True
1,27,20,0.01,rat_movement=True
1,198,260,1.0,rat_movement=True
1,85,160,0.03,rat_movement=True
1,91,80,0.05,rat_movement=True
1,332,380,0.0,rat_movement=True
1,101,160,0.07,rat_movement=True
1,75,80,0.09,rat_movement=True
1,27,20,0.3,rat_movement=True
1,1097,1000,0.8,rat_movement=True
1,37,80,0.4,rat_movement=True
1,129,240,0.1,rat_movement=True
1,204,400,0.2,rat_movement=True
1,259,220,0.5,rat_movement=True
1,120,100,0.6,rat_movement=True
1,59,40,1.0,rat_movement=True
1,361,400,0.8,rat_movement=True
1,315,380,0.0,rat_movement=True
1,150,160,0.01,rat_movement=True
1,89,180,0.03,rat_movement=True
1,4,40,0.05,rat_movement=True
1,737,580,0.7,rat_movement=True
1,69,120,0.07,rat_movement=True
1,126,80,0.09,rat_movement=True
1,56,80,0.1,rat_movement=True
1,19,100,0.3,rat_movement=True
1,35,40,0.4,rat_movement=True
1,210,440,0.2,rat_movement=True
1,182,160,0.5,rat_movement=True
1,218,180,0.6,rat_movement=True
1,1740,1340,0.9,rat_movement=True
1,128,140,0.8,rat_movement=True
1,196,340,0.7,rat_movement=True
1,86,100,0.9,rat_movement=True
1,19,20,0.0,rat_movement=True
1,14,20,0.03,rat_movement=True
1,332,280,1.0,rat_movement=True
1,10,20,0.05,rat_movement=True
1,72,80,0.07,rat_movement=True
1,89,100,0.09,rat_movement=True
1,77,120,0.1,rat_movement=True
1,40,60,0.2,rat_movement=True
1,531,800,0.01,rat_movement=True
1,230,440,0.3,rat_movement=True
1,119,100,0.6,rat_movement=True
1,139,160,0.5,rat_movement=True
1,292,240,0.4,rat_movement=True
1,155,260,0.7,rat_movement=True
1,5,20,0.01,rat_movement=True
1,179,140,0.9,rat_movement=True
1,214,200,0.8,rat_movement=True
1,50,160,0.03,rat_movement=True
1,79,220,0.05,rat_movement=True
1,40,160,0.07,rat_movement=True
1,22,20,0.09,rat_movement=True
1,277,320,1.0,rat_movement=True
1,133,200,0.1,rat_movement=True
1,451,440,0.0,rat_movement=True
1,38,40,0.2,rat_movement=True
1,184,280,0.4,rat_movement=True
1,422,400,0.3,rat_movement=True
1,203,260,0.6,rat_movement=True
1,216,200,0.7,rat_movement=True
1,483,480,0.5,rat_movement=True
1,222,240,0.8,rat_movement=True
1,41,80,1.0,rat_movement=True
1,406,420,0.9,rat_movement=True
1,65,80,0.01,rat_movement=True
1,28,80,0.03,rat_movement=True
1,39,60,0.05,rat_movement=True
1,152,260,0.07,rat_movement=True
1,145,220,0.09,rat_movement=True
1,60,100,0.1,rat_movement=True
1,67,100,0.3,rat_movement=True
1,145,160,0.2,rat_movement=True
1,181,240,0.4,rat_movement=True
1,1488,1660,0.0,rat_movement=True
1,487,440,0.5,rat_movement=True
1,280,260,0.8,rat_movement=True
1,861,700,0.6,rat_movement=True
1,624,740,0.7,rat_movement=True
1,89,180,0.01,rat_movement=True
1,251,280,0.0,rat_movement=True
1,0,0,0.03,rat_movement=True
1,62,80,0.07,rat_movement=True
1,108,180,0.05,rat_movement=True
1,652,760,0.9,rat_movement=True
1,581,440,1.0,rat_movement=True
1,133,220,0.09,rat_movement=True
1,215,260,0.1,rat_movement=True
1,89,60,0.3,rat_movement=True
1,70,40,0.4,rat_movement=True
1,246,300,0.2,rat_movement=True
1,195,200,0.5,rat_movement=True
1,183,160,0.6,rat_movement=True
1,78,140,0.8,rat_movement=True
1,89,80,1.0,rat_movement=True
1,127,140,0.0,rat_movement=True
1,68,40,0.03,rat_movement=True
1,121,180,0.01,rat_movement=True
1,625,540,0.7,rat_movement=True
1,52,80,0.05,rat_movement=True
1,93,200,0.07,rat_movement=True
1,69,60,0.3,rat_movement=True
1,30,80,0.4,rat_movement=True
1,217,260,0.2,rat_movement=True
1,42,40,0.5,rat_movement=True
1,16,20,0.6,rat_movement=True
1,351,500,0.1,rat_movement=True
1,141,200,0.7,rat_movement=True
1,682,840,0.09,rat_movement=True
1,1414,1180,0.9,rat_movement=True
1,231,360,0.9,rat_movement=True
1,140,180,0.0,rat_movement=True
1,47,80,0.01,rat_movement=True
1,360,360,0.8,rat_movement=True
1,111,140,0.05,rat_movement=True
1,111,180,0.07,rat_movement=True
1,162,280,0.03,rat_movement=True
1,95,120,0.09,rat_movement=True
1,133,80,0.2,rat_movement=True
1,216,220,0.1,rat_movement=True
1,66,160,0.3,rat_movement=True
1,113,100,0.4,rat_movement=True
1,107,100,0.5,rat_movement=True
1,53,40,0.7,rat_movement=True
1,25,20,0.8,rat_movement=True
1,280,280,0.6,rat_movement=True
1,95,80,0.9,rat_movement=True
1,35,20,0.01,rat_movement=True
1,40,40,0.03,rat_movement=True
1,109,180,0.05,rat_movement=True
1,88,80,0.07,rat_movement=True
1,472,440,1.0,rat_movement=True
1,73,100,0.09,rat_movement=True
1,7,20,0.2,rat_movement=True
1,80,120,0.1,rat_movement=True
1,48,60,0.3,rat_movement=True
1,99,80,0.4,rat_movement=True
1,291,400,0.5,rat_movement=True
1,1149,1360,0.0,rat_movement=True
1,206,180,0.7,rat_movement=True
1,125,200,0.8,rat_movement=True
1,494,380,0.6,rat_movement=True
1,56,100,0.01,rat_movement=True
1,472,600,0.9,rat_movement=True
1,72,180,0.05,rat_movement=True
1,468,600,0.0,rat_movement=True
1,43,60,0.07,rat_movement=True
1,31,20,0.09,rat_movement=True
1,604,760,0.03,rat_movement=True
1,75,120,0.1,rat_movement=True
1,34,20,0.3,rat_movement=True
1,273,420,0.2,rat_movement=True
1,58,80,0.4,rat_movement=True
1,127,200,0.5,rat_movement=True
1,15,100,0.7,rat_movement=True
1,30,100,0.8,rat_movement=True
1,178,240,0.6,rat_movement=True
1,1812,1400,1.0,rat_movement=True
1,63,40,0.9,rat_movement=True
1,44,60,0.0,rat_movement=True
1,130,180,1.0,rat_movement=True
1,68,60,0.01,rat_movement=True
1,81,160,0.05,rat_movement=True
1,573,820,0.03,rat_movement=True
1,149,380,0.07,rat_movement=True
1,52,60,0.09,rat_movement=True
1,73,100,0.1,rat_movement=True
1,34,20,0.2,rat_movement=True
1,18,20,0.5,rat_movement=True
1,85,100,0.4,rat_movement=True
1,67,80,0.6,rat_movement=True
1,320,420,0.3,rat_movement=True
1,231,240,0.9,rat_movement=True
1,419,580,0.7,rat_movement=True
1,136,140,1.0,rat_movement=True
1,497,700,0.8,rat_movement=True
1,142,240,0.03,rat_movement=True
1,114,80,0.05,rat_movement=True
1,115,180,0.07,rat_movement=True
1,49,100,0.09,rat_movement=True
1,35,40,0.2,rat_movement=True
1,585,1040,0.01,rat_movement=True
1,200,320,0.1,rat_movement=True
1,3,20,0.5,rat_movement=True
1,6,20,0.7,rat_movement=True
1,121,200,0.3,rat_movement=True
1,42,100,0.6,rat_movement=True
1,74,60,0.8,rat_movement=True
1,957,1260,0.0,rat_movement=True
1,292,220,0.4,rat_movement=True
1,15,40,0.0,rat_movement=True
1,99,140,0.03,rat_movement=True
1,61,100,0.05,rat_movement=True
1,34,80,0.09,rat_movement=True
1,20,40,0.1,rat_movement=True
1,480,680,1.0,rat_movement=True
1,119,160,0.07,rat_movement=True
1,66,40,0.2,rat_movement=True
1,67,40,0.3,rat_movement=True
1,55,40,0.4,rat_movement=True
1,44,40,0.5,rat_movement=True
1,130,300,0.7,rat_movement=True
1,1179,1420,0.01,rat_movement=True
1,644,760,0.6,rat_movement=True
1,192,200,1.0,rat_movement=True
1,463,440,0.8,rat_movement=True
1,95,100,0.03,rat_movement=True
1,45,20,0.05,rat_movement=True
1,620,520,0.9,rat_movement=True
1,205,340,0.01,rat_movement=True
1,29,20,0.09,rat_movement=True
1,42,80,0.2,rat_movement=True
1,164,240,0.07,rat_movement=True
1,112,120,0.1,rat_movement=True
1,84,160,0.3,rat_movement=True
1,148,220,0.4,rat_movement=True
1,99,220,0.6,rat_movement=True
1,87,120,0.7,rat_movement=True
1,595,680,0.0,rat_movement=True
1,284,240,0.5,rat_movement=True
1,57,60,0.0,rat_movement=True
1,290,280,0.8,rat_movement=True
1,219,240,1.0,rat_movement=True
1,33,60,0.03,rat_movement=True
1,181,180,0.01,rat_movement=True
1,72,100,0.07,rat_movement=True
1,60,120,0.1,rat_movement=True
1,126,120,0.09,rat_movement=True
1,262,440,0.05,rat_movement=True
1,564,780,0.9,rat_movement=True
1,29,20,0.5,rat_movement=True
1,120,200,0.2,rat_movement=True
1,101,160,0.4,rat_movement=True
1,46,40,0.7,rat_movement=True
1,155,200,0.3,rat_movement=True
1,135,260,0.6,rat_movement=True
1,23,20,1.0,rat_movement=True
1,136,140,0.9,rat_movement=True
1,338,360,0.8,rat_movement=True
1,139,200,0.0,rat_movement=True
1,83,120,0.01,rat_movement=True
1,45,60,0.03,rat_movement=True
1,75,120,0.05,rat_movement=True
1,0,0,0.09,rat_movement=True
1,113,260,0.07,rat_movement=True
1,77,60,0.2,rat_movement=True
1,179,220,0.3,rat_movement=True
1,395,620,0.1,rat_movement=True
1,68,40,0.7,rat_movement=True
1,199,220,0.6,rat_movement=True
1,371,380,0.4,rat_movement=True
1,275,360,0.5,rat_movement=True
1,27,20,0.0,rat_movement=True
1,109,120,0.9,rat_movement=True
1,133,140,1.0,rat_movement=True
1,97,280,0.03,rat_movement=True
1,18,60,0.05,rat_movement=True
1,103,120,0.07,rat_movement=True
1,505,460,0.8,rat_movement=True
1,329,520,0.01,rat_movement=True
1,156,160,0.09,rat_movement=True
1,40,80,0.2,rat_movement=True
1,196,260,0.1,rat_movement=True
1,51,180,0.3,rat_movement=True
1,107,140,0.4,rat_movement=True
1,8,20,0.6,rat_movement=True
1,109,220,0.5,rat_movement=True
1,91,60,0.9,rat_movement=True
1,295,260,0.7,rat_movement=True
1,131,140,1.0,rat_movement=True
1,313,260,0.8,rat_movement=True
1,45,180,0.01,rat_movement=True
1,36,40,0.07,rat_movement=True
1,268,460,0.0,rat_movement=True
1,176,260,0.03,rat_movement=True
1,163,240,0.05,rat_movement=True
1,57,60,0.1,rat_movement=True
1,74,60,0.3,rat_movement=True
1,400,580,0.09,rat_movement=True
1,51,160,0.4,rat_movement=True
1,76,60,0.5,rat_movement=True
1,552,840,0.2,rat_movement=True
1,216,300,0.6,rat_movement=True
1,221,280,0.7,rat_movement=True
1,77,60,1.0,rat_movement=True
1,12,20,0.0,rat_movement=True
1,22,20,0.01,rat_movement=True
1,60,60,0.03,rat_movement=True
1,255,220,0.9,rat_movement=True
1,401,560,0.8,rat_movement=True
1,85,160,0.05,rat_movement=True
1,108,180,0.07,rat_movement=True
1,15,40,0.1,rat_movement=True
1,19,20,0.2,rat_movement=True
1,156,400,0.09,rat_movement=True
1,50,100,0.3,rat_movement=True
1,56,80,0.5,rat_movement=True
1,131,160,0.4,rat_movement=True
1,25,60,0.6,rat_movement=True
1,126,180,0.8,rat_movement=True
1,116,120,1.0,rat_movement=True
1,35,60,0.0,rat_movement=True
1,312,360,0.9,rat_movement=True
1,569,520,0.7,rat_movement=True
1,112,220,0.05,rat_movement=True
1,206,320,0.03,rat_movement=True
1,72,120,0.09,rat_movement=True
1,51,80,0.1,rat_movement=True
1,371,560,0.01,rat_movement=True
1,250,360,0.07,rat_movement=True
1,34,40,0.3,rat_movement=True
1,91,120,0.2,rat_movement=True
1,42,60,0.4,rat_movement=True
1,79,220,0.5,rat_movement=True
1,7,40,0.9,rat_movement=True
1,71,100,0.7,rat_movement=True
1,110,100,0.6,rat_movement=True
1,85,80,0.8,rat_movement=True
1,24,20,0.03,rat_movement=True
1,301,540,0.01,rat_movement=True
1,73,100,0.05,rat_movement=True
1,71,180,0.07,rat_movement=True
1,15,40,0.1,rat_movement=True
1,624,580,1.0,rat_movement=True
1,31,80,0.3,rat_movement=True
1,46,80,0.4,rat_movement=True
1,49,40,0.6,rat_movement=True
1,333,420,0.2,rat_movement=True
1,165,120,0.5,rat_movement=True
1,535,980,0.09,rat_movement=True
1,162,140,0.8,rat_movement=True
1,11,20,0.0,rat_movement=True
1,19,60,0.03,rat_movement=True
1,169,220,1.0,rat_movement=True
1,202,240,0.9,rat_movement=True
1,175,200,0.01,rat_movement=True
1,44,80,0.07,rat_movement=True
1,76,180,0.09,rat_movement=True
1,166,380,0.05,rat_movement=True
1,636,560,0.7,rat_movement=True
1,59,160,0.2,rat_movement=True
1,44,60,0.3,rat_movement=True
1,263,540,0.1,rat_movement=True
1,100,120,0.5,rat_movement=True
1,66,80,0.6,rat_movement=True
1,344,300,0.4,rat_movement=True
1,187,160,0.8,rat_movement=True
1,69,60,1.0,rat_movement=True
1,25,20,0.01,rat_movement=True
1,253,360,0.9,rat_movement=True
1,83,100,0.03,rat_movement=True
1,16,80,0.05,rat_movement=True
1,53,60,0.07,rat_movement=True
1,27,20,0.09,rat_movement=True
1,75,100,0.1,rat_movement=True
1,168,300,0.2,rat_movement=True
1,1105,920,0.7,rat_movement=True
1,183,200,0.3,rat_movement=True
1,140,140,0.4,rat_movement=True
1,29,20,0.6,rat_movement=True
1,176,160,0.5,rat_movement=True
1,193,200,0.7,rat_movement=True
1,152,180,0.8,rat_movement=True
1,1466,1620,0.0,rat_movement=True
1,76,140,0.0,rat_movement=True
1,270,300,1.0,rat_movement=True
1,6,40,0.01,rat_movement=True
1,108,240,0.03,rat_movement=True
1,70,100,0.05,rat_movement=True
1,655,580,0.9,rat_movement=True
1,72,80,0.07,rat_movement=True
1,78,140,0.09,rat_movement=True
1,81,80,0.2,rat_movement=True
1,81,120,0.3,rat_movement=True
1,165,280,0.1,rat_movement=True
1,31,60,0.5,rat_movement=True
1,101,200,0.4,rat_movement=True
1,111,120,0.7,rat_movement=True
1,20,40,0.9,rat_movement=True
1,196,200,0.6,rat_movement=True
1,107,260,0.01,rat_movement=True
1,244,280,0.03,rat_movement=True
1,72,140,0.05,rat_movement=True
1,633,640,1.0,rat_movement=True
1,25,140,0.09,rat_movement=True
1,117,100,0.1,rat_movement=True
1,313,560,0.07,rat_movement=True
1,53,40,0.3,rat_movement=True
1,1163,1100,0.8,rat_movement=True
1,245,420,0.2,rat_movement=True
1,1024,1020,0.0,rat_movement=True
1,87,100,0.5,rat_movement=True
1,134,180,0.6,rat_movement=True
1,91,100,0.8,rat_movement=True
1,63,40,1.0,rat_movement=True
1,354,340,0.7,rat_movement=True
1,241,300,0.9,rat_movement=True
1,574,640,0.4,rat_movement=True
1,47,60,0.03,rat_movement=True
1,33,40,0.05,rat_movement=True
1,29,20,0.1,rat_movement=True
1,62,120,0.09,rat_movement=True
1,187,340,0.01,rat_movement=True
1,121,200,0.2,rat_movement=True
1,74,120,0.3,rat_movement=True
1,254,360,0.07,rat_movement=True
1,84,80,0.4,rat_movement=True
1,188,160,0.5,rat_movement=True
1,147,100,0.6,rat_movement=True
1,647,820,0.0,rat_movement=True
1,130,180,0.8,rat_movement=True
1,80,80,1.0,rat_movement=True
1,151,140,0.9,rat_movement=True
1,46,100,0.03,rat_movement=True
1,119,200,0.0,rat_movement=True
1,96,180,0.01,rat_movement=True
1,274,600,0.7,rat_movement=True
1,68,120,0.05,rat_movement=True
1,53,140,0.1,rat_movement=True
1,140,200,0.07,rat_movement=True
1,5,20,0.2,rat_movement=True
1,51,60,0.3,rat_movement=True
1,248,300,0.09,rat_movement=True
1,86,200,0.4,rat_movement=True
1,196,220,0.5,rat_movement=True
1,191,200,0.6,rat_movement=True
1,83,60,0.8,rat_movement=True
1,8,20,0.0,rat_movement=True
1,105,240,0.9,rat_movement=True
1,329,620,0.01,rat_movement=True
1,741,960,0.7,rat_movement=True
1,135,240,0.03,rat_movement=True
1,537,680,1.0,rat_movement=True
1,117,220,0.05,rat_movement=True
1,56,80,0.09,rat_movement=True
1,74,160,0.1,rat_movement=True
1,173,360,0.07,rat_movement=True
1,30,20,0.2,rat_movement=True
1,91,200,0.3,rat_movement=True
1,32,100,0.4,rat_movement=True
1,90,60,0.6,rat_movement=True
1,222,220,0.5,rat_movement=True
1,148,140,0.7,rat_movement=True
1,134,120,0.9,rat_movement=True
1,380,400,0.8,rat_movement=True
1,356,400,1.0,rat_movement=True
1,92,160,0.03,rat_movement=True
1,71,120,0.07,rat_movement=True
1,341,340,0.01,rat_movement=True
1,22,40,0.09,rat_movement=True
1,31,120,0.1,rat_movement=True
1,37,20,0.2,rat_movement=True
1,643,780,0.0,rat_movement=True
1,103,160,0.3,rat_movement=True
1,65,60,0.6,rat_movement=True
1,7,20,0.8,rat_movement=True
1,531,820,0.05,rat_movement=True
1,294,260,0.4,rat_movement=True
1,55,40,1.0,rat_movement=True
1,300,360,0.5,rat_movement=True
1,116,100,0.01,rat_movement=True
1,55,180,0.03,rat_movement=True
1,105,120,0.05,rat_movement=True
1,31,60,0.09,rat_movement=True
1,346,360,0.9,rat_movement=True
1,101,120,0.07,rat_movement=True
1,46,100,0.1,rat_movement=True
1,122,160,0.2,rat_movement=True
1,452,540,0.0,rat_movement=True
1,161,200,0.3,rat_movement=True
1,43,40,0.4,rat_movement=True
1,46,120,0.6,rat_movement=True
1,1028,800,0.7,rat_movement=True
1,211,240,0.5,rat_movement=True
1,196,160,0.7,rat_movement=True
1,171,200,0.8,rat_movement=True
1,71,140,0.01,rat_movement=True
1,49,100,0.03,rat_movement=True
1,27,120,0.05,rat_movement=True
1,36,100,0.09,rat_movement=True
1,33,60,0.1,rat_movement=True
1,144,160,0.07,rat_movement=True
1,26,100,0.3,rat_movement=True
1,487,540,0.9,rat_movement=True
1,84,100,0.2,rat_movement=True
1,111,120,0.6,rat_movement=True
1,147,280,0.5,rat_movement=True
1,684,600,1.0,rat_movement=True
1,178,160,0.7,rat_movement=True
1,428,440,0.4,rat_movement=True
1,974,1160,0.0,rat_movement=True
1,142,220,0.9,rat_movement=True
1,75,80,0.01,rat_movement=True
1,162,220,1.0,rat_movement=True
1,115,100,0.03,rat_movement=True
1,107,300,0.05,rat_movement=True
1,116,180,0.07,rat_movement=True
1,78,200,0.09,rat_movement=True
1,40,40,0.2,rat_movement=True
1,801,940,0.8,rat_movement=True
1,22,20,0.4,rat_movement=True
1,226,360,0.1,rat_movement=True
1,38,140,0.5,rat_movement=True
1,167,340,0.3,rat_movement=True
1,26,20,0.7,rat_movement=True
1,144,180,0.6,rat_movement=True
1,35,20,0.9,rat_movement=True
1,97,120,0.8,rat_movement=True
1,48,100,0.0,rat_movement=True
1,196,200,1.0,rat_movement=True
1,62,40,0.05,rat_movement=True
1,190,380,0.01,rat_movement=True
1,45,40,0.07,rat_movement=True
1,1236,1340,0.0,rat_movement=True
1,36,80,0.09,rat_movement=True
1,55,60,0.2,rat_movement=True
1,9,20,0.3,rat_movement=True
1,106,120,0.1,rat_movement=True
1,51,40,0.4,rat_movement=True
1,55,160,0.6,rat_movement=True
1,674,880,0.03,rat_movement=True
1,75,60,0.9,rat_movement=True
1,81,60,1.0,rat_movement=True
1,443,380,0.5,rat_movement=True
1,373,480,0.8,rat_movement=True
1,418,580,0.7,rat_movement=True
1,181,320,0.01,rat_movement=True
1,390,520,0.0,rat_movement=True
1,217,320,0.03,rat_movement=True
1,40,60,0.09,rat_movement=True
1,238,460,0.05,rat_movement=True
1,254,440,0.07,rat_movement=True
1,83,80,0.1,rat_movement=True
1,4,20,0.3,rat_movement=True
1,78,140,0.2,rat_movement=True
1,29,40,0.4,rat_movement=True
1,153,160,0.7,rat_movement=True
1,202,220,0.6,rat_movement=True
1,42,60,0.9,rat_movement=True
1,485,360,0.5,rat_movement=True
1,19,20,0.0,rat_movement=True
1,4,40,0.01,rat_movement=True
1,511,440,0.8,rat_movement=True
1,43,60,0.05,rat_movement=True
1,115,140,0.09,rat_movement=True
1,581,560,0.03,rat_movement=True
1,420,500,0.07,rat_movement=True
1,55,120,0.1,rat_movement=True
1,78,100,0.2,rat_movement=True
1,125,200,0.3,rat_movement=True
1,1147,980,1.0,rat_movement=True
1,211,240,0.4,rat_movement=True
1,227,240,0.7,rat_movement=True
1,117,100,0.8,rat_movement=True
1,314,300,1.0,rat_movement=True
1,202,280,0.0,rat_movement=True
1,864,980,0.5,rat_movement=True
1,29,60,0.03,rat_movement=True
1,66,200,0.01,rat_movement=True
1,67,80,0.05,rat_movement=True
1,202,340,0.07,rat_movement=True
1,25,40,0.1,rat_movement=True
1,1480,1120,0.6,rat_movement=True
1,163,340,0.09,rat_movement=True
1,1065,1020,0.9,rat_movement=True
1,110,160,0.2,rat_movement=True
1,36,40,0.6,rat_movement=True
1,53,40,0.5,rat_movement=True
1,201,140,0.4,rat_movement=True
1,227,200,0.7,rat_movement=True
1,133,220,0.9,rat_movement=True
1,581,780,0.3,rat_movement=True
1,60,120,1.0,rat_movement=True
1,105,180,0.0,rat_movement=True
1,22,40,0.03,rat_movement=True
1,138,160,0.05,rat_movement=True
1,8,40,0.07,rat_movement=True
1,343,500,0.01,rat_movement=True
1,874,740,0.8,rat_movement=True
1,4,20,0.1,rat_movement=True
1,74,100,0.09,rat_movement=True
1,245,220,0.3,rat_movement=True
1,301,360,0.2,rat_movement=True
1,219,180,0.4,rat_movement=True
1,101,140,0.5,rat_movement=True
1,70,60,0.7,rat_movement=True
1,47,40,1.0,rat_movement=True
1,283,260,0.6,rat_movement=True
1,39,20,0.01,rat_movement=True
1,31,60,0.03,rat_movement=True
1,109,180,0.05,rat_movement=True
1,446,460,0.9,rat_movement=True
1,13,40,0.09,rat_movement=True
1,708,600,0.8,rat_movement=True
1,60,80,0.1,rat_movement=True
1,282,460,0.07,rat_movement=True
1,116,140,0.2,rat_movement=True
1,8,20,0.4,rat_movement=True
1,62,140,0.3,rat_movement=True
1,24,40,0.6,rat_movement=True
1,110,100,0.8,rat_movement=True
1,278,240,0.5,rat_movement=True
1,233,240,0.7,rat_movement=True
1,46,60,1.0,rat_movement=True
1,150,220,0.0,rat_movement=True
1,295,280,0.9,rat_movement=True
1,31,80,0.03,rat_movement=True
1,157,100,0.01,rat_movement=True
1,55,40,0.07,rat_movement=True
1,96,260,0.09,rat_movement=True
1,246,280,0.05,rat_movement=True
1,75,140,0.1,rat_movement=True
1,53,120,0.2,rat_movement=True
1,27,40,0.3,rat_movement=True
1,236,200,0.4,rat_movement=True
1,65,80,0.8,rat_movement=True
1,356,300,0.6,rat_movement=True
1,355,400,0.7,rat_movement=True
1,88,80,0.0,rat_movement=True
1,43,80,0.03,rat_movement=True
1,81,100,0.01,rat_movement=True
1,178,120,1.0,rat_movement=True
1,406,400,0.9,rat_movement=True
1,111,180,0.05,rat_movement=True
1,34,80,0.07,rat_movement=True
1,51,100,0.09,rat_movement=True
1,1013,840,0.5,rat_movement=True
1,231,380,0.1,rat_movement=True
1,28,80,0.3,rat_movement=True
1,291,280,0.2,rat_movement=True
1,188,180,0.4,rat_movement=True
1,88,120,0.6,rat_movement=True
1,54,40,0.7,rat_movement=True
1,11,100,0.9,rat_movement=True
1,129,240,0.8,rat_movement=True
1,147,300,0.01,rat_movement=True
1,29,60,0.05,rat_movement=True
1,920,900,0.5,rat_movement=True
1,561,680,1.0,rat_movement=True
1,46,60,0.09,rat_movement=True
1,668,900,0.0,rat_movement=True
1,459,740,0.03,rat_movement=True
1,9,20,0.2,rat_movement=True
1,424,640,0.07,rat_movement=True
1,87,60,0.3,rat_movement=True
1,89,120,0.4,rat_movement=True
1,171,180,0.6,rat_movement=True
1,226,320,0.5,rat_movement=True
1,50,40,0.8,rat_movement=True
1,120,180,0.7,rat_movement=True
1,428,620,0.1,rat_movement=True
1,25,40,0.01,rat_movement=True
1,80,80,1.0,rat_movement=True
1,44,60,0.03,rat_movement=True
1,105,160,0.05,rat_movement=True
1,50,60,0.1,rat_movement=True
1,312,360,0.9,rat_movement=True
1,170,240,0.07,rat_movement=True
1,68,60,0.2,rat_movement=True
1,30,60,0.4,rat_movement=True
1,25,60,0.5,rat_movement=True
1,124,160,0.3,rat_movement=True
1,252,440,0.09,rat_movement=True
1,58,80,0.6,rat_movement=True
1,50,40,0.7,rat_movement=True
1,21,20,0.9,rat_movement=True
1,169,180,0.8,rat_movement=True
1,16,20,1.0,rat_movement=True
1,29,20,0.01,rat_movement=True
1,809,920,0.0,rat_movement=True
1,98,80,0.05,rat_movement=True
1,203,420,0.03,rat_movement=True
1,18,60,0.07,rat_movement=True
1,22,20,0.09,rat_movement=True
1,151,200,0.2,rat_movement=True
1,183,280,0.1,rat_movement=True
1,33,40,0.3,rat_movement=True
1,604,780,0.0,rat_movement=True
1,13,20,0.6,rat_movement=True
1,120,160,0.5,rat_movement=True
1,65,60,0.8,rat_movement=True
1,26,20,0.9,rat_movement=True
1,241,220,0.4,rat_movement=True
1,71,120,1.0,rat_movement=True
1,33,20,0.03,rat_movement=True
1,80,80,0.01,rat_movement=True
1,238,200,0.7,rat_movement=True
1,30,140,0.07,rat_movement=True
1,88,140,0.05,rat_movement=True
1,225,340,0.0,rat_movement=True
1,10,20,0.1,rat_movement=True
1,64,60,0.09,rat_movement=True
1,58,120,0.2,rat_movement=True
1,75,60,0.3,rat_movement=True
1,81,180,0.4,rat_movement=True
1,33,20,0.7,rat_movement=True
1,149,240,0.5,rat_movement=True
1,15,80,0.8,rat_movement=True
1,28,20,0.9,rat_movement=True
1,63,60,1.0,rat_movement=True
1,6,20,0.03,rat_movement=True
1,115,180,0.01,rat_movement=True
1,24,60,0.07,rat_movement=True
1,88,120,0.05,rat_movement=True
1,27,60,0.09,rat_movement=True
1,140,320,0.1,rat_movement=True
1,887,700,0.6,rat_movement=True
1,31,20,0.2,rat_movement=True
1,61,40,0.4,rat_movement=True
1,28,20,0.6,rat_movement=True
1,140,240,0.3,rat_movement=True
1,140,120,0.5,rat_movement=True
1,780,1000,0.0,rat_movement=True
1,114,140,0.7,rat_movement=True
1,50,40,0.9,rat_movement=True
1,53,60,0.0,rat_movement=True
1,86,160,0.01,rat_movement=True
1,6,40,0.05,rat_movement=True
1,57,140,0.07,rat_movement=True
1,189,360,0.03,rat_movement=True
1,132,180,0.09,rat_movement=True
1,30,20,0.1,rat_movement=True
1,585,720,0.8,rat_movement=True
1,42,60,0.3,rat_movement=True
1,199,420,0.2,rat_movement=True
1,114,80,0.4,rat_movement=True
1,47,100,0.5,rat_movement=True
1,1025,1020,1.0,rat_movement=True
1,47,60,0.7,rat_movement=True
1,147,120,0.6,rat_movement=True
1,11,20,0.9,rat_movement=True
1,60,40,0.8,rat_movement=True
1,36,20,1.0,rat_movement=True
1,19,20,0.01,rat_movement=True
1,58,80,0.05,rat_movement=True
1,319,360,0.03,rat_movement=True
1,17,20,0.1,rat_movement=True
1,170,280,0.07,rat_movement=True
1,660,780,0.0,rat_movement=True
1,257,460,0.09,rat_movement=True
1,163,240,0.2,rat_movement=True
1,8,20,0.4,rat_movement=True
1,114,100,0.3,rat_movement=True
1,41,40,0.7,rat_movement=True
1,301,340,0.5,rat_movement=True
1,123,200,1.0,rat_movement=True
1,237,220,0.8,rat_movement=True
1,126,220,0.01,rat_movement=True
1,108,100,0.03,rat_movement=True
1,7,20,0.05,rat_movement=True
1,806,620,0.6,rat_movement=True
1,123,120,0.07,rat_movement=True
1,68,80,0.09,rat_movement=True
1,842,720,0.9,rat_movement=True
1,68,160,0.1,rat_movement=True
1,1149,1180,0.0,rat_movement=True
1,178,400,0.2,rat_movement=True
1,122,120,0.5,rat_movement=True
1,93,180,0.6,rat_movement=True
1,190,260,0.4,rat_movement=True
1,449,380,0.3,rat_movement=True
1,58,60,0.9,rat_movement=True
1,424,400,0.8,rat_movement=True
1,180,180,1.0,rat_movement=True
1,136,80,0.01,rat_movement=True
1,556,760,0.7,rat_movement=True
1,15,40,0.07,rat_movement=True
1,56,140,0.09,rat_movement=True
1,190,340,0.03,rat_movement=True
1,145,200,0.05,rat_movement=True
1,161,300,0.1,rat_movement=True
1,144,140,0.3,rat_movement=True
1,82,160,0.4,rat_movement=True
1,28,20,0.6,rat_movement=True
1,205,260,0.2,rat_movement=True
1,51,140,0.5,rat_movement=True
1,100,120,0.8,rat_movement=True
1,54,80,0.9,rat_movement=True
1,23,60,0.0,rat_movement=True
1,18,20,0.01,rat_movement=True
1,487,560,0.7,rat_movement=True
1,198,240,0.03,rat_movement=True
1,50,80,0.07,rat_movement=True
1,1332,1480,0.0,rat_movement=True
1,206,360,0.05,rat_movement=True
1,148,180,0.09,rat_movement=True
1,13,20,0.1,rat_movement=True
1,108,240,0.2,rat_movement=True
1,84,120,0.3,rat_movement=True
1,161,180,0.4,rat_movement=True
1,195,320,0.5,rat_movement=True
1,266,240,0.6,rat_movement=True
1,41,60,0.7,rat_movement=True
1,415,420,0.8,rat_movement=True
1,89,200,0.01,rat_movement=True
1,311,280,1.0,rat_movement=True
1,69,40,0.03,rat_movement=True
1,448,700,0.9,rat_movement=True
1,121,180,0.05,rat_movement=True
1,493,620,0.0,rat_movement=True
1,29,40,0.07,rat_movement=True
1,80,100,0.1,rat_movement=True
1,33,40,0.2,rat_movement=True
1,268,300,0.09,rat_movement=True
1,12,40,0.4,rat_movement=True
1,117,80,0.5,rat_movement=True
1,23,20,0.6,rat_movement=True
1,217,260,0.3,rat_movement=True
1,229,280,0.9,rat_movement=True
1,20,20,0.0,rat_movement=True
1,519,480,0.8,rat_movement=True
1,37,160,0.03,rat_movement=True
1,582,1000,0.7,rat_movement=True
1,33,40,0.05,rat_movement=True
1,85,120,0.07,rat_movement=True
1,41,100,0.09,rat_movement=True
1,304,440,0.01,rat_movement=True
1,79,80,0.1,rat_movement=True
1,120,100,0.2,rat_movement=True
1,163,160,0.4,rat_movement=True
1,16,60,0.5,rat_movement=True
1,280,360,0.3,rat_movement=True
1,20,20,0.7,rat_movement=True
1,339,320,0.6,rat_movement=True
1,19,20,0.9,rat_movement=True
1,289,240,0.8,rat_movement=True
1,379,360,1.0,rat_movement=True
1,437,480,0.0,rat_movement=True
1,49,100,0.05,rat_movement=True
1,45,20,0.07,rat_movement=True
1,199,260,0.03,rat_movement=True
1,94,100,0.09,rat_movement=True
1,95,120,0.1,rat_movement=True
1,5,40,0.2,rat_movement=True
1,11,20,0.3,rat_movement=True
1,50,120,0.4,rat_movement=True
1,63,120,0.5,rat_movement=True
1,10,40,0.7,rat_movement=True
1,353,400,0.6,rat_movement=True
1,385,360,0.8,rat_movement=True
1,279,380,0.9,rat_movement=True
1,24,100,0.05,rat_movement=True
1,105,120,0.03,rat_movement=True
1,220,240,0.0,rat_movement=True
1,61,80,0.09,rat_movement=True
1,203,480,0.01,rat_movement=True
1,90,140,0.1,rat_movement=True
1,40,40,0.3,rat_movement=True
1,263,380,0.07,rat_movement=True
1,82,80,0.2,rat_movement=True
1,29,20,0.5,rat_movement=True
1,202,300,0.4,rat_movement=True
1,1032,780,1.0,rat_movement=True
1,269,240,0.6,rat_movement=True
1,246,320,0.7,rat_movement=True
1,105,100,0.0,rat_movement=True
1,388,400,0.9,rat_movement=True
1,111,140,0.01,rat_movement=True
1,507,520,0.8,rat_movement=True
1,105,260,0.03,rat_movement=True
1,59,120,0.05,rat_movement=True
1,29,60,0.09,rat_movement=True
1,76,220,0.07,rat_movement=True
1,109,160,0.1,rat_movement=True
1,96,100,0.2,rat_movement=True
1,99,260,0.3,rat_movement=True
1,1181,1080,1.0,rat_movement=True
1,454,420,0.4,rat_movement=True
1,44,40,0.7,rat_movement=True
1,48,60,0.8,rat_movement=True
1,373,300,0.5,rat_movement=True
1,297,360,0.6,rat_movement=True
1,45,60,0.0,rat_movement=True
1,119,220,1.0,rat_movement=True
1,46,80,0.01,rat_movement=True
1,179,220,0.03,rat_movement=True
1,8,40,0.07,rat_movement=True
1,131,140,0.09,rat_movement=True
1,33,100,0.1,rat_movement=True
1,107,80,0.2,rat_movement=True
1,446,580,0.05,rat_movement=True
1,66,180,0.4,rat_movement=True
1,173,180,0.3,rat_movement=True
1,29,80,0.5,rat_movement=True
1,1066,940,0.9,rat_movement=True
1,31,120,0.7,rat_movement=True
1,235,400,0.6,rat_movement=True
1,221,280,0.8,rat_movement=True
1,238,440,0.9,rat_movement=True
1,108,80,1.0,rat_movement=True
1,35,40,0.01,rat_movement=True
1,38,40,0.05,rat_movement=True
1,276,380,0.03,rat_movement=True
1,52,120,0.09,rat_movement=True
1,15,40,0.1,rat_movement=True
1,289,520,0.07,rat_movement=True
1,115,120,0.3,rat_movement=True
1,86,140,0.4,rat_movement=True
1,101,60,0.5,rat_movement=True
1,183,140,0.7,rat_movement=True
1,388,360,0.6,rat_movement=True
1,22,20,0.8,rat_movement=True
1,1175,1300,0.0,rat_movement=True
1,137,300,0.9,rat_movement=True
1,767,1020,0.2,rat_movement=True
1,15,20,0.01,rat_movement=True
1,90,120,0.03,rat_movement=True
1,555,580,1.0,rat_movement=True
1,504,640,0.0,rat_movement=True
1,97,120,0.07,rat_movement=True
1,256,380,0.05,rat_movement=True
1,36,40,0.2,rat_movement=True
1,108,120,0.1,rat_movement=True
1,22,20,0.4,rat_movement=True
1,107,200,0.3,rat_movement=True
1,245,520,0.09,rat_movement=True
1,44,40,0.7,rat_movement=True
1,19,20,0.8,rat_movement=True
1,218,280,0.5,rat_movement=True
1,320,300,0.6,rat_movement=True
1,83,60,0.9,rat_movement=True
1,92,100,0.0,rat_movement=True
1,148,140,1.0,rat_movement=True
1,176,240,0.01,rat_movement=True
1,72,80,0.07,rat_movement=True
1,123,260,0.03,rat_movement=True
1,50,40,0.1,rat_movement=True
1,180,260,0.05,rat_movement=True
1,29,60,0.2,rat_movement=True
1,54,80,0.3,rat_movement=True
1,4,20,0.4,rat_movement=True
1,151,300,0.09,rat_movement=True
1,141,120,0.5,rat_movement=True
1,199,220,0.6,rat_movement=True
1,240,280,0.7,rat_movement=True
1,51,40,0.9,rat_movement=True
1,82,100,1.0,rat_movement=True
1,59,60,0.01,rat_movement=True
1,249,240,0.8,rat_movement=True
1,165,260,0.03,rat_movement=True
1,107,80,0.05,rat_movement=True
1,22,20,0.07,rat_movement=True
1,22,60,0.09,rat_movement=True
1,25,60,0.1,rat_movement=True
1,62,60,0.2,rat_movement=True
1,60,120,0.3,rat_movement=True
1,44,40,0.6,rat_movement=True
1,232,240,0.4,rat_movement=True
1,366,380,0.5,rat_movement=True
1,205,240,0.7,rat_movement=True
1,188,300,0.8,rat_movement=True
1,214,300,0.9,rat_movement=True
1,1294,1540,0.0,rat_movement=True
1,25,60,0.01,rat_movement=True
1,290,340,1.0,rat_movement=True
1,74,100,0.03,rat_movement=True
1,80,140,0.05,rat_movement=True
1,494,620,0.0,rat_movement=True
1,78,40,0.09,rat_movement=True
1,15,60,0.1,rat_movement=True
1,186,340,0.07,rat_movement=True
1,13,20,0.3,rat_movement=True
1,118,240,0.2,rat_movement=True
1,53,60,0.5,rat_movement=True
1,157,220,0.4,rat_movement=True
1,30,20,0.7,rat_movement=True
1,132,180,0.9,rat_movement=True
1,114,140,1.0,rat_movement=True
1,478,740,0.6,rat_movement=True
1,35,60,0.05,rat_movement=True
1,97,100,0.03,rat_movement=True
1,196,240,0.01,rat_movement=True
1,11,20,0.1,rat_movement=True
1,96,240,0.07,rat_movement=True
1,120,300,0.09,rat_movement=True
1,61,60,0.3,rat_movement=True
1,120,160,0.2,rat_movement=True
1,872,820,0.8,rat_movement=True
1,534,660,0.0,rat_movement=True
1,8,20,0.8,rat_movement=True
1,187,280,0.5,rat_movement=True
1,270,240,0.4,rat_movement=True
1,60,140,0.9,rat_movement=True
1,42,140,1.0,rat_movement=True
1,20,20,0.01,rat_movement=True
1,8,20,0.03,rat_movement=True
1,280,240,0.6,rat_movement=True
1,44,40,0.05,rat_movement=True
1,413,420,0.7,rat_movement=True
1,46,80,0.09,rat_movement=True
1,91,100,0.07,rat_movement=True
1,73,80,0.1,rat_movement=True
1,82,120,0.2,rat_movement=True
1,97,80,0.3,rat_movement=True
1,115,80,0.4,rat_movement=True
1,193,180,0.6,rat_movement=True
1,663,800,0.0,rat_movement=True
1,250,300,0.7,rat_movement=True
1,340,440,0.5,rat_movement=True
1,61,60,1.0,rat_movement=True
1,334,420,0.8,rat_movement=True
1,273,400,0.9,rat_movement=True
1,68,80,0.01,rat_movement=True
1,139,80,0.03,rat_movement=True
1,105,200,0.05,rat_movement=True
1,413,540,0.0,rat_movement=True
1,78,100,0.07,rat_movement=True
1,81,80,0.1,rat_movement=True
1,20,40,0.2,rat_movement=True
1,117,180,0.09,rat_movement=True
1,31,60,0.3,rat_movement=True
1,30,60,0.4,rat_movement=True
1,329,360,0.5,rat_movement=True
1,60,80,0.9,rat_movement=True
1,297,300,0.7,rat_movement=True
1,267,300,0.8,rat_movement=True
1,182,300,0.01,rat_movement=True
1,57,40,0.03,rat_movement=True
1,113,100,0.05,rat_movement=True
1,478,460,1.0,rat_movement=True
1,32,40,0.1,rat_movement=True
1,59,80,0.2,rat_movement=True
1,101,80,0.3,rat_movement=True
1,301,340,0.07,rat_movement=True
1,83,60,0.4,rat_movement=True
1,63,60,0.6,rat_movement=True
1,17,60,0.7,rat_movement=True
1,514,800,0.09,rat_movement=True
1,372,520,0.5,rat_movement=True
1,257,280,0.8,rat_movement=True
1,1634,1520,0.6,rat_movement=True
1,12,20,0.01,rat_movement=True
1,555,560,0.9,rat_movement=True
1,1698,2180,0.0,rat_movement=True
1,525,500,1.0,rat_movement=True
1,528,640,0.0,rat_movement=True
1,513,900,0.03,rat_movement=True
1,83,180,0.09,rat_movement=True
1,136,300,0.07,rat_movement=True
1,186,220,0.05,rat_movement=True
1,30,40,0.1,rat_movement=True
1,172,220,0.2,rat_movement=True
1,41,20,0.4,rat_movement=True
1,133,120,0.5,rat_movement=True
1,467,540,0.3,rat_movement=True
1,200,220,0.7,rat_movement=True
1,308,400,0.6,rat_movement=True
1,515,480,0.8,rat_movement=True
1,257,280,0.9,rat_movement=True
1,215,220,1.0,rat_movement=True
1,122,240,0.03,rat_movement=True
1,26,60,0.05,rat_movement=True
1,97,100,0.07,rat_movement=True
1,9,60,0.09,rat_movement=True
1,543,680,0.0,rat_movement=True
1,34,60,0.1,rat_movement=True
1,25,60,0.3,rat_movement=True
1,179,240,0.2,rat_movement=True
1,35,40,0.4,rat_movement=True
1,67,100,0.5,rat_movement=True
1,1006,1220,0.01,rat_movement=True
1,24,20,0.7,rat_movement=True
1,230,240,0.6,rat_movement=True
1,287,480,0.8,rat_movement=True
1,164,260,0.9,rat_movement=True
1,213,200,1.0,rat_movement=True
1,335,480,0.0,rat_movement=True
1,277,360,0.01,rat_movement=True
1,81,100,0.05,rat_movement=True
1,255,320,0.03,rat_movement=True
1,134,200,0.07,rat_movement=True
1,97,160,0.09,rat_movement=True
1,70,180,0.1,rat_movement=True
1,24,60,0.2,rat_movement=True
1,109,80,0.3,rat_movement=True
1,111,80,0.4,rat_movement=True
1,28,80,0.5,rat_movement=True
1,27,40,0.6,rat_movement=True
1,79,60,0.7,rat_movement=True
1,44,40,0.9,rat_movement=True
1,244,360,0.8,rat_movement=True
1,302,440,1.0,rat_movement=True
1,222,300,0.0,rat_movement=True
1,92,160,0.03,rat_movement=True
1,259,440,0.01,rat_movement=True
1,29,20,0.07,rat_movement=True
1,150,180,0.05,rat_movement=True
1,28,20,0.1,rat_movement=True
1,40,40,0.3,rat_movement=True
1,41,40,0.4,rat_movement=True
1,271,420,0.09,rat_movement=True
1,282,460,0.2,rat_movement=True
1,281,360,0.6,rat_movement=True
1,637,520,0.5,rat_movement=True
1,228,220,0.7,rat_movement=True
1,128,200,0.9,rat_movement=True
1,236,240,0.8,rat_movement=True
1,91,140,0.0,rat_movement=True
1,35,40,0.03,rat_movement=True
1,127,200,0.01,rat_movement=True
1,87,60,0.05,rat_movement=True
1,25,40,0.07,rat_movement=True
1,83,100,0.09,rat_movement=True
1,382,540,1.0,rat_movement=True
1,35,20,0.2,rat_movement=True
1,41,60,0.3,rat_movement=True
1,119,180,0.1,rat_movement=True
1,33,40,0.4,rat_movement=True
1,109,140,0.5,rat_movement=True
1,227,200,0.6,rat_movement=True
1,26,20,0.9,rat_movement=True
1,83,80,1.0,rat_movement=True
1,304,300,0.7,rat_movement=True
1,26,100,0.03,rat_movement=True
1,372,340,0.8,rat_movement=True
1,69,80,0.05,rat_movement=True
1,237,340,0.0,rat_movement=True
1,50,60,0.1,rat_movement=True
1,72,140,0.2,rat_movement=True
1,408,600,0.01,rat_movement=True
1,15,40,0.3,rat_movement=True
1,60,100,0.4,rat_movement=True
1,256,420,0.09,rat_movement=True
1,102,100,0.5,rat_movement=True
1,378,680,0.07,rat_movement=True
1,280,320,0.7,rat_movement=True
1,316,340,0.8,rat_movement=True
1,85,80,1.0,rat_movement=True
1,608,780,0.6,rat_movement=True
1,23,20,0.01,rat_movement=True
1,110,180,0.0,rat_movement=True
1,268,460,0.03,rat_movement=True
1,70,220,0.07,rat_movement=True
1,311,480,0.05,rat_movement=True
1,15,20,0.2,rat_movement=True
1,16,20,0.3,rat_movement=True
1,186,280,0.09,rat_movement=True
1,935,880,0.9,rat_movement=True
1,199,380,0.1,rat_movement=True
1,65,40,0.5,rat_movement=True
1,130,100,0.6,rat_movement=True
1,62,60,0.9,rat_movement=True
1,221,220,0.7,rat_movement=True
1,225,180,0.8,rat_movement=True
1,47,40,0.0,rat_movement=True
1,399,740,0.4,rat_movement=True
1,53,80,0.03,rat_movement=True
1,188,240,0.05,rat_movement=True
1,38,40,0.07,rat_movement=True
1,64,140,0.09,rat_movement=True
1,512,560,0.01,rat_movement=True
1,76,80,0.1,rat_movement=True
1,72,40,0.3,rat_movement=True
1,1,20,0.4,rat_movement=True
1,217,340,0.2,rat_movement=True
1,38,40,0.6,rat_movement=True
1,1373,1140,1.0,rat_movement=True
1,176,220,0.5,rat_movement=True
1,202,260,0.7,rat_movement=True
1,170,300,0.8,rat_movement=True
1,45,80,0.0,rat_movement=True
1,82,160,0.01,rat_movement=True
1,304,360,0.9,rat_movement=True
1,161,180,0.03,rat_movement=True
1,249,460,0.05,rat_movement=True
1,45,100,0.07,rat_movement=True
1,99,100,0.09,rat_movement=True
1,45,60,0.1,rat_movement=True
1,115,180,0.2,rat_movement=True
1,170,280,0.3,rat_movement=True
1,124,180,0.4,rat_movement=True
1,175,300,0.5,rat_movement=True
1,147,120,0.6,rat_movement=True
1,32,100,0.7,rat_movement=True
1,201,180,0.8,rat_movement=True
1,78,120,1.0,rat_movement=True
1,145,140,0.01,rat_movement=True
1,280,460,0.0,rat_movement=True
1,112,120,0.05,rat_movement=True
1,67,60,0.07,rat_movement=True
1,889,760,0.9,rat_movement=True
1,259,360,0.09,rat_movement=True
1,129,120,0.1,rat_movement=True
1,590,1020,0.03,rat_movement=True
1,150,180,0.3,rat_movement=True
1,114,100,0.4,rat_movement=True
1,372,580,0.2,rat_movement=True
1,232,260,0.5,rat_movement=True
1,147,300,0.6,rat_movement=True
1,75,80,0.8,rat_movement=True
1,266,220,0.7,rat_movement=True
1,1,20,0.0,rat_movement=True
1,60,60,0.01,rat_movement=True
1,305,360,0.9,rat_movement=True
1,81,120,0.03,rat_movement=True
1,32,20,0.05,rat_movement=True
1,460,460,1.0,rat_movement=True
1,46,100,0.09,rat_movement=True
1,40,20,0.1,rat_movement=True
1,29,20,0.2,rat_movement=True
1,201,280,0.07,rat_movement=True
1,39,140,0.3,rat_movement=True
1,142,140,0.5,rat_movement=True
1,224,280,0.4,rat_movement=True
1,38,120,0.8,rat_movement=True
1,172,180,0.7,rat_movement=True
1,58,100,1.0,rat_movement=True
1,365,320,0.6,rat_movement=True
1,111,160,0.9,rat_movement=True
1,195,180,0.0,rat_movement=True
1,57,60,0.03,rat_movement=True
1,88,100,0.05,rat_movement=True
1,262,380,0.01,rat_movement=True
1,140,260,0.07,rat_movement=True
1,147,260,0.09,rat_movement=True
1,179,220,0.1,rat_movement=True
1,32,80,0.3,rat_movement=True
1,172,260,0.2,rat_movement=True
1,3,20,0.6,rat_movement=True
1,166,220,0.5,rat_movement=True
1,247,220,0.4,rat_movement=True
1,142,120,0.7,rat_movement=True
1,66,60,0.8,rat_movement=True
1,54,80,0.9,rat_movement=True
1,23,20,1.0,rat_movement=True
1,71,100,0.01,rat_movement=True
1,202,280,0.0,rat_movement=True
1,124,240,0.03,rat_movement=True
1,77,140,0.07,rat_movement=True
1,148,200,0.05,rat_movement=True
1,73,120,0.09,rat_movement=True
1,63,60,0.1,rat_movement=True
1,103,120,0.2,rat_movement=True
1,47,100,0.3,rat_movement=True
1,46,40,0.4,rat_movement=True
1,29,120,0.5,rat_movement=True
1,180,160,0.6,rat_movement=True
1,248,220,0.7,rat_movement=True
1,123,240,0.8,rat_movement=True
1,99,80,0.9,rat_movement=True
1,9,20,1.0,rat_movement=True
1,69,120,0.0,rat_movement=True
1,42,40,0.03,rat_movement=True
1,280,280,0.01,rat_movement=True
1,132,300,0.05,rat_movement=True
1,76,80,0.07,rat_movement=True
1,42,40,0.1,rat_movement=True
1,92,240,0.09,rat_movement=True
1,97,120,0.2,rat_movement=True
1,293,420,0.3,rat_movement=True
1,262,260,0.5,rat_movement=True
1,181,200,0.6,rat_movement=True
1,94,80,0.8,rat_movement=True
1,533,460,0.4,rat_movement=True
1,208,240,0.7,rat_movement=True
1,42,60,0.01,rat_movement=True
1,341,300,1.0,rat_movement=True
1,17,20,0.03,rat_movement=True
1,13,20,0.05,rat_movement=True
1,363,400,0.0,rat_movement=True
1,93,80,0.07,rat_movement=True
1,10,60,0.09,rat_movement=True
1,84,60,0.1,rat_movement=True
1,5,20,0.2,rat_movement=True
1,46,80,0.3,rat_movement=True
1,82,140,0.5,rat_movement=True
1,147,100,0.4,rat_movement=True
1,90,100,0.7,rat_movement=True
1,301,380,0.9,rat_movement=True
1,525,700,0.6,rat_movement=True
1,12,40,0.01,rat_movement=True
1,214,180,1.0,rat_movement=True
1,93,160,0.03,rat_movement=True
1,259,420,0.0,rat_movement=True
1,108,160,0.05,rat_movement=True
1,823,840,0.8,rat_movement=True
1,75,100,0.09,rat_movement=True
1,87,180,0.1,rat_movement=True
1,47,120,0.3,rat_movement=True
1,0,0,0.4,rat_movement=True
1,191,260,0.2,rat_movement=True
1,495,800,0.07,rat_movement=True
1,35,60,0.6,rat_movement=True
1,20,20,0.7,rat_movement=True
1,183,360,0.5,rat_movement=True
1,79,100,1.0,rat_movement=True
1,239,240,0.8,rat_movement=True
1,179,160,0.9,rat_movement=True
1,47,40,0.01,rat_movement=True
1,135,200,0.03,rat_movement=True
1,28,20,0.07,rat_movement=True
1,130,180,0.05,rat_movement=True
1,168,160,0.09,rat_movement=True
1,97,200,0.1,rat_movement=True
1,47,120,0.2,rat_movement=True
1,100,260,0.3,rat_movement=True
1,64,40,0.4,rat_movement=True
1,144,140,0.6,rat_movement=True
1,290,380,0.7,rat_movement=True
1,204,320,0.8,rat_movement=True
1,1521,1820,0.0,rat_movement=True
1,65,80,0.9,rat_movement=True
1,484,760,0.5,rat_movement=True
1,108,180,0.01,rat_movement=True
1,13,40,0.05,rat_movement=True
1,188,240,0.0,rat_movement=True
1,130,180,0.03,rat_movement=True
1,82,80,0.09,rat_movement=True
1,105,200,0.07,rat_movement=True
1,76,80,0.1,rat_movement=True
1,103,80,0.2,rat_movement=True
1,94,140,0.3,rat_movement=True
1,534,560,1.0,rat_movement=True
1,27,80,0.6,rat_movement=True
1,99,160,0.5,rat_movement=True
1,13,20,0.8,rat_movement=True
1,15,20,1.0,rat_movement=True
1,241,220,0.7,rat_movement=True
1,336,640,0.4,rat_movement=True
1,36,40,0.03,rat_movement=True
1,76,40,0.01,rat_movement=True
1,51,60,0.05,rat_movement=True
1,83,100,0.07,rat_movement=True
1,42,120,0.09,rat_movement=True
1,332,360,0.0,rat_movement=True
1,30,60,0.1,rat_movement=True
1,139,160,0.4,rat_movement=True
1,16,60,0.6,rat_movement=True
1,256,460,0.2,rat_movement=True
1,96,140,0.5,rat_movement=True
1,989,860,0.9,rat_movement=True
1,59,100,0.9,rat_movement=True
1,251,220,0.7,rat_movement=True
1,221,220,0.8,rat_movement=True
1,17,20,0.03,rat_movement=True
1,665,860,0.3,rat_movement=True
1,307,480,0.01,rat_movement=True
1,64,60,0.07,rat_movement=True
1,569,600,0.0,rat_movement=True
1,392,460,0.05,rat_movement=True
1,125,160,0.09,rat_movement=True
1,131,280,0.1,rat_movement=True
1,64,100,0.2,rat_movement=True
1,937,1060,1.0,rat_movement=True
1,23,140,0.3,rat_movement=True
1,77,100,0.5,rat_movement=True
1,22,80,0.7,rat_movement=True
1,351,320,0.4,rat_movement=True
1,195,200,0.8,rat_movement=True
1,29,40,0.0,rat_movement=True
1,245,240,0.9,rat_movement=True
1,51,40,0.01,rat_movement=True
1,611,540,0.6,rat_movement=True
1,16,40,0.03,rat_movement=True
1,25,40,0.05,rat_movement=True
1,122,180,0.1,rat_movement=True
1,225,380,0.09,rat_movement=True
1,98,160,0.2,rat_movement=True
1,482,780,0.07,rat_movement=True
1,132,240,0.4,rat_movement=True
1,269,260,0.3,rat_movement=True
1,1237,1020,1.0,rat_movement=True
1,136,260,0.7,rat_movement=True
1,70,60,0.8,rat_movement=True
1,10,20,1.0,rat_movement=True
1,486,540,0.6,rat_movement=True
1,254,260,0.9,rat_movement=True
1,810,700,0.5,rat_movement=True
1,34,60,0.01,rat_movement=True
1,72,60,0.03,rat_movement=True
1,406,560,0.0,rat_movement=True
1,68,100,0.09,rat_movement=True
1,380,620,0.07,rat_movement=True
1,99,160,0.1,rat_movement=True
1,615,920,0.05,rat_movement=True
1,100,120,0.2,rat_movement=True
1,92,100,0.5,rat_movement=True
1,380,300,0.3,rat_movement=True
1,13,20,0.7,rat_movement=True
1,32,20,0.8,rat_movement=True
1,14,20,1.0,rat_movement=True
1,493,580,0.6,rat_movement=True
1,733,700,0.4,rat_movement=True
1,137,160,0.0,rat_movement=True
1,1,20,0.03,rat_movement=True
1,66,120,0.05,rat_movement=True
1,574,500,0.9,rat_movement=True
1,40,40,0.07,rat_movement=True
1,378,540,0.01,rat_movement=True
1,112,100,0.09,rat_movement=True
1,43,80,0.2,rat_movement=True
1,129,180,0.1,rat_movement=True
1,65,60,0.3,rat_movement=True
1,39,40,0.4,rat_movement=True
1,203,140,0.5,rat_movement=True
1,57,60,0.8,rat_movement=True
1,341,400,0.6,rat_movement=True
1,293,360,0.7,rat_movement=True
1,124,160,1.0,rat_movement=True
1,245,280,0.9,rat_movement=True
1,11,40,0.03,rat_movement=True
1,110,140,0.01,rat_movement=True
1,69,80,0.05,rat_movement=True
1,61,60,0.07,rat_movement=True
1,74,140,0.09,rat_movement=True
1,220,340,0.1,rat_movement=True
1,84,80,0.2,rat_movement=True
1,59,160,0.3,rat_movement=True
1,1035,1220,0.0,rat_movement=True
1,118,140,0.6,rat_movement=True
1,310,320,0.4,rat_movement=True
1,43,60,0.8,rat_movement=True
1,219,220,0.9,rat_movement=True
1,47,40,1.0,rat_movement=True
1,648,720,0.5,rat_movement=True
1,29,20,0.01,rat_movement=True
1,126,240,0.03,rat_movement=True
1,44,100,0.05,rat_movement=True
1,14,40,0.07,rat_movement=True
1,82,80,0.09,rat_movement=True
1,837,800,0.7,rat_movement=True
1,509,780,0.0,rat_movement=True
1,117,140,0.1,rat_movement=True
1,110,80,0.4,rat_movement=True
1,99,60,0.5,rat_movement=True
1,202,360,0.3,rat_movement=True
1,270,480,0.2,rat_movement=True
1,206,180,0.6,rat_movement=True
1,107,100,0.9,rat_movement=True
1,103,140,1.0,rat_movement=True
1,441,380,0.7,rat_movement=True
1,301,480,0.8,rat_movement=True
1,106,100,0.01,rat_movement=True
1,78,80,0.03,rat_movement=True
1,110,320,0.05,rat_movement=True
1,11,20,0.1,rat_movement=True
1,106,240,0.09,rat_movement=True
1,223,400,0.07,rat_movement=True
1,23,40,0.3,rat_movement=True
1,61,100,0.2,rat_movement=True
1,73,80,0.4,rat_movement=True
1,111,140,0.5,rat_movement=True
1,19,20,0.8,rat_movement=True
1,4,20,0.9,rat_movement=True
1,258,220,0.7,rat_movement=True
1,554,540,0.6,rat_movement=True
1,1487,1720,0.0,rat_movement=True
1,20,20,0.01,rat_movement=True
1,114,100,0.03,rat_movement=True
1,212,340,0.0,rat_movement=True
1,36,40,0.07,rat_movement=True
1,37,60,0.09,rat_movement=True
1,293,520,0.05,rat_movement=True
1,81,120,0.1,rat_movement=True
1,49,60,0.2,rat_movement=True
1,39,80,0.4,rat_movement=True
1,190,220,0.3,rat_movement=True
1,116,100,0.5,rat_movement=True
1,282,300,0.6,rat_movement=True
1,279,300,0.7,rat_movement=True
1,75,60,0.9,rat_movement=True
1,115,160,0.01,rat_movement=True
1,288,220,1.0,rat_movement=True
1,57,40,0.05,rat_movement=True
1,937,880,0.8,rat_movement=True
1,6,20,0.07,rat_movement=True
1,144,320,0.03,rat_movement=True
1,80,100,0.09,rat_movement=True
1,15,20,0.2,rat_movement=True
1,67,100,0.1,rat_movement=True
1,137,140,0.3,rat_movement=True
1,726,820,0.0,rat_movement=True
1,357,580,0.4,rat_movement=True
1,159,140,0.8,rat_movement=True
1,469,540,0.7,rat_movement=True
1,69,60,1.0,rat_movement=True
1,51,80,0.0,rat_movement=True
1,317,320,0.9,rat_movement=True
1,800,740,0.6,rat_movement=True
1,79,120,0.03,rat_movement=True
1,62,100,0.05,rat_movement=True
1,134,200,0.01,rat_movement=True
1,73,120,0.07,rat_movement=True
1,134,180,0.1,rat_movement=True
1,4,40,0.2,rat_movement=True
1,287,280,0.09,rat_movement=True
1,38,120,0.3,rat_movement=True
1,34,20,0.4,rat_movement=True
1,125,100,0.6,rat_movement=True
1,304,360,0.5,rat_movement=True
1,60,60,0.0,rat_movement=True
1,362,340,0.7,rat_movement=True
1,276,280,0.8,rat_movement=True
1,130,180,0.01,rat_movement=True
1,348,320,0.9,rat_movement=True
1,123,160,0.05,rat_movement=True
1,16,20,0.07,rat_movement=True
1,76,60,0.09,rat_movement=True
1,508,940,0.03,rat_movement=True
1,244,300,0.1,rat_movement=True
1,26,20,0.2,rat_movement=True
1,52,80,0.3,rat_movement=True
1,188,200,0.4,rat_movement=True
1,178,400,0.5,rat_movement=True
1,351,400,0.6,rat_movement=True
1,72,140,0.9,rat_movement=True
1,491,520,0.7,rat_movement=True
1,403,280,0.8,rat_movement=True
1,234,280,1.0,rat_movement=True
1,69,100,0.03,rat_movement=True
1,53,140,0.07,rat_movement=True
1,403,540,0.0,rat_movement=True
1,71,140,0.09,rat_movement=True
1,94,100,0.1,rat_movement=True
1,54,60,0.2,rat_movement=True
1,68,220,0.3,rat_movement=True
1,686,760,0.01,rat_movement=True
1,0,0,0.5,rat_movement=True
1,71,100,0.4,rat_movement=True
1,147,140,0.6,rat_movement=True
1,117,100,0.7,rat_movement=True
1,33,40,0.9,rat_movement=True
1,828,1260,0.05,rat_movement=True
1,240,220,1.0,rat_movement=True
1,600,640,0.8,rat_movement=True
1,235,380,0.03,rat_movement=True
1,38,80,0.05,rat_movement=True
1,30,20,0.09,rat_movement=True
1,38,80,0.1,rat_movement=True
1,592,880,0.0,rat_movement=True
1,20,40,0.2,rat_movement=True
1,97,60,0.3,rat_movement=True
1,261,380,0.07,rat_movement=True
1,680,1060,0.01,rat_movement=True
1,91,120,0.4,rat_movement=True
1,93,120,0.5,rat_movement=True
1,160,140,0.6,rat_movement=True
1,8,40,0.7,rat_movement=True
1,17,20,0.8,rat_movement=True
1,26,20,1.0,rat_movement=True
1,223,200,0.9,rat_movement=True
1,2,20,0.03,rat_movement=True
1,80,120,0.01,rat_movement=True
1,25,20,0.05,rat_movement=True
1,45,80,0.09,rat_movement=True
1,73,140,0.2,rat_movement=True
1,90,140,0.1,rat_movement=True
1,88,140,0.3,rat_movement=True
1,328,500,0.07,rat_movement=True
1,35,20,0.5,rat_movement=True
1,514,800,0.0,rat_movement=True
1,85,180,0.4,rat_movement=True
1,75,60,0.7,rat_movement=True
1,186,240,0.6,rat_movement=True
1,104,180,1.0,rat_movement=True
1,576,700,0.9,rat_movement=True
1,65,140,0.03,rat_movement=True
1,863,700,0.8,rat_movement=True
1,86,120,0.05,rat_movement=True
1,47,100,0.09,rat_movement=True
1,129,140,0.07,rat_movement=True
1,110,100,0.2,rat_movement=True
1,602,960,0.01,rat_movement=True
1,158,240,0.1,rat_movement=True
1,41,60,0.3,rat_movement=True
1,45,60,0.4,rat_movement=True
1,65,60,0.6,rat_movement=True
1,41,40,0.7,rat_movement=True
1,1059,1260,0.0,rat_movement=True
1,129,120,0.8,rat_movement=True
1,95,100,0.9,rat_movement=True
1,320,500,0.5,rat_movement=True
1,137,140,1.0,rat_movement=True
1,62,60,0.01,rat_movement=True
1,57,100,0.07,rat_movement=True
1,195,400,0.05,rat_movement=True
1,282,580,0.03,rat_movement=True
1,87,80,0.09,rat_movement=True
1,44,40,0.1,rat_movement=True
1,32,60,0.2,rat_movement=True
1,198,240,0.3,rat_movement=True
1,989,1100,0.0,rat_movement=True
1,241,180,0.4,rat_movement=True
1,174,180,0.6,rat_movement=True
1,222,260,0.5,rat_movement=True
1,43,60,1.0,rat_movement=True
1,191,280,0.8,rat_movement=True
1,411,400,0.7,rat_movement=True
1,169,340,0.01,rat_movement=True
1,176,220,0.03,rat_movement=True
1,36,20,0.07,rat_movement=True
1,154,180,0.09,rat_movement=True
1,858,760,0.9,rat_movement=True
1,151,200,0.1,rat_movement=True
1,54,40,0.3,rat_movement=True
1,18,40,0.4,rat_movement=True
1,852,1160,0.0,rat_movement=True
1,149,260,0.2,rat_movement=True
1,28,20,0.6,rat_movement=True
1,49,80,0.7,rat_movement=True
1,4,20,0.8,rat_movement=True
1,282,380,0.5,rat_movement=True
1,224,180,0.9,rat_movement=True
1,18,40,0.01,rat_movement=True
1,364,400,1.0,rat_movement=True
1,1199,1620,0.05,rat_movement=True
1,68,100,0.05,rat_movement=True
1,10,60,0.07,rat_movement=True
1,41,40,0.09,rat_movement=True
1,9,60,0.1,rat_movement=True
1,28,60,0.2,rat_movement=True
1,481,600,0.0,rat_movement=True
1,427,500,0.03,rat_movement=True
1,73,100,0.3,rat_movement=True
1,40,60,0.4,rat_movement=True
1,21,20,0.6,rat_movement=True
1,79,120,0.5,rat_movement=True
1,16,60,0.7,rat_movement=True
1,27,40,0.8,rat_movement=True
1,330,500,0.9,rat_movement=True
1,296,320,1.0,rat_movement=True
1,81,120,0.03,rat_movement=True
1,209,360,0.01,rat_movement=True
1,65,60,0.07,rat_movement=True
1,101,140,0.05,rat_movement=True
1,71,140,0.09,rat_movement=True
1,41,80,0.1,rat_movement=True
1,8,20,0.2,rat_movement=True
1,123,160,0.3,rat_movement=True
1,750,840,0.0,rat_movement=True
1,39,40,0.5,rat_movement=True
1,133,160,0.4,rat_movement=True
1,81,60,0.7,rat_movement=True
1,109,120,0.9,rat_movement=True
1,54,120,1.0,rat_movement=True
1,201,200,0.8,rat_movement=True
1,689,560,0.6,rat_movement=True
1,127,180,0.03,rat_movement=True
1,101,80,0.05,rat_movement=True
1,65,40,0.09,rat_movement=True
1,421,600,0.01,rat_movement=True
1,284,540,0.07,rat_movement=True
1,74,80,0.1,rat_movement=True
1,56,100,0.2,rat_movement=True
1,29,60,0.3,rat_movement=True
1,103,140,0.4,rat_movement=True
1,38,40,0.6,rat_movement=True
1,216,280,0.5,rat_movement=True
1,268,260,0.7,rat_movement=True
1,147,280,0.8,rat_movement=True
1,252,220,0.9,rat_movement=True
1,267,280,1.0,rat_movement=True
1,170,320,0.01,rat_movement=True
1,56,60,0.03,rat_movement=True
1,68,100,0.05,rat_movement=True
1,102,260,0.07,rat_movement=True
1,5,20,0.09,rat_movement=True
1,177,280,0.1,rat_movement=True
1,42,60,0.2,rat_movement=True
1,116,280,0.3,rat_movement=True
1,385,420,0.4,rat_movement=True
1,48,40,0.6,rat_movement=True
1,42,40,0.7,rat_movement=True
1,476,660,0.5,rat_movement=True
1,157,180,0.8,rat_movement=True
1,98,60,1.0,rat_movement=True
1,19,40,0.01,rat_movement=True
1,54,60,0.0,rat_movement=True
1,234,220,0.9,rat_movement=True
1,51,40,0.05,rat_movement=True
1,26,60,0.07,rat_movement=True
1,209,220,0.09,rat_movement=True
1,29,20,0.2,rat_movement=True
1,221,260,0.1,rat_movement=True
1,362,480,0.03,rat_movement=True
1,48,40,0.4,rat_movement=True
1,100,100,0.6,rat_movement=True
1,423,740,0.3,rat_movement=True
1,57,40,0.7,rat_movement=True
1,384,620,0.5,rat_movement=True
1,42,60,0.0,rat_movement=True
1,92,280,0.01,rat_movement=True
1,56,100,0.05,rat_movement=True
1,147,180,0.03,rat_movement=True
1,53,60,0.07,rat_movement=True
1,83,140,0.09,rat_movement=True
1,627,740,0.9,rat_movement=True
1,40,60,0.1,rat_movement=True
1,599,560,1.0,rat_movement=True
1,41,60,0.2,rat_movement=True
1,173,320,0.3,rat_movement=True
1,1278,1100,0.8,rat_movement=True
1,68,80,0.5,rat_movement=True
1,6,40,0.7,rat_movement=True
1,36,40,0.8,rat_movement=True
1,74,80,1.0,rat_movement=True
1,313,280,0.6,rat_movement=True
1,731,1080,0.4,rat_movement=True
1,123,100,0.03,rat_movement=True
1,63,80,0.07,rat_movement=True
1,445,460,0.0,rat_movement=True
1,97,120,0.05,rat_movement=True
1,88,100,0.1,rat_movement=True
1,62,80,0.2,rat_movement=True
1,218,260,0.09,rat_movement=True
1,757,1020,0.01,rat_movement=True
1,61,120,0.5,rat_movement=True
1,579,540,0.3,rat_movement=True
1,6,20,0.8,rat_movement=True
1,23,20,0.9,rat_movement=True
1,350,560,0.4,rat_movement=True
1,263,360,0.6,rat_movement=True
1,96,220,1.0,rat_movement=True
1,97,60,0.01,rat_movement=True
1,367,400,0.7,rat_movement=True
1,46,160,0.05,rat_movement=True
1,282,300,0.0,rat_movement=True
1,138,180,0.03,rat_movement=True
1,60,100,0.07,rat_movement=True
1,8,40,0.1,rat_movement=True
1,82,140,0.09,rat_movement=True
1,188,160,0.2,rat_movement=True
1,90,100,0.3,rat_movement=True
1,47,40,0.5,rat_movement=True
1,200,220,0.4,rat_movement=True
1,288,340,0.6,rat_movement=True
1,91,80,0.8,rat_movement=True
1,251,220,0.7,rat_movement=True
1,137,120,0.9,rat_movement=True
1,43,180,0.01,rat_movement=True
1,64,100,0.03,rat_movement=True
1,383,300,1.0,rat_movement=True
1,24,40,0.05,rat_movement=True
1,113,140,0.07,rat_movement=True
1,59,100,0.09,rat_movement=True
1,449,500,0.1,rat_movement=True
1,23,20,0.2,rat_movement=True
1,105,120,0.3,rat_movement=True
1,97,80,0.4,rat_movement=True
1,5,20,0.5,rat_movement=True
1,161,120,0.6,rat_movement=True
1,80,60,0.8,rat_movement=True
1,295,300,0.7,rat_movement=True
1,88,160,0.01,rat_movement=True
1,119,240,0.03,rat_movement=True
1,375,340,0.9,rat_movement=True
1,43,60,0.07,rat_movement=True
1,353,480,1.0,rat_movement=True
1,40,60,0.09,rat_movement=True
1,74,120,0.1,rat_movement=True
1,408,520,0.0,rat_movement=True
1,286,440,0.05,rat_movement=True
1,90,140,0.2,rat_movement=True
1,79,60,0.3,rat_movement=True
1,223,240,0.5,rat_movement=True
1,324,580,0.4,rat_movement=True
1,27,40,0.7,rat_movement=True
1,21,20,0.9,rat_movement=True
1,428,380,0.6,rat_movement=True
1,183,220,0.8,rat_movement=True
1,52,60,0.01,rat_movement=True
1,37,60,0.03,rat_movement=True
1,440,380,1.0,rat_movement=True
1,4,20,0.05,rat_movement=True
1,43,40,0.07,rat_movement=True
1,39,100,0.09,rat_movement=True
1,43,60,0.1,rat_movement=True
1,15,20,0.2,rat_movement=True
1,63,100,0.3,rat_movement=True
1,128,140,0.4,rat_movement=True
1,1144,1200,0.0,rat_movement=True
1,48,40,0.7,rat_movement=True
1,327,440,0.5,rat_movement=True
1,73,160,0.9,rat_movement=True
1,6,20,1.0,rat_movement=True
1,274,360,0.6,rat_movement=True
1,230,200,0.8,rat_movement=True
1,117,180,0.01,rat_movement=True
1,146,240,0.03,rat_movement=True
1,73,220,0.05,rat_movement=True
1,50,120,0.07,rat_movement=True
1,119,180,0.1,rat_movement=True
1,202,420,0.09,rat_movement=True
1,114,120,0.2,rat_movement=True
1,49,140,0.3,rat_movement=True
1,8,20,0.4,rat_movement=True
1,782,760,0.0,rat_movement=True
1,149,200,0.5,rat_movement=True
1,235,180,0.6,rat_movement=True
1,266,280,0.7,rat_movement=True
1,238,280,0.8,rat_movement=True
1,114,200,0.0,rat_movement=True
1,113,100,0.01,rat_movement=True
1,5,40,0.03,rat_movement=True
1,502,460,0.9,rat_movement=True
1,25,20,0.05,rat_movement=True
1,19,40,0.07,rat_movement=True
1,128,120,0.1,rat_movement=True
1,767,700,1.0,rat_movement=True
1,117,240,0.2,rat_movement=True
1,52,40,0.4,rat_movement=True
1,17,20,0.5,rat_movement=True
1,439,520,0.09,rat_movement=True
1,321,580,0.3,rat_movement=True
1,92,100,1.0,rat_movement=True
1,174,160,0.9,rat_movement=True
1,225,380,0.8,rat_movement=True
1,15,60,0.01,rat_movement=True
1,69,140,0.05,rat_movement=True
1,152,180,0.03,rat_movement=True
1,76,100,0.07,rat_movement=True
1,616,600,0.7,rat_movement=True
1,63,140,0.09,rat_movement=True
1,35,60,0.1,rat_movement=True
1,929,660,0.6,rat_movement=True
1,75,80,0.2,rat_movement=True
1,25,80,0.3,rat_movement=True
1,128,100,0.4,rat_movement=True
1,8,20,0.5,rat_movement=True
1,112,140,0.6,rat_movement=True
1,32,120,0.7,rat_movement=True
1,1357,1520,0.0,rat_movement=True
1,368,380,0.9,rat_movement=True
1,472,460,0.8,rat_movement=True
1,22,20,0.01,rat_movement=True
1,134,180,0.03,rat_movement=True
1,622,560,1.0,rat_movement=True
1,97,160,0.07,rat_movement=True
1,14,20,0.1,rat_movement=True
1,565,640,0.0,rat_movement=True
1,206,320,0.09,rat_movement=True
1,65,100,0.3,rat_movement=True
1,144,400,0.2,rat_movement=True
1,40,80,0.5,rat_movement=True
1,525,640,0.05,rat_movement=True
1,70,120,0.7,rat_movement=True
1,308,460,0.4,rat_movement=True
1,54,80,0.9,rat_movement=True
1,96,100,1.0,rat_movement=True
1,487,380,0.8,rat_movement=True
1,114,160,0.01,rat_movement=True
1,105,120,0.03,rat_movement=True
1,989,1240,0.6,rat_movement=True
1,70,140,0.07,rat_movement=True
1,208,240,0.05,rat_movement=True
1,35,20,0.09,rat_movement=True
1,8,20,0.1,rat_movement=True
1,200,180,0.2,rat_movement=True
1,37,180,0.3,rat_movement=True
1,34,40,0.4,rat_movement=True
1,144,140,0.5,rat_movement=True
1,68,60,0.7,rat_movement=True
1,1721,1980,0.0,rat_movement=True
1,107,100,0.9,rat_movement=True
1,180,120,0.8,rat_movement=True
1,11,20,0.0,rat_movement=True
1,111,100,1.0,rat_movement=True
1,125,180,0.01,rat_movement=True
1,469,560,0.6,rat_movement=True
1,63,60,0.03,rat_movement=True
1,32,40,0.05,rat_movement=True
1,73,120,0.07,rat_movement=True
1,99,140,0.09,rat_movement=True
1,39,60,0.2,rat_movement=True
1,78,160,0.1,rat_movement=True
1,75,60,0.3,rat_movement=True
1,51,200,0.4,rat_movement=True
1,82,120,0.5,rat_movement=True
1,59,60,0.6,rat_movement=True
1,76,60,0.7,rat_movement=True
1,199,260,0.8,rat_movement=True
1,85,200,1.0,rat_movement=True
1,150,340,0.01,rat_movement=True
1,55,100,0.03,rat_movement=True
1,28,20,0.05,rat_movement=True
1,40,60,0.07,rat_movement=True
1,45,40,0.09,rat_movement=True
1,621,560,0.9,rat_movement=True
1,159,180,0.1,rat_movement=True
1,130,180,0.3,rat_movement=True
1,724,820,0.0,rat_movement=True
1,0,0,0.5,rat_movement=True
1,239,220,0.2,rat_movement=True
1,67,100,0.4,rat_movement=True
1,73,60,0.7,rat_movement=True
1,135,160,0.6,rat_movement=True
1,107,60,0.9,rat_movement=True
1,123,80,0.8,rat_movement=True
1,75,160,0.03,rat_movement=True
1,297,260,1.0,rat_movement=True
1,273,440,0.01,rat_movement=True
1,89,100,0.07,rat_movement=True
1,36,120,0.09,rat_movement=True
1,224,500,0.05,rat_movement=True
1,8,40,0.2,rat_movement=True
1,61,100,0.1,rat_movement=True
1,137,120,0.3,rat_movement=True
1,337,400,0.4,rat_movement=True
1,80,60,0.7,rat_movement=True
1,205,160,0.6,rat_movement=True
1,315,380,0.5,rat_movement=True
1,87,100,0.8,rat_movement=True
1,43,40,0.9,rat_movement=True
1,47,40,1.0,rat_movement=True
1,159,200,0.0,rat_movement=True
1,106,80,0.03,rat_movement=True
1,172,320,0.01,rat_movement=True
1,62,40,0.07,rat_movement=True
1,168,160,0.09,rat_movement=True
1,267,380,0.05,rat_movement=True
1,101,200,0.1,rat_movement=True
1,40,40,0.2,rat_movement=True
1,92,60,0.3,rat_movement=True
1,54,40,0.4,rat_movement=True
1,16,20,0.5,rat_movement=True
1,150,180,0.7,rat_movement=True
1,15,60,0.9,rat_movement=True
1,206,340,0.8,rat_movement=True
1,81,80,1.0,rat_movement=True
1,587,440,0.6,rat_movement=True
1,37,40,0.03,rat_movement=True
1,9,40,0.05,rat_movement=True
1,20,60,0.07,rat_movement=True
1,311,560,0.01,rat_movement=True
1,67,40,0.1,rat_movement=True
1,105,160,0.09,rat_movement=True
1,105,80,0.3,rat_movement=True
1,198,200,0.2,rat_movement=True
1,62,60,0.4,rat_movement=True
1,125,140,0.6,rat_movement=True
1,198,320,0.5,rat_movement=True
1,108,160,0.7,rat_movement=True
1,47,60,0.8,rat_movement=True
1,36,60,0.9,rat_movement=True
1,67,100,0.0,rat_movement=True
1,177,200,1.0,rat_movement=True
1,84,60,0.03,rat_movement=True
1,1675,1600,0.0,rat_movement=True
1,92,160,0.05,rat_movement=True
1,100,160,0.07,rat_movement=True
1,530,600,0.01,rat_movement=True
1,57,100,0.09,rat_movement=True
1,60,100,0.1,rat_movement=True
1,42,80,0.2,rat_movement=True
1,116,80,0.3,rat_movement=True
1,83,220,0.5,rat_movement=True
1,236,360,0.4,rat_movement=True
1,61,60,0.6,rat_movement=True
1,246,360,0.8,rat_movement=True
1,197,180,1.0,rat_movement=True
1,760,640,0.7,rat_movement=True
1,312,360,0.01,rat_movement=True
1,137,180,0.03,rat_movement=True
1,67,120,0.05,rat_movement=True
1,25,40,0.07,rat_movement=True
1,590,760,0.0,rat_movement=True
1,1006,880,0.9,rat_movement=True
1,47,100,0.2,rat_movement=True
1,87,140,0.1,rat_movement=True
1,223,320,0.09,rat_movement=True
1,91,80,0.3,rat_movement=True
1,58,40,0.5,rat_movement=True
1,31,20,0.7,rat_movement=True
1,85,200,0.6,rat_movement=True
1,289,500,0.4,rat_movement=True
1,95,120,0.8,rat_movement=True
1,56,40,0.9,rat_movement=True
1,277,280,1.0,rat_movement=True
1,310,340,0.0,rat_movement=True
1,82,80,0.01,rat_movement=True
1,47,60,0.05,rat_movement=True
1,31,40,0.07,rat_movement=True
1,246,300,0.03,rat_movement=True
1,92,100,0.09,rat_movement=True
1,161,340,0.1,rat_movement=True
1,126,160,0.2,rat_movement=True
1,89,80,0.3,rat_movement=True
1,138,160,0.4,rat_movement=True
1,41,80,0.7,rat_movement=True
1,178,180,0.5,rat_movement=True
1,129,160,0.6,rat_movement=True
1,127,100,0.9,rat_movement=True
1,155,100,0.8,rat_movement=True
1,10,20,0.0,rat_movement=True
1,147,200,1.0,rat_movement=True
1,68,100,0.01,rat_movement=True
1,20,60,0.03,rat_movement=True
1,63,120,0.05,rat_movement=True
1,110,300,0.07,rat_movement=True
1,45,100,0.09,rat_movement=True
1,53,60,0.1,rat_movement=True
1,35,80,0.2,rat_movement=True
1,68,60,0.4,rat_movement=True
1,192,260,0.3,rat_movement=True
1,71,80,0.5,rat_movement=True
1,186,140,0.6,rat_movement=True
1,161,160,0.9,rat_movement=True
1,166,140,1.0,rat_movement=True
1,65,40,0.0,rat_movement=True
1,343,360,0.8,rat_movement=True
1,619,700,0.7,rat_movement=True
1,23,40,0.03,rat_movement=True
1,228,300,0.01,rat_movement=True
1,162,360,0.05,rat_movement=True
1,137,360,0.07,rat_movement=True
1,40,80,0.09,rat_movement=True
1,40,40,0.1,rat_movement=True
1,180,180,0.2,rat_movement=True
1,141,140,0.3,rat_movement=True
1,76,60,0.4,rat_movement=True
1,66,60,0.6,rat_movement=True
1,149,140,0.7,rat_movement=True
1,356,460,0.5,rat_movement=True
1,11,20,1.0,rat_movement=True
1,317,520,0.8,rat_movement=True
1,48,120,0.01,rat_movement=True
1,105,100,0.03,rat_movement=True
1,411,580,0.9,rat_movement=True
1,85,260,0.09,rat_movement=True
1,202,420,0.07,rat_movement=True
1,66,160,0.1,rat_movement=True
1,482,780,0.05,rat_movement=True
1,123,240,0.2,rat_movement=True
1,148,280,0.3,rat_movement=True
1,114,100,0.4,rat_movement=True
1,69,60,0.6,rat_movement=True
1,126,160,0.5,rat_movement=True
1,1141,1360,0.0,rat_movement=True
1,214,180,0.7,rat_movement=True
1,464,440,0.8,rat_movement=True
1,263,260,1.0,rat_movement=True
1,601,580,0.9,rat_movement=True
1,235,300,0.01,rat_movement=True
1,117,120,0.03,rat_movement=True
1,69,60,0.07,rat_movement=True
1,325,660,0.05,rat_movement=True
1,268,440,0.1,rat_movement=True
1,329,540,0.09,rat_movement=True
1,133,260,0.2,rat_movement=True
1,59,80,0.3,rat_movement=True
1,55,40,0.5,rat_movement=True
1,143,160,0.4,rat_movement=True
1,69,40,0.6,rat_movement=True
1,33,40,0.7,rat_movement=True
1,96,80,0.8,rat_movement=True
1,27,60,0.9,rat_movement=True
1,1474,1500,0.0,rat_movement=True
1,238,320,0.01,rat_movement=True
1,82,80,0.03,rat_movement=True
1,59,40,0.05,rat_movement=True
1,76,100,0.09,rat_movement=True
1,478,420,1.0,rat_movement=True
1,54,40,0.1,rat_movement=True
1,210,220,0.07,rat_movement=True
1,96,100,0.2,rat_movement=True
1,71,120,0.3,rat_movement=True
1,34,20,0.4,rat_movement=True
1,42,40,0.5,rat_movement=True
1,15,20,0.6,rat_movement=True
1,74,60,0.7,rat_movement=True
1,98,140,0.9,rat_movement=True
1,1267,1680,0.0,rat_movement=True
1,476,480,0.8,rat_movement=True
1,57,80,0.0,rat_movement=True
1,79,160,0.01,rat_movement=True
1,48,40,0.05,rat_movement=True
1,102,200,0.03,rat_movement=True
1,25,60,0.1,rat_movement=True
1,84,100,0.07,rat_movement=True
1,65,60,0.09,rat_movement=True
1,80,120,0.3,rat_movement=True
1,115,120,0.2,rat_movement=True
1,36,80,0.4,rat_movement=True
1,66,140,0.6,rat_movement=True
1,867,720,1.0,rat_movement=True
1,107,280,0.5,rat_movement=True
1,20,20,0.9,rat_movement=True
1,329,280,0.8,rat_movement=True
1,100,180,0.01,rat_movement=True
1,415,400,0.7,rat_movement=True
1,302,380,1.0,rat_movement=True
1,16,60,0.05,rat_movement=True
1,139,200,0.03,rat_movement=True
1,29,80,0.1,rat_movement=True
1,182,300,0.07,rat_movement=True
1,29,20,0.2,rat_movement=True
1,153,160,0.09,rat_movement=True
1,65,80,0.3,rat_movement=True
1,678,960,0.0,rat_movement=True
1,53,80,0.4,rat_movement=True
1,9,40,0.7,rat_movement=True
1,80,120,0.6,rat_movement=True
1,172,200,0.5,rat_movement=True
1,120,180,0.8,rat_movement=True
1,32,20,0.9,rat_movement=True
1,64,120,0.01,rat_movement=True
1,51,60,0.05,rat_movement=True
1,329,300,1.0,rat_movement=True
1,143,160,0.03,rat_movement=True
1,46,60,0.07,rat_movement=True
1,22,80,0.1,rat_movement=True
1,402,400,0.0,rat_movement=True
1,82,140,0.2,rat_movement=True
1,142,280,0.3,rat_movement=True
1,306,600,0.09,rat_movement=True
1,206,240,0.4,rat_movement=True
1,43,80,0.5,rat_movement=True
1,27,120,0.7,rat_movement=True
1,32,20,0.8,rat_movement=True
1,158,180,0.6,rat_movement=True
1,3,20,1.0,rat_movement=True
1,131,120,0.9,rat_movement=True
1,12,60,0.01,rat_movement=True
1,93,220,0.03,rat_movement=True
1,116,120,0.05,rat_movement=True
1,18,20,0.07,rat_movement=True
1,56,120,0.09,rat_movement=True
1,7,20,0.1,rat_movement=True
1,137,240,0.2,rat_movement=True
1,4,40,0.3,rat_movement=True
1,60,140,0.4,rat_movement=True
1,37,20,0.5,rat_movement=True
1,95,80,0.6,rat_movement=True
1,49,40,0.8,rat_movement=True
1,88,200,0.7,rat_movement=True
1,61,60,1.0,rat_movement=True
1,242,240,0.9,rat_movement=True
1,75,100,0.01,rat_movement=True
1,9,60,0.07,rat_movement=True
1,120,220,0.03,rat_movement=True
1,365,380,0.0,rat_movement=True
1,13,40,0.1,rat_movement=True
1,73,100,0.09,rat_movement=True
1,38,120,0.2,rat_movement=True
1,51,100,0.3,rat_movement=True
1,32,40,0.4,rat_movement=True
1,134,180,0.5,rat_movement=True
1,767,1100,0.05,rat_movement=True
1,17,80,0.9,rat_movement=True
1,559,520,0.8,rat_movement=True
1,1002,840,1.0,rat_movement=True
1,577,660,0.0,rat_movement=True
1,32,20,0.03,rat_movement=True
1,73,80,0.05,rat_movement=True
1,10,20,0.07,rat_movement=True
1,425,620,0.01,rat_movement=True
1,63,120,0.1,rat_movement=True
1,207,340,0.09,rat_movement=True
1,90,80,0.5,rat_movement=True
1,323,380,0.3,rat_movement=True
1,364,540,0.2,rat_movement=True
1,37,40,0.7,rat_movement=True
1,143,240,0.6,rat_movement=True
1,405,340,0.4,rat_movement=True
1,111,100,0.9,rat_movement=True
1,129,140,1.0,rat_movement=True
1,79,80,0.0,rat_movement=True
1,22,20,0.03,rat_movement=True
1,247,320,0.01,rat_movement=True
1,228,360,0.05,rat_movement=True
1,57,80,0.07,rat_movement=True
1,1279,1220,0.8,rat_movement=True
1,119,180,0.09,rat_movement=True
1,84,100,0.2,rat_movement=True
1,163,200,0.1,rat_movement=True
1,86,100,0.3,rat_movement=True
1,73,40,0.5,rat_movement=True
1,117,260,0.4,rat_movement=True
1,78,100,0.7,rat_movement=True
1,168,200,0.8,rat_movement=True
1,107,240,0.0,rat_movement=True
1,211,200,1.0,rat_movement=True
1,55,120,0.03,rat_movement=True
1,203,280,0.01,rat_movement=True
1,17,80,0.05,rat_movement=True
1,74,60,0.07,rat_movement=True
1,11,40,0.09,rat_movement=True
1,116,80,0.1,rat_movement=True
1,72,100,0.2,rat_movement=True
1,1278,1160,0.6,rat_movement=True
1,53,40,0.3,rat_movement=True
1,57,100,0.4,rat_movement=True
1,140,200,0.5,rat_movement=True
1,64,80,0.7,rat_movement=True
1,190,140,0.6,rat_movement=True
1,66,80,0.0,rat_movement=True
1,281,220,0.9,rat_movement=True
1,58,140,0.01,rat_movement=True
1,371,300,0.8,rat_movement=True
1,249,260,1.0,rat_movement=True
1,1585,1740,0.9,rat_movement=True
1,137,240,0.05,rat_movement=True
1,210,400,0.03,rat_movement=True
1,95,220,0.07,rat_movement=True
1,143,240,0.09,rat_movement=True
1,50,80,0.2,rat_movement=True
1,25,20,0.3,rat_movement=True
1,132,180,0.1,rat_movement=True
1,74,120,0.4,rat_movement=True
1,42,40,0.5,rat_movement=True
1,243,200,0.6,rat_movement=True
1,141,120,0.8,rat_movement=True
1,16,20,0.9,rat_movement=True
1,467,360,0.7,rat_movement=True
1,45,40,1.0,rat_movement=True
1,32,60,0.01,rat_movement=True
1,31,80,0.05,rat_movement=True
1,77,200,0.03,rat_movement=True
1,296,560,0.07,rat_movement=True
1,55,120,0.1,rat_movement=True
1,741,680,0.0,rat_movement=True
1,26,60,0.2,rat_movement=True
1,25,100,0.3,rat_movement=True
1,59,60,0.5,rat_movement=True
1,30,80,0.6,rat_movement=True
1,159,160,0.4,rat_movement=True
1,16,20,0.9,rat_movement=True
1,173,140,0.7,rat_movement=True
1,387,600,0.09,rat_movement=True
1,217,300,0.8,rat_movement=True
1,183,280,0.01,rat_movement=True
1,184,340,0.03,rat_movement=True
1,485,440,1.0,rat_movement=True
1,174,260,0.05,rat_movement=True
1,70,100,0.09,rat_movement=True
1,245,400,0.07,rat_movement=True
1,45,100,0.1,rat_movement=True
1,108,160,0.2,rat_movement=True
1,1028,1200,0.0,rat_movement=True
1,138,360,0.3,rat_movement=True
1,204,240,0.4,rat_movement=True
1,134,240,0.6,rat_movement=True
1,294,240,0.5,rat_movement=True
1,176,220,1.0,rat_movement=True
1,267,280,0.8,rat_movement=True
1,123,140,0.0,rat_movement=True
1,319,480,0.7,rat_movement=True
1,115,100,0.01,rat_movement=True
1,12,40,0.05,rat_movement=True
1,27,40,0.07,rat_movement=True
1,290,520,0.03,rat_movement=True
1,18,20,0.2,rat_movement=True
1,121,200,0.1,rat_movement=True
1,19,20,0.3,rat_movement=True
1,817,760,0.9,rat_movement=True
1,51,80,0.4,rat_movement=True
1,129,100,0.5,rat_movement=True
1,18,20,0.7,rat_movement=True
1,123,160,0.6,rat_movement=True
1,121,260,0.8,rat_movement=True
1,757,1400,0.09,rat_movement=True
1,49,40,0.0,rat_movement=True
1,266,240,0.9,rat_movement=True
1,205,260,0.01,rat_movement=True
1,488,420,1.0,rat_movement=True
1,124,160,0.03,rat_movement=True
1,124,300,0.07,rat_movement=True
1,143,140,0.09,rat_movement=True
1,229,360,0.05,rat_movement=True
1,25,40,0.2,rat_movement=True
1,22,20,0.3,rat_movement=True
1,207,240,0.1,rat_movement=True
1,137,120,0.6,rat_movement=True
1,12,20,0.9,rat_movement=True
1,424,360,0.4,rat_movement=True
1,343,440,0.5,rat_movement=True
1,76,80,1.0,rat_movement=True
1,220,420,0.7,rat_movement=True
1,73,140,0.03,rat_movement=True
1,172,260,0.0,rat_movement=True
1,90,120,0.07,rat_movement=True
1,537,520,0.01,rat_movement=True
1,710,740,0.8,rat_movement=True
1,31,60,0.09,rat_movement=True
1,109,80,0.1,rat_movement=True
1,135,280,0.2,rat_movement=True
1,40,80,0.3,rat_movement=True
1,138,100,0.4,rat_movement=True
1,130,100,0.6,rat_movement=True
1,219,180,0.5,rat_movement=True
1,30,40,0.8,rat_movement=True
1,947,1100,0.05,rat_movement=True
1,48,40,0.9,rat_movement=True
1,82,60,1.0,rat_movement=True
1,238,240,0.7,rat_movement=True
1,29,20,0.01,rat_movement=True
1,140,220,0.03,rat_movement=True
1,112,140,0.05,rat_movement=True
1,81,100,0.09,rat_movement=True
1,81,140,0.1,rat_movement=True
1,170,220,0.2,rat_movement=True
1,34,40,0.4,rat_movement=True
1,171,220,0.3,rat_movement=True
1,552,780,0.07,rat_movement=True
1,64,40,0.6,rat_movement=True
1,111,180,0.7,rat_movement=True
1,1296,1340,0.0,rat_movement=True
1,45,60,1.0,rat_movement=True
1,104,80,0.9,rat_movement=True
1,385,320,0.5,rat_movement=True
1,40,100,0.0,rat_movement=True
1,6,20,0.03,rat_movement=True
1,250,280,0.8,rat_movement=True
1,126,200,0.01,rat_movement=True
1,164,200,0.05,rat_movement=True
1,91,180,0.07,rat_movement=True
1,45,100,0.1,rat_movement=True
1,112,220,0.09,rat_movement=True
1,58,40,0.4,rat_movement=True
1,28,20,0.5,rat_movement=True
1,105,160,0.2,rat_movement=True
1,124,160,0.3,rat_movement=True
1,61,60,0.6,rat_movement=True
1,42,40,0.9,rat_movement=True
1,45,60,0.0,rat_movement=True
1,145,240,0.8,rat_movement=True
1,53,80,0.01,rat_movement=True
1,44,60,0.03,rat_movement=True
1,440,380,0.7,rat_movement=True
1,36,60,0.07,rat_movement=True
1,323,560,0.05,rat_movement=True
1,84,80,0.09,rat_movement=True
1,70,80,0.1,rat_movement=True
1,666,620,1.0,rat_movement=True
1,81,100,0.2,rat_movement=True
1,34,80,0.4,rat_movement=True
1,96,160,0.3,rat_movement=True
1,58,240,0.6,rat_movement=True
1,57,100,0.7,rat_movement=True
1,108,140,0.5,rat_movement=True
1,44,100,1.0,rat_movement=True
1,62,40,0.0,rat_movement=True
1,136,240,0.8,rat_movement=True
1,89,80,0.01,rat_movement=True
1,86,160,0.05,rat_movement=True
1,179,180,0.03,rat_movement=True
1,66,180,0.07,rat_movement=True
1,40,20,0.2,rat_movement=True
1,116,200,0.09,rat_movement=True
1,83,60,0.3,rat_movement=True
1,966,820,0.9,rat_movement=True
1,62,40,0.6,rat_movement=True
1,235,360,0.4,rat_movement=True
1,84,100,0.9,rat_movement=True
1,14,80,1.0,rat_movement=True
1,78,200,0.0,rat_movement=True
1,138,120,0.01,rat_movement=True
1,739,740,0.7,rat_movement=True
1,131,180,0.03,rat_movement=True
1,68,160,0.05,rat_movement=True
1,59,80,0.07,rat_movement=True
1,781,860,0.8,rat_movement=True
1,7,40,0.09,rat_movement=True
1,44,120,0.1,rat_movement=True
1,0,20,0.2,rat_movement=True
1,1222,1300,0.5,rat_movement=True
1,64,140,0.3,rat_movement=True
1,27,60,0.4,rat_movement=True
1,13,20,0.7,rat_movement=True
1,212,180,0.6,rat_movement=True
1,214,180,0.8,rat_movement=True
1,38,40,1.0,rat_movement=True
1,438,500,0.5,rat_movement=True
1,54,80,0.01,rat_movement=True
1,119,100,0.0,rat_movement=True
1,248,360,0.9,rat_movement=True
1,20,40,0.05,rat_movement=True
1,36,40,0.07,rat_movement=True
1,48,60,0.09,rat_movement=True
1,39,100,0.1,rat_movement=True
1,28,40,0.2,rat_movement=True
1,263,520,0.4,rat_movement=True
1,310,460,0.3,rat_movement=True
1,29,60,0.6,rat_movement=True
1,196,240,0.8,rat_movement=True
1,473,600,0.5,rat_movement=True
1,450,340,0.7,rat_movement=True
1,391,540,0.9,rat_movement=True
1,74,100,0.01,rat_movement=True
1,85,60,0.03,rat_movement=True
1,1211,1560,0.03,rat_movement=True
1,66,140,0.07,rat_movement=True
1,470,460,1.0,rat_movement=True
1,56,120,0.1,rat_movement=True
1,209,440,0.05,rat_movement=True
1,29,120,0.3,rat_movement=True
1,68,60,0.4,rat_movement=True
1,231,400,0.09,rat_movement=True
1,21,20,0.6,rat_movement=True
1,662,760,0.0,rat_movement=True
1,89,180,0.7,rat_movement=True
1,27,20,0.9,rat_movement=True
1,82,200,0.8,rat_movement=True
1,21,40,0.0,rat_movement=True
1,339,260,0.5,rat_movement=True
1,92,140,0.01,rat_movement=True
1,103,120,0.03,rat_movement=True
1,38,40,0.07,rat_movement=True
1,129,100,0.05,rat_movement=True
1,268,420,1.0,rat_movement=True
1,171,180,0.1,rat_movement=True
1,239,440,0.09,rat_movement=True
1,4,20,0.4,rat_movement=True
1,142,260,0.2,rat_movement=True
1,71,140,0.3,rat_movement=True
1,23,120,0.5,rat_movement=True
1,2,20,0.6,rat_movement=True
1,1271,1520,0.2,rat_movement=True
1,110,80,0.8,rat_movement=True
1,46,80,0.9,rat_movement=True
1,16,40,1.0,rat_movement=True
1,391,440,0.7,rat_movement=True
1,219,240,0.01,rat_movement=True
1,56,80,0.05,rat_movement=True
1,85,80,0.07,rat_movement=True
1,236,400,0.03,rat_movement=True
1,32,40,0.09,rat_movement=True
1,436,580,0.0,rat_movement=True
1,28,20,0.3,rat_movement=True
1,105,180,0.2,rat_movement=True
1,54,120,0.5,rat_movement=True
1,106,160,0.4,rat_movement=True
1,59,60,0.7,rat_movement=True
1,312,420,0.1,rat_movement=True
1,56,40,0.8,rat_movement=True
1,27,20,1.0,rat_movement=True
1,100,80,0.9,rat_movement=True
1,368,520,0.6,rat_movement=True
1,84,80,0.03,rat_movement=True
1,108,120,0.05,rat_movement=True
1,397,440,0.01,rat_movement=True
1,66,80,0.07,rat_movement=True
1,86,120,0.1,rat_movement=True
1,229,500,0.09,rat_movement=True
1,37,100,0.2,rat_movement=True
1,45,60,0.3,rat_movement=True
1,11,40,0.4,rat_movement=True
1,58,60,0.5,rat_movement=True
1,232,200,0.6,rat_movement=True
1,6,20,0.9,rat_movement=True
1,102,80,0.7,rat_movement=True
1,165,120,0.8,rat_movement=True
1,55,100,0.0,rat_movement=True
1,145,160,0.01,rat_movement=True
1,107,200,0.03,rat_movement=True
1,1826,2120,0.0,rat_movement=True
1,59,120,0.07,rat_movement=True
1,17,20,0.09,rat_movement=True
1,234,460,0.05,rat_movement=True
1,654,540,1.0,rat_movement=True
1,123,240,0.2,rat_movement=True
1,117,80,0.3,rat_movement=True
1,83,160,0.4,rat_movement=True
1,383,540,0.1,rat_movement=True
1,142,140,0.5,rat_movement=True
1,36,40,0.6,rat_movement=True
1,75,120,0.7,rat_movement=True
1,48,60,0.9,rat_movement=True
1,281,260,0.8,rat_movement=True
1,264,260,1.0,rat_movement=True
1,65,80,0.03,rat_movement=True
1,14,60,0.05,rat_movement=True
1,254,360,0.0,rat_movement=True
1,9,20,0.09,rat_movement=True
1,73,40,0.07,rat_movement=True
1,40,60,0.1,rat_movement=True
1,286,420,0.01,rat_movement=True
1,96,60,0.2,rat_movement=True
1,15,20,0.4,rat_movement=True
1,81,60,0.3,rat_movement=True
1,197,160,0.6,rat_movement=True
1,121,220,0.7,rat_movement=True
1,156,120,0.9,rat_movement=True
1,435,600,0.5,rat_movement=True
1,28,20,0.01,rat_movement=True
1,221,400,1.0,rat_movement=True
1,98,180,0.03,rat_movement=True
1,473,620,0.8,rat_movement=True
1,342,420,0.0,rat_movement=True
1,80,100,0.05,rat_movement=True
1,25,20,0.1,rat_movement=True
1,65,120,0.07,rat_movement=True
1,29,100,0.2,rat_movement=True
1,119,120,0.5,rat_movement=True
1,353,360,0.4,rat_movement=True
1,72,60,0.6,rat_movement=True
1,684,940,0.09,rat_movement=True
1,128,140,0.8,rat_movement=True
1,62,60,1.0,rat_movement=True
1,436,420,0.7,rat_movement=True
1,251,280,0.9,rat_movement=True
1,39,40,0.01,rat_movement=True
1,104,60,0.03,rat_movement=True
1,39,160,0.05,rat_movement=True
1,1134,1260,0.3,rat_movement=True
1,218,360,0.0,rat_movement=True
1,92,100,0.09,rat_movement=True
1,94,220,0.1,rat_movement=True
1,25,20,0.3,rat_movement=True
1,337,500,0.07,rat_movement=True
1,147,160,0.4,rat_movement=True
1,162,200,0.5,rat_movement=True
1,88,60,0.6,rat_movement=True
1,419,560,0.2,rat_movement=True
1,31,80,0.9,rat_movement=True
1,80,80,1.0,rat_movement=True
1,477,460,0.7,rat_movement=True
1,3,20,0.03,rat_movement=True
1,62,120,0.05,rat_movement=True
1,145,280,0.01,rat_movement=True
1,33,20,0.09,rat_movement=True
1,88,120,0.07,rat_movement=True
1,21,20,0.1,rat_movement=True
1,515,520,0.0,rat_movement=True
1,111,100,0.3,rat_movement=True
1,19,20,0.6,rat_movement=True
1,175,300,0.2,rat_movement=True
1,108,220,0.4,rat_movement=True
1,1097,900,0.8,rat_movement=True
1,152,240,0.5,rat_movement=True
1,100,80,0.8,rat_movement=True
1,16,20,0.01,rat_movement=True
1,282,340,0.7,rat_movement=True
1,165,140,1.0,rat_movement=True
1,231,340,0.9,rat_movement=True
1,155,160,0.0,rat_movement=True
1,94,180,0.07,rat_movement=True
1,129,240,0.05,rat_movement=True
1,4,40,0.09,rat_movement=True
1,223,420,0.03,rat_movement=True
1,90,80,0.1,rat_movement=True
1,94,160,0.2,rat_movement=True
1,99,80,0.3,rat_movement=True
1,40,80,0.5,rat_movement=True
1,37,160,0.7,rat_movement=True
1,36,40,0.8,rat_movement=True
1,145,220,0.4,rat_movement=True
1,114,120,0.0,rat_movement=True
1,168,160,1.0,rat_movement=True
1,38,20,0.03,rat_movement=True
1,47,180,0.01,rat_movement=True
1,57,80,0.05,rat_movement=True
1,95,160,0.07,rat_movement=True
1,80,60,0.09,rat_movement=True
1,48,140,0.1,rat_movement=True
1,852,880,0.6,rat_movement=True
1,398,660,0.2,rat_movement=True
1,201,380,0.3,rat_movement=True
1,1025,840,0.9,rat_movement=True
1,68,120,0.5,rat_movement=True
1,142,120,0.4,rat_movement=True
1,221,160,0.6,rat_movement=True
1,78,60,0.9,rat_movement=True
1,157,140,0.8,rat_movement=True
1,242,480,0.7,rat_movement=True
1,22,40,0.0,rat_movement=True
1,32,40,0.01,rat_movement=True
1,52,80,0.05,rat_movement=True
1,188,240,0.03,rat_movement=True
1,118,160,0.07,rat_movement=True
1,75,60,0.1,rat_movement=True
1,27,100,0.2,rat_movement=True
1,157,340,0.09,rat_movement=True
1,48,60,0.3,rat_movement=True
1,582,600,1.0,rat_movement=True
1,124,100,0.6,rat_movement=True
1,160,280,0.5,rat_movement=True
1,394,560,0.4,rat_movement=True
1,225,220,0.9,rat_movement=True
1,220,180,1.0,rat_movement=True
1,150,220,0.05,rat_movement=True
1,352,380,0.0,rat_movement=True
1,66,140,0.07,rat_movement=True
1,62,40,0.09,rat_movement=True
1,512,820,0.03,rat_movement=True
1,171,300,0.1,rat_movement=True
1,62,100,0.2,rat_movement=True
1,1201,1000,0.8,rat_movement=True
1,203,360,0.3,rat_movement=True
1,1574,1320,0.7,rat_movement=True
1,274,180,0.4,rat_movement=True
1,1322,1420,0.01,rat_movement=True
1,277,240,0.6,rat_movement=True
1,608,420,0.5,rat_movement=True
1,460,340,0.7,rat_movement=True
1,227,260,1.0,rat_movement=True
1,395,320,0.9,rat_movement=True
1,261,480,0.0,rat_movement=True
1,62,60,0.05,rat_movement=True
1,184,360,0.01,rat_movement=True
1,125,140,0.03,rat_movement=True
1,73,140,0.07,rat_movement=True
1,63,60,0.09,rat_movement=True
1,79,180,0.2,rat_movement=True
1,154,200,0.1,rat_movement=True
1,61,160,0.3,rat_movement=True
1,57,80,0.5,rat_movement=True
1,218,240,0.4,rat_movement=True
1,109,120,0.7,rat_movement=True
1,177,220,0.6,rat_movement=True
1,28,80,0.8,rat_movement=True
1,56,40,1.0,rat_movement=True
1,6,20,0.0,rat_movement=True
1,87,240,0.01,rat_movement=True
1,93,160,0.03,rat_movement=True
1,22,20,0.07,rat_movement=True
1,41,100,0.1,rat_movement=True
1,58,120,0.09,rat_movement=True
1,95,180,0.05,rat_movement=True
1,41,60,0.2,rat_movement=True
1,63,100,0.3,rat_movement=True
1,64,60,0.4,rat_movement=True
1,134,120,0.5,rat_movement=True
1,66,120,0.7,rat_movement=True
1,86,60,0.9,rat_movement=True
1,245,360,0.8,rat_movement=True
1,681,560,0.6,rat_movement=True
1,44,60,0.01,rat_movement=True
1,16,20,0.03,rat_movement=True
1,437,400,1.0,rat_movement=True
1,26,80,0.07,rat_movement=True
1,6,20,0.09,rat_movement=True
1,228,420,0.05,rat_movement=True
1,85,180,0.1,rat_movement=True
1,88,100,0.2,rat_movement=True
1,47,40,0.3,rat_movement=True
1,139,220,0.4,rat_movement=True
1,191,120,0.6,rat_movement=True
1,49,40,0.7,rat_movement=True
1,668,780,0.5,rat_movement=True
1,52,40,1.0,rat_movement=True
1,47,80,0.0,rat_movement=True
1,106,180,0.01,rat_movement=True
1,75,180,0.03,rat_movement=True
1,63,80,0.07,rat_movement=True
1,512,500,0.9,rat_movement=True
1,211,220,0.05,rat_movement=True
1,146,160,0.09,rat_movement=True
1,154,140,0.1,rat_movement=True
1,60,120,0.2,rat_movement=True
1,44,40,0.4,rat_movement=True
1,101,160,0.5,rat_movement=True
1,48,80,0.6,rat_movement=True
1,192,220,0.7,rat_movement=True
1,639,800,0.3,rat_movement=True
1,154,200,0.9,rat_movement=True
1,376,500,0.8,rat_movement=True
1,113,140,0.01,rat_movement=True
1,40,40,0.03,rat_movement=True
1,107,200,0.05,rat_movement=True
1,360,540,0.0,rat_movement=True
1,41,60,0.09,rat_movement=True
1,88,80,0.1,rat_movement=True
1,129,180,0.2,rat_movement=True
1,226,400,0.07,rat_movement=True
1,86,100,0.3,rat_movement=True
1,52,40,0.4,rat_movement=True
1,57,40,0.5,rat_movement=True
1,41,40,0.6,rat_movement=True
1,25,20,0.7,rat_movement=True
1,186,200,0.8,rat_movement=True
1,161,180,1.0,rat_movement=True
1,305,480,0.9,rat_movement=True
1,5,20,0.03,rat_movement=True
1,208,200,0.05,rat_movement=True
1,281,440,0.01,rat_movement=True
1,473,460,0.0,rat_movement=True
1,63,80,0.09,rat_movement=True
1,123,180,0.07,rat_movement=True
1,283,460,0.1,rat_movement=True
1,50,120,0.2,rat_movement=True
1,37,100,0.3,rat_movement=True
1,64,140,0.4,rat_movement=True
1,47,60,0.5,rat_movement=True
1,181,160,0.6,rat_movement=True
1,126,160,0.8,rat_movement=True
1,323,400,0.7,rat_movement=True
1,118,280,0.0,rat_movement=True
1,52,120,0.03,rat_movement=True
1,322,300,1.0,rat_movement=True
1,156,340,0.05,rat_movement=True
1,542,500,0.9,rat_movement=True
1,7,20,0.09,rat_movement=True
1,21,20,0.1,rat_movement=True
1,89,80,0.07,rat_movement=True
1,90,160,0.2,rat_movement=True
1,7,20,0.4,rat_movement=True
1,645,780,0.01,rat_movement=True
1,83,160,0.3,rat_movement=True
1,51,80,0.6,rat_movement=True
1,87,60,0.7,rat_movement=True
1,242,400,0.5,rat_movement=True
1,54,40,1.0,rat_movement=True
1,167,120,0.9,rat_movement=True
1,256,360,0.0,rat_movement=True
1,82,100,0.03,rat_movement=True
1,33,80,0.05,rat_movement=True
1,276,620,0.01,rat_movement=True
1,7,40,0.09,rat_movement=True
1,868,680,0.8,rat_movement=True
1,25,80,0.2,rat_movement=True
1,154,260,0.1,rat_movement=True
1,14,20,0.4,rat_movement=True
1,78,60,0.3,rat_movement=True
1,469,580,0.07,rat_movement=True
1,0,0,0.7,rat_movement=True
1,191,160,0.5,rat_movement=True
1,119,180,0.8,rat_movement=True
1,75,80,0.9,rat_movement=True
1,114,160,1.0,rat_movement=True
1,105,80,0.01,rat_movement=True
1,15,40,0.07,rat_movement=True
1,182,380,0.03,rat_movement=True
1,136,280,0.05,rat_movement=True
1,59,80,0.09,rat_movement=True
1,420,500,0.0,rat_movement=True
1,25,40,0.2,rat_movement=True
1,42,120,0.1,rat_movement=True
1,906,780,0.6,rat_movement=True
1,46,100,0.4,rat_movement=True
1,119,100,0.5,rat_movement=True
1,102,120,0.6,rat_movement=True
1,26,60,0.8,rat_movement=True
1,334,340,0.3,rat_movement=True
1,149,180,0.9,rat_movement=True
1,372,320,1.0,rat_movement=True
1,593,480,0.7,rat_movement=True
1,217,360,0.0,rat_movement=True
1,46,40,0.03,rat_movement=True
1,23,20,0.05,rat_movement=True
1,122,260,0.01,rat_movement=True
1,60,100,0.07,rat_movement=True
1,3,20,0.2,rat_movement=True
1,85,100,0.1,rat_movement=True
1,4,20,0.4,rat_movement=True
1,137,100,0.3,rat_movement=True
1,81,60,0.6,rat_movement=True
1,252,340,0.5,rat_movement=True
1,466,680,0.09,rat_movement=True
1,62,40,0.9,rat_movement=True
1,0,0,0.0,rat_movement=True
1,75,100,1.0,rat_movement=True
1,199,160,0.7,rat_movement=True
1,92,200,0.01,rat_movement=True
1,73,120,0.03,rat_movement=True
1,27,60,0.05,rat_movement=True
1,73,60,0.1,rat_movement=True
1,345,300,0.09,rat_movement=True
1,69,60,0.2,rat_movement=True
1,46,80,0.3,rat_movement=True
1,34,20,0.4,rat_movement=True
1,1118,940,0.8,rat_movement=True
1,77,100,0.5,rat_movement=True
1,15,20,0.7,rat_movement=True
1,12,20,0.9,rat_movement=True
1,303,480,0.6,rat_movement=True
1,38,40,0.01,rat_movement=True
1,428,520,0.8,rat_movement=True
1,106,180,0.03,rat_movement=True
1,146,120,0.05,rat_movement=True
1,20,20,0.07,rat_movement=True
1,46,100,0.09,rat_movement=True
1,718,820,0.0,rat_movement=True
1,69,80,0.1,rat_movement=True
1,69,120,0.2,rat_movement=True
1,85,80,0.3,rat_movement=True
1,79,160,0.6,rat_movement=True
1,150,140,0.5,rat_movement=True
1,317,260,0.4,rat_movement=True
1,96,180,0.8,rat_movement=True
1,1397,1460,1.0,rat_movement=True
1,124,180,0.9,rat_movement=True
1,41,80,0.0,rat_movement=True
1,19,60,0.01,rat_movement=True
1,23,20,0.03,rat_movement=True
1,138,120,1.0,rat_movement=True
1,73,80,0.05,rat_movement=True
1,382,380,0.7,rat_movement=True
1,13,60,0.09,rat_movement=True
1,88,80,0.07,rat_movement=True
1,90,140,0.1,rat_movement=True
1,89,160,0.2,rat_movement=True
1,36,40,0.5,rat_movement=True
1,71,100,0.4,rat_movement=True
1,131,180,0.6,rat_movement=True
1,394,580,0.3,rat_movement=True
1,347,280,0.8,rat_movement=True
1,697,640,0.7,rat_movement=True
1,154,300,0.9,rat_movement=True
1,77,160,0.03,rat_movement=True
1,46,140,0.05,rat_movement=True
1,118,140,0.07,rat_movement=True
1,44,40,0.09,rat_movement=True
1,64,100,0.1,rat_movement=True
1,74,160,0.2,rat_movement=True
1,983,840,1.0,rat_movement=True
1,648,900,0.01,rat_movement=True
1,350,320,0.3,rat_movement=True
1,101,200,0.5,rat_movement=True
1,352,520,0.4,rat_movement=True
1,1398,1840,0.0,rat_movement=True
1,154,220,0.8,rat_movement=True
1,53,60,0.9,rat_movement=True
1,100,100,1.0,rat_movement=True
1,543,460,0.7,rat_movement=True
1,108,160,0.0,rat_movement=True
1,20,60,0.01,rat_movement=True
1,35,80,0.03,rat_movement=True
1,926,760,0.6,rat_movement=True
1,38,80,0.05,rat_movement=True
1,2,20,0.09,rat_movement=True
1,81,100,0.07,rat_movement=True
1,84,80,0.1,rat_movement=True
1,103,140,0.3,rat_movement=True
1,71,80,0.4,rat_movement=True
1,232,440,0.2,rat_movement=True
1,117,100,0.6,rat_movement=True
1,199,160,0.7,rat_movement=True
1,25,20,1.0,rat_movement=True
1,196,180,0.8,rat_movement=True
1,22,40,0.01,rat_movement=True
1,36,60,0.03,rat_movement=True
1,631,680,0.5,rat_movement=True
1,29,80,0.05,rat_movement=True
1,439,400,0.0,rat_movement=True
1,67,80,0.09,rat_movement=True
1,150,160,0.07,rat_movement=True
1,904,760,0.9,rat_movement=True
1,76,120,0.2,rat_movement=True
1,48,160,0.3,rat_movement=True
1,63,140,0.4,rat_movement=True
1,58,120,0.5,rat_movement=True
1,482,800,0.1,rat_movement=True
1,107,280,0.6,rat_movement=True
1,21,20,0.9,rat_movement=True
1,183,160,0.8,rat_movement=True
1,241,340,1.0,rat_movement=True
1,41,40,0.03,rat_movement=True
1,155,240,0.01,rat_movement=True
1,163,300,0.05,rat_movement=True
1,56,140,0.07,rat_movement=True
1,473,600,0.0,rat_movement=True
1,887,860,0.7,rat_movement=True
1,71,60,0.1,rat_movement=True
1,159,160,0.09,rat_movement=True
1,22,100,0.2,rat_movement=True
1,16,40,0.3,rat_movement=True
1,232,260,0.4,rat_movement=True
1,89,160,0.6,rat_movement=True
1,75,140,0.8,rat_movement=True
1,171,140,0.7,rat_movement=True
1,24,40,0.9,rat_movement=True
1,335,320,1.0,rat_movement=True
1,46,120,0.0,rat_movement=True
1,143,160,0.03,rat_movement=True
1,32,80,0.05,rat_movement=True
1,88,160,0.07,rat_movement=True
1,366,660,0.01,rat_movement=True
1,36,40,0.09,rat_movement=True
1,81,140,0.1,rat_movement=True
1,21,60,0.3,rat_movement=True
1,174,200,0.2,rat_movement=True
1,52,40,0.4,rat_movement=True
1,51,100,0.6,rat_movement=True
1,81,140,0.7,rat_movement=True
1,293,220,0.5,rat_movement=True
1,141,160,0.8,rat_movement=True
1,0,0,1.0,rat_movement=True
1,98,80,0.9,rat_movement=True
1,107,220,0.01,rat_movement=True
1,109,200,0.05,rat_movement=True
1,171,320,0.03,rat_movement=True
1,12,40,0.07,rat_movement=True
1,63,120,0.09,rat_movement=True
1,74,60,0.2,rat_movement=True
1,155,260,0.1,rat_movement=True
1,101,140,0.3,rat_movement=True
1,39,180,0.5,rat_movement=True
1,31,60,0.6,rat_movement=True
1,241,280,0.4,rat_movement=True
1,154,200,0.7,rat_movement=True
1,67,60,0.8,rat_movement=True
1,53,40,0.9,rat_movement=True
1,251,200,1.0,rat_movement=True
1,97,140,0.03,rat_movement=True
1,62,100,0.05,rat_movement=True
1,573,760,0.01,rat_movement=True
1,64,140,0.1,rat_movement=True
1,414,600,0.07,rat_movement=True
1,37,60,0.2,rat_movement=True
1,226,560,0.09,rat_movement=True
1,212,200,0.3,rat_movement=True
1,4,20,0.5,rat_movement=True
1,124,120,0.6,rat_movement=True
1,213,420,0.4,rat_movement=True
1,1501,1400,0.0,rat_movement=True
1,67,60,0.8,rat_movement=True
1,649,620,0.7,rat_movement=True
1,296,420,0.01,rat_movement=True
1,74,220,0.03,rat_movement=True
1,31,20,0.07,rat_movement=True
1,157,160,0.05,rat_movement=True
1,38,100,0.1,rat_movement=True
1,741,960,0.0,rat_movement=True
1,116,200,0.2,rat_movement=True
1,25,40,0.5,rat_movement=True
1,111,200,0.4,rat_movement=True
1,132,300,0.3,rat_movement=True
1,361,460,0.09,rat_movement=True
1,48,80,0.7,rat_movement=True
1,1465,1220,1.0,rat_movement=True
1,137,120,0.8,rat_movement=True
1,211,320,0.6,rat_movement=True
1,119,340,1.0,rat_movement=True
1,1857,1320,0.9,rat_movement=True
1,254,340,0.01,rat_movement=True
1,150,200,0.05,rat_movement=True
1,91,60,0.07,rat_movement=True
1,414,700,0.03,rat_movement=True
1,177,180,0.09,rat_movement=True
1,87,60,0.1,rat_movement=True
1,111,140,0.2,rat_movement=True
1,796,1000,0.0,rat_movement=True
1,51,40,0.5,rat_movement=True
1,136,200,0.4,rat_movement=True
1,1118,1140,0.9,rat_movement=True
1,238,340,0.3,rat_movement=True
1,48,60,0.7,rat_movement=True
1,43,40,0.9,rat_movement=True
1,167,340,0.6,rat_movement=True
1,117,80,0.01,rat_movement=True
1,23,40,0.05,rat_movement=True
1,362,400,0.8,rat_movement=True
1,375,340,1.0,rat_movement=True
1,76,140,0.07,rat_movement=True
1,65,60,0.1,rat_movement=True
1,251,460,0.03,rat_movement=True
1,192,360,0.09,rat_movement=True
1,134,260,0.2,rat_movement=True
1,615,700,0.0,rat_movement=True
1,187,220,0.4,rat_movement=True
1,279,520,0.3,rat_movement=True
1,269,220,0.5,rat_movement=True
1,21,20,0.7,rat_movement=True
1,142,160,0.6,rat_movement=True
1,112,80,0.8,rat_movement=True
1,48,60,1.0,rat_movement=True
1,25,20,0.0,rat_movement=True
1,50,100,0.03,rat_movement=True
1,144,260,0.01,rat_movement=True
1,38,60,0.07,rat_movement=True
1,140,160,0.05,rat_movement=True
1,4,20,0.09,rat_movement=True
1,47,100,0.1,rat_movement=True
1,99,180,0.2,rat_movement=True
1,850,720,0.9,rat_movement=True
1,134,260,0.4,rat_movement=True
1,338,360,0.3,rat_movement=True
1,132,140,0.7,rat_movement=True
1,328,360,0.5,rat_movement=True
1,39,100,1.0,rat_movement=True
1,164,280,0.9,rat_movement=True
1,438,600,0.6,rat_movement=True
1,474,400,0.8,rat_movement=True
1,79,220,0.01,rat_movement=True
1,9,20,0.03,rat_movement=True
1,38,100,0.05,rat_movement=True
1,292,340,0.0,rat_movement=True
1,59,120,0.07,rat_movement=True
1,74,160,0.09,rat_movement=True
1,167,220,0.1,rat_movement=True
1,23,20,0.3,rat_movement=True
1,386,520,0.2,rat_movement=True
1,74,120,0.4,rat_movement=True
1,112,220,0.5,rat_movement=True
1,128,120,0.7,rat_movement=True
1,241,360,0.8,rat_movement=True
1,521,440,0.6,rat_movement=True
1,120,80,0.9,rat_movement=True
1,38,120,0.01,rat_movement=True
1,152,260,0.0,rat_movement=True
1,79,120,0.05,rat_movement=True
1,190,260,0.03,rat_movement=True
1,224,380,0.07,rat_movement=True
1,102,240,0.1,rat_movement=True
1,240,500,0.09,rat_movement=True
1,41,100,0.3,rat_movement=True
1,96,200,0.2,rat_movement=True
1,26,20,0.4,rat_movement=True
1,139,120,0.7,rat_movement=True
1,28,40,0.8,rat_movement=True
1,1238,960,1.0,rat_movement=True
1,65,80,0.9,rat_movement=True
1,504,400,0.5,rat_movement=True
1,148,160,1.0,rat_movement=True
1,476,640,0.6,rat_movement=True
1,53,100,0.05,rat_movement=True
1,122,280,0.03,rat_movement=True
1,104,220,0.07,rat_movement=True
1,313,540,0.01,rat_movement=True
1,412,460,0.0,rat_movement=True
1,90,140,0.1,rat_movement=True
1,68,120,0.2,rat_movement=True
1,25,20,0.5,rat_movement=True
1,23,20,0.6,rat_movement=True
1,247,260,0.3,rat_movement=True
1,173,140,0.4,rat_movement=True
1,18,60,0.7,rat_movement=True
1,491,800,0.09,rat_movement=True
1,92,160,1.0,rat_movement=True
1,192,260,0.9,rat_movement=True
1,329,260,0.8,rat_movement=True
1,135,160,0.01,rat_movement=True
1,38,40,0.03,rat_movement=True
1,276,320,0.0,rat_movement=True
1,89,140,0.09,rat_movement=True
1,319,440,0.05,rat_movement=True
1,57,80,0.1,rat_movement=True
1,6,20,0.2,rat_movement=True
1,52,60,0.3,rat_movement=True
1,394,560,0.07,rat_movement=True
1,100,100,0.6,rat_movement=True
1,238,400,0.4,rat_movement=True
1,74,60,0.8,rat_movement=True
1,434,520,0.7,rat_movement=True
1,412,420,1.0,rat_movement=True
1,33,40,0.03,rat_movement=True
1,622,540,0.9,rat_movement=True
1,171,160,0.01,rat_movement=True
1,91,100,0.05,rat_movement=True
1,72,120,0.07,rat_movement=True
1,435,480,0.0,rat_movement=True
1,103,140,0.09,rat_movement=True
1,142,280,0.1,rat_movement=True
1,124,200,0.2,rat_movement=True
1,80,180,0.3,rat_movement=True
1,74,100,0.4,rat_movement=True
1,6,20,0.7,rat_movement=True
1,160,160,0.5,rat_movement=True
1,257,320,0.6,rat_movement=True
1,49,160,0.9,rat_movement=True
1,22,20,1.0,rat_movement=True
1,204,280,0.0,rat_movement=True
1,181,260,0.01,rat_movement=True
1,84,260,0.05,rat_movement=True
1,87,220,0.07,rat_movement=True
1,213,220,0.03,rat_movement=True
1,5,40,0.1,rat_movement=True
1,68,100,0.2,rat_movement=True
1,928,700,0.8,rat_movement=True
1,15,20,0.5,rat_movement=True
1,106,100,0.4,rat_movement=True
1,102,80,0.6,rat_movement=True
1,398,580,0.09,rat_movement=True
1,119,60,0.8,rat_movement=True
1,386,560,0.3,rat_movement=True
1,286,240,0.7,rat_movement=True
1,6,20,0.0,rat_movement=True
1,71,80,0.03,rat_movement=True
1,186,320,0.01,rat_movement=True
1,74,100,0.07,rat_movement=True
1,514,440,0.9,rat_movement=True
1,75,80,0.09,rat_movement=True
1,245,400,0.05,rat_movement=True
1,34,40,0.2,rat_movement=True
1,108,200,0.1,rat_movement=True
1,621,520,1.0,rat_movement=True
1,25,80,0.5,rat_movement=True
1,143,140,0.3,rat_movement=True
1,121,120,0.7,rat_movement=True
1,69,100,0.8,rat_movement=True
1,308,520,0.4,rat_movement=True
1,280,460,0.6,rat_movement=True
1,10,20,0.0,rat_movement=True
1,98,120,1.0,rat_movement=True
1,94,180,0.05,rat_movement=True
1,29,40,0.07,rat_movement=True
1,146,180,0.09,rat_movement=True
1,57,80,0.2,rat_movement=True
1,484,560,0.03,rat_movement=True
1,60,80,0.3,rat_movement=True
1,215,340,0.1,rat_movement=True
1,129,120,0.4,rat_movement=True
1,13,20,0.6,rat_movement=True
1,137,280,0.5,rat_movement=True
1,67,60,0.7,rat_movement=True
1,735,1020,0.01,rat_movement=True
1,44,40,1.0,rat_movement=True
1,1182,1000,0.9,rat_movement=True
1,116,100,0.9,rat_movement=True
1,191,220,0.8,rat_movement=True
1,146,160,0.0,rat_movement=True
1,8,20,0.05,rat_movement=True
1,151,220,0.03,rat_movement=True
1,134,260,0.07,rat_movement=True
1,130,320,0.09,rat_movement=True
1,25,20,0.1,rat_movement=True
1,28,100,0.3,rat_movement=True
1,108,80,0.2,rat_movement=True
1,66,80,0.5,rat_movement=True
1,112,200,0.6,rat_movement=True
1,308,440,0.4,rat_movement=True
1,98,100,0.7,rat_movement=True
1,25,60,0.8,rat_movement=True
1,114,80,0.9,rat_movement=True
1,40,60,0.03,rat_movement=True
1,1371,1660,0.01,rat_movement=True
1,275,280,0.0,rat_movement=True
1,25,60,0.05,rat_movement=True
1,85,100,0.07,rat_movement=True
1,105,80,0.09,rat_movement=True
1,485,440,1.0,rat_movement=True
1,75,220,0.1,rat_movement=True
1,2,20,0.4,rat_movement=True
1,118,180,0.2,rat_movement=True
1,94,180,0.3,rat_movement=True
1,62,80,0.6,rat_movement=True
1,191,260,0.5,rat_movement=True
1,41,40,0.9,rat_movement=True
1,790,960,0.01,rat_movement=True
1,82,120,1.0,rat_movement=True
1,263,180,0.8,rat_movement=True
1,284,460,0.7,rat_movement=True
1,150,240,0.03,rat_movement=True
1,167,360,0.01,rat_movement=True
1,76,140,0.07,rat_movement=True
1,181,240,0.05,rat_movement=True
1,104,180,0.1,rat_movement=True
1,233,460,0.09,rat_movement=True
1,56,60,0.2,rat_movement=True
1,114,100,0.3,rat_movement=True
1,136,140,0.4,rat_movement=True
1,60,60,0.6,rat_movement=True
1,18,20,0.8,rat_movement=True
1,148,220,0.7,rat_movement=True
1,18,40,1.0,rat_movement=True
1,1642,2060,0.0,rat_movement=True
1,180,260,0.01,rat_movement=True
1,566,480,0.9,rat_movement=True
1,36,40,0.05,rat_movement=True
1,42,60,0.09,rat_movement=True
1,591,780,0.0,rat_movement=True
1,118,180,0.07,rat_movement=True
1,112,160,0.1,rat_movement=True
1,170,180,0.2,rat_movement=True
1,119,100,0.3,rat_movement=True
1,237,200,0.4,rat_movement=True
1,45,40,0.5,rat_movement=True
1,17,20,0.8,rat_movement=True
1,44,40,1.0,rat_movement=True
1,181,160,0.9,rat_movement=True
1,226,360,0.6,rat_movement=True
1,7,20,0.0,rat_movement=True
1,318,340,0.7,rat_movement=True
1,70,60,0.03,rat_movement=True
1,63,60,0.05,rat_movement=True
1,115,240,0.01,rat_movement=True
1,75,100,0.09,rat_movement=True
1,106,160,0.1,rat_movement=True
1,171,300,0.07,rat_movement=True
1,77,80,0.2,rat_movement=True
1,111,100,0.4,rat_movement=True
1,227,320,0.3,rat_movement=True
1,259,180,0.5,rat_movement=True
1,202,180,0.6,rat_movement=True
1,46,60,0.8,rat_movement=True
1,18,20,1.0,rat_movement=True
1,248,260,0.7,rat_movement=True
1,166,180,0.9,rat_movement=True
1,0,20,0.03,rat_movement=True
1,103,300,0.01,rat_movement=True
1,47,80,0.05,rat_movement=True
1,79,80,0.07,rat_movement=True
1,31,80,0.1,rat_movement=True
1,195,280,0.2,rat_movement=True
1,211,320,0.3,rat_movement=True
1,813,1120,0.09,rat_movement=True
1,326,480,0.4,rat_movement=True
1,72,80,0.7,rat_movement=True
1,423,580,0.5,rat_movement=True
1,490,560,0.6,rat_movement=True
1,89,180,0.9,rat_movement=True
1,221,240,0.0,rat_movement=True
1,14,40,0.03,rat_movement=True
1,503,420,0.8,rat_movement=True
1,145,200,0.07,rat_movement=True
1,276,480,0.05,rat_movement=True
1,66,100,0.1,rat_movement=True
1,48,80,0.2,rat_movement=True
1,312,360,0.09,rat_movement=True
1,104,180,0.3,rat_movement=True
1,808,860,0.01,rat_movement=True
1,11,40,0.5,rat_movement=True
1,84,80,0.4,rat_movement=True
1,59,60,0.6,rat_movement=True
1,104,160,0.7,rat_movement=True
1,1598,1320,1.0,rat_movement=True
1,170,240,0.8,rat_movement=True
1,154,120,0.9,rat_movement=True
1,9,20,0.0,rat_movement=True
1,252,240,1.0,rat_movement=True
1,135,140,0.01,rat_movement=True
1,125,120,0.03,rat_movement=True
1,66,100,0.05,rat_movement=True
1,37,120,0.07,rat_movement=True
1,59,120,0.09,rat_movement=True
1,28,20,0.1,rat_movement=True
1,11,20,0.2,rat_movement=True
1,31,40,0.4,rat_movement=True
1,113,100,0.3,rat_movement=True
1,108,120,0.5,rat_movement=True
1,36,40,0.6,rat_movement=True
1,380,360,0.8,rat_movement=True
1,139,120,0.9,rat_movement=True
1,80,220,0.0,rat_movement=True
1,230,340,0.01,rat_movement=True
1,2,20,0.05,rat_movement=True
1,82,140,0.07,rat_movement=True
1,105,260,0.09,rat_movement=True
1,1356,1100,0.7,rat_movement=True
1,510,880,0.03,rat_movement=True
1,2,20,0.2,rat_movement=True
1,29,20,0.3,rat_movement=True
1,96,100,0.1,rat_movement=True
1,1119,980,1.0,rat_movement=True
1,192,380,0.4,rat_movement=True
1,17,20,0.8,rat_movement=True
1,255,280,0.5,rat_movement=True
1,108,80,1.0,rat_movement=True
1,308,300,0.7,rat_movement=True
1,612,560,0.6,rat_movement=True
1,10,20,0.05,rat_movement=True
1,167,320,0.01,rat_movement=True
1,43,60,0.07,rat_movement=True
1,51,60,0.09,rat_movement=True
1,27,40,0.2,rat_movement=True
1,316,340,0.03,rat_movement=True
1,12,20,0.3,rat_movement=True
1,12,40,0.5,rat_movement=True
1,859,820,0.9,rat_movement=True
1,233,320,0.1,rat_movement=True
1,17,20,0.8,rat_movement=True
1,28,80,0.9,rat_movement=True
1,323,300,0.7,rat_movement=True
1,1038,940,0.0,rat_movement=True
1,615,720,0.4,rat_movement=True
1,263,320,1.0,rat_movement=True
1,611,860,0.6,rat_movement=True
1,16,40,0.05,rat_movement=True
1,114,100,0.03,rat_movement=True
1,253,360,0.07,rat_movement=True
1,165,200,0.09,rat_movement=True
1,41,100,0.3,rat_movement=True
1,133,220,0.2,rat_movement=True
1,198,400,0.1,rat_movement=True
1,90,80,0.5,rat_movement=True
1,220,200,0.4,rat_movement=True
1,784,1160,0.01,rat_movement=True
1,147,120,0.6,rat_movement=True
1,283,220,0.7,rat_movement=True
1,264,260,0.8,rat_movement=True
1,265,240,0.9,rat_movement=True
1,100,200,0.01,rat_movement=True
1,48,80,0.03,rat_movement=True
1,1694,1680,0.0,rat_movement=True
1,28,20,0.05,rat_movement=True
1,54,40,0.07,rat_movement=True
1,28,60,0.09,rat_movement=True
1,350,340,1.0,rat_movement=True
1,50,40,0.1,rat_movement=True
1,10,20,0.3,rat_movement=True
1,286,420,0.2,rat_movement=True
1,184,120,0.4,rat_movement=True
1,64,60,0.6,rat_movement=True
1,54,120,0.7,rat_movement=True
1,103,100,0.8,rat_movement=True
1,119,100,0.9,rat_movement=True
1,43,100,0.03,rat_movement=True
1,106,140,0.01,rat_movement=True
1,223,240,0.0,rat_movement=True
1,56,120,0.09,rat_movement=True
1,712,660,0.5,rat_movement=True
1,441,400,1.0,rat_movement=True
1,1465,1920,0.0,rat_movement=True
1,225,380,0.07,rat_movement=True
1,176,340,0.1,rat_movement=True
1,144,340,0.2,rat_movement=True
1,78,100,0.3,rat_movement=True
1,29,40,0.4,rat_movement=True
1,62,60,0.5,rat_movement=True
1,119,200,0.6,rat_movement=True
1,693,1160,0.05,rat_movement=True
1,15,20,0.8,rat_movement=True
1,113,120,0.7,rat_movement=True
1,47,40,0.9,rat_movement=True
1,21,60,1.0,rat_movement=True
1,38,60,0.01,rat_movement=True
1,88,60,0.07,rat_movement=True
1,148,280,0.03,rat_movement=True
1,27,80,0.09,rat_movement=True
1,210,300,0.05,rat_movement=True
1,29,60,0.1,rat_movement=True
1,31,100,0.2,rat_movement=True
1,595,500,0.0,rat_movement=True
1,88,100,0.6,rat_movement=True
1,95,80,0.7,rat_movement=True
1,445,420,0.3,rat_movement=True
1,59,120,0.8,rat_movement=True
1,400,520,0.4,rat_movement=True
1,90,160,0.0,rat_movement=True
1,526,440,0.5,rat_movement=True
1,25,60,0.03,rat_movement=True
1,233,240,0.9,rat_movement=True
1,89,160,0.05,rat_movement=True
1,26,60,0.09,rat_movement=True
1,184,300,0.01,rat_movement=True
1,125,240,0.07,rat_movement=True
1,71,160,0.1,rat_movement=True
1,84,140,0.2,rat_movement=True
1,13,20,0.3,rat_movement=True
1,68,60,0.5,rat_movement=True
1,182,180,0.6,rat_movement=True
1,21,40,0.7,rat_movement=True
1,57,60,0.8,rat_movement=True
1,1348,1240,1.0,rat_movement=True
1,495,820,0.4,rat_movement=True
1,11,20,0.01,rat_movement=True
1,96,120,0.03,rat_movement=True
1,133,220,0.05,rat_movement=True
1,75,60,0.07,rat_movement=True
1,44,100,0.09,rat_movement=True
1,20,40,0.1,rat_movement=True
1,83,120,0.2,rat_movement=True
1,9,20,0.3,rat_movement=True
1,1,20,0.5,rat_movement=True
1,139,120,0.4,rat_movement=True
1,128,100,0.6,rat_movement=True
1,42,40,0.8,rat_movement=True
1,19,100,0.9,rat_movement=True
1,232,200,0.7,rat_movement=True
1,60,60,0.0,rat_movement=True
1,55,120,0.01,rat_movement=True
1,2012,1720,1.0,rat_movement=True
1,61,60,0.03,rat_movement=True
1,211,240,1.0,rat_movement=True
1,122,120,0.05,rat_movement=True
1,93,280,0.07,rat_movement=True
1,2,20,0.09,rat_movement=True
1,71,80,0.1,rat_movement=True
1,28,20,0.2,rat_movement=True
1,210,280,0.3,rat_movement=True
1,280,400,0.4,rat_movement=True
1,207,340,0.5,rat_movement=True
1,41,80,0.8,rat_movement=True
1,135,260,0.7,rat_movement=True
1,308,380,0.6,rat_movement=True
1,53,120,0.9,rat_movement=True
1,32,160,0.01,rat_movement=True
1,71,120,0.03,rat_movement=True
1,10,20,0.05,rat_movement=True
1,98,280,0.07,rat_movement=True
1,30,20,0.09,rat_movement=True
1,101,300,0.1,rat_movement=True
1,123,180,0.2,rat_movement=True
1,53,140,0.3,rat_movement=True
1,163,340,0.4,rat_movement=True
1,81,200,0.5,rat_movement=True
1,6,20,0.6,rat_movement=True
1,1822,1560,1.0,rat_movement=True
1,174,180,0.7,rat_movement=True
1,1651,1560,0.0,rat_movement=True
1,190,340,0.8,rat_movement=True
1,118,60,0.01,rat_movement=True
1,284,260,0.9,rat_movement=True
1,96,200,0.05,rat_movement=True
1,203,400,0.03,rat_movement=True
1,98,160,0.07,rat_movement=True
1,13,20,0.09,rat_movement=True
1,590,580,1.0,rat_movement=True
1,534,620,0.0,rat_movement=True
1,70,80,0.1,rat_movement=True
1,116,140,0.3,rat_movement=True
1,257,320,0.2,rat_movement=True
1,172,200,0.4,rat_movement=True
1,160,240,0.5,rat_movement=True
1,54,60,0.7,rat_movement=True
1,189,180,0.6,rat_movement=True
1,74,60,1.0,rat_movement=True
1,19,60,0.03,rat_movement=True
1,134,140,0.01,rat_movement=True
1,555,500,0.9,rat_movement=True
1,663,560,0.8,rat_movement=True
1,14,60,0.09,rat_movement=True
1,44,120,0.1,rat_movement=True
1,132,280,0.07,rat_movement=True
1,28,80,0.2,rat_movement=True
1,290,320,0.05,rat_movement=True
1,132,180,0.3,rat_movement=True
1,705,920,0.0,rat_movement=True
1,105,60,0.4,rat_movement=True
1,98,120,0.5,rat_movement=True
1,15,20,0.6,rat_movement=True
1,188,340,0.7,rat_movement=True
1,24,40,0.9,rat_movement=True
1,62,60,1.0,rat_movement=True
1,350,540,0.8,rat_movement=True
1,120,160,0.01,rat_movement=True
1,76,160,0.03,rat_movement=True
1,5,20,0.07,rat_movement=True
1,112,160,0.05,rat_movement=True
1,468,660,0.0,rat_movement=True
1,79,120,0.1,rat_movement=True
1,275,220,0.09,rat_movement=True
1,84,100,0.2,rat_movement=True
1,166,140,0.3,rat_movement=True
1,27,60,0.5,rat_movement=True
1,154,240,0.4,rat_movement=True
1,53,40,0.8,rat_movement=True
1,240,380,0.6,rat_movement=True
1,416,380,0.7,rat_movement=True
1,168,140,0.01,rat_movement=True
1,353,340,1.0,rat_movement=True
1,118,260,0.03,rat_movement=True
1,10,20,0.07,rat_movement=True
1,603,520,0.9,rat_movement=True
1,168,280,0.05,rat_movement=True
1,37,40,0.2,rat_movement=True
1,168,140,0.1,rat_movement=True
1,230,400,0.09,rat_movement=True
1,123,260,0.4,rat_movement=True
1,252,320,0.3,rat_movement=True
1,154,140,0.5,rat_movement=True
1,178,140,0.6,rat_movement=True
1,148,160,0.7,rat_movement=True
1,133,220,0.8,rat_movement=True
1,179,200,1.0,rat_movement=True
1,233,300,0.0,rat_movement=True
1,190,260,0.01,rat_movement=True
1,114,240,0.03,rat_movement=True
1,293,340,0.05,rat_movement=True
1,85,60,0.07,rat_movement=True
1,911,720,0.9,rat_movement=True
1,69,120,0.09,rat_movement=True
1,17,40,0.1,rat_movement=True
1,118,100,0.2,rat_movement=True
1,127,160,0.3,rat_movement=True
1,229,180,0.4,rat_movement=True
1,49,80,0.7,rat_movement=True
1,187,180,0.6,rat_movement=True
1,7,20,0.9,rat_movement=True
1,238,400,0.5,rat_movement=True
1,25,20,0.01,rat_movement=True
1,155,140,0.0,rat_movement=True
1,53,80,0.03,rat_movement=True
1,71,80,0.05,rat_movement=True
1,7,40,0.09,rat_movement=True
1,106,140,0.07,rat_movement=True
1,507,420,1.0,rat_movement=True
1,89,160,0.1,rat_movement=True
1,91,160,0.3,rat_movement=True
1,146,160,0.4,rat_movement=True
1,133,140,0.5,rat_movement=True
1,37,40,0.7,rat_movement=True
1,22,20,0.8,rat_movement=True
1,261,400,0.2,rat_movement=True
1,155,160,0.6,rat_movement=True
1,2,20,0.01,rat_movement=True
1,34,60,0.03,rat_movement=True
1,376,320,0.9,rat_movement=True
1,383,380,1.0,rat_movement=True
1,55,100,0.07,rat_movement=True
1,16,80,0.09,rat_movement=True
1,381,420,0.0,rat_movement=True
1,85,100,0.1,rat_movement=True
1,54,40,0.2,rat_movement=True
1,82,80,0.3,rat_movement=True
1,57,80,0.4,rat_movement=True
1,33,40,0.6,rat_movement=True
1,602,1040,0.05,rat_movement=True
1,18,20,0.9,rat_movement=True
1,192,180,0.8,rat_movement=True
1,95,120,1.0,rat_movement=True
1,70,80,0.01,rat_movement=True
1,112,180,0.03,rat_movement=True
1,696,600,0.7,rat_movement=True
1,61,40,0.05,rat_movement=True
1,105,200,0.1,rat_movement=True
1,118,160,0.2,rat_movement=True
1,62,40,0.3,rat_movement=True
1,1450,1240,0.5,rat_movement=True
1,91,60,0.4,rat_movement=True
1,48,180,0.5,rat_movement=True
1,110,100,0.7,rat_movement=True
1,530,760,0.07,rat_movement=True
1,640,820,0.09,rat_movement=True
1,310,540,0.6,rat_movement=True
1,105,80,0.9,rat_movement=True
1,293,480,0.8,rat_movement=True
1,392,780,1.0,rat_movement=True
1,103,160,0.01,rat_movement=True
1,49,120,0.03,rat_movement=True
1,28,40,0.05,rat_movement=True
1,542,540,0.0,rat_movement=True
1,30,40,0.09,rat_movement=True
1,128,200,0.07,rat_movement=True
1,117,200,0.1,rat_movement=True
1,74,140,0.2,rat_movement=True
1,16,60,0.5,rat_movement=True
1,185,120,0.3,rat_movement=True
1,201,180,0.4,rat_movement=True
1,347,320,0.6,rat_movement=True
1,13,20,0.0,rat_movement=True
1,109,120,1.0,rat_movement=True
1,352,280,0.8,rat_movement=True
1,57,80,0.03,rat_movement=True
1,83,180,0.01,rat_movement=True
1,26,80,0.07,rat_movement=True
1,113,180,0.05,rat_movement=True
1,641,600,0.7,rat_movement=True
1,82,80,0.09,rat_movement=True
1,167,160,0.1,rat_movement=True
1,141,140,0.2,rat_movement=True
1,53,100,0.4,rat_movement=True
1,990,900,0.9,rat_movement=True
1,186,200,0.3,rat_movement=True
1,84,80,0.6,rat_movement=True
1,131,220,0.7,rat_movement=True
1,165,260,0.8,rat_movement=True
1,584,460,0.5,rat_movement=True
1,166,180,0.9,rat_movement=True
1,138,160,1.0,rat_movement=True
1,152,240,0.03,rat_movement=True
1,53,40,0.05,rat_movement=True
1,429,580,0.0,rat_movement=True
1,97,160,0.07,rat_movement=True
1,42,160,0.09,rat_movement=True
1,199,220,0.1,rat_movement=True
1,75,80,0.3,rat_movement=True
1,130,220,0.2,rat_movement=True
1,130,80,0.4,rat_movement=True
1,283,280,0.5,rat_movement=True
1,135,160,0.7,rat_movement=True
1,9,40,0.8,rat_movement=True
1,264,360,0.6,rat_movement=True
1,17,20,0.9,rat_movement=True
1,16,20,1.0,rat_movement=True
1,1183,1500,0.01,rat_movement=True
1,51,100,0.03,rat_movement=True
1,20,80,0.05,rat_movement=True
1,9,40,0.07,rat_movement=True
1,154,220,0.09,rat_movement=True
1,42,40,0.2,rat_movement=True
1,462,840,0.01,rat_movement=True
1,206,320,0.1,rat_movement=True
1,114,220,0.3,rat_movement=True
1,670,1000,0.0,rat_movement=True
1,105,100,0.4,rat_movement=True
1,116,120,0.8,rat_movement=True
1,20,20,1.0,rat_movement=True
1,396,340,0.5,rat_movement=True
1,326,520,0.7,rat_movement=True
1,84,140,0.01,rat_movement=True
1,61,80,0.03,rat_movement=True
1,505,400,0.6,rat_movement=True
1,16,20,0.07,rat_movement=True
1,70,100,0.09,rat_movement=True
1,170,200,0.05,rat_movement=True
1,31,100,0.2,rat_movement=True
1,51,120,0.3,rat_movement=True
1,577,720,0.0,rat_movement=True
1,230,420,0.1,rat_movement=True
1,847,820,0.9,rat_movement=True
1,32,20,0.6,rat_movement=True
1,107,100,0.5,rat_movement=True
1,172,320,0.4,rat_movement=True
1,66,80,0.9,rat_movement=True
1,232,260,0.7,rat_movement=True
1,115,100,1.0,rat_movement=True
1,242,200,0.8,rat_movement=True
1,56,100,0.0,rat_movement=True
1,107,180,0.01,rat_movement=True
1,95,200,0.03,rat_movement=True
1,84,100,0.05,rat_movement=True
1,62,140,0.07,rat_movement=True
1,37,60,0.09,rat_movement=True
1,31,40,0.1,rat_movement=True
1,34,60,0.3,rat_movement=True
1,199,220,0.2,rat_movement=True
1,140,180,0.4,rat_movement=True
1,41,40,0.5,rat_movement=True
1,119,120,0.7,rat_movement=True
1,282,320,0.6,rat_movement=True
1,164,220,0.8,rat_movement=True
1,65,60,0.0,rat_movement=True
1,30,80,0.01,rat_movement=True
1,283,240,1.0,rat_movement=True
1,493,420,0.9,rat_movement=True
1,107,100,0.05,rat_movement=True
1,164,280,0.03,rat_movement=True
1,19,100,0.07,rat_movement=True
1,55,40,0.09,rat_movement=True
1,35,40,0.1,rat_movement=True
1,14,20,0.2,rat_movement=True
1,75,80,0.3,rat_movement=True
1,97,180,0.4,rat_movement=True
1,57,60,0.5,rat_movement=True
1,71,160,0.6,rat_movement=True
1,162,160,0.7,rat_movement=True
1,226,240,0.9,rat_movement=True
1,492,480,0.8,rat_movement=True
1,160,220,0.0,rat_movement=True
1,98,180,0.01,rat_movement=True
1,22,60,0.03,rat_movement=True
1,63,100,0.07,rat_movement=True
1,158,180,0.05,rat_movement=True
1,16,20,0.09,rat_movement=True
1,89,160,0.1,rat_movement=True
1,36,40,0.2,rat_movement=True
1,828,740,1.0,rat_movement=True
1,54,100,0.3,rat_movement=True
1,107,80,0.4,rat_movement=True
1,61,80,0.6,rat_movement=True
1,94,80,0.7,rat_movement=True
1,14,40,1.0,rat_movement=True
1,68,80,0.9,rat_movement=True
1,104,200,0.0,rat_movement=True
1,63,140,0.01,rat_movement=True
1,365,420,0.5,rat_movement=True
1,46,100,0.03,rat_movement=True
1,114,180,0.07,rat_movement=True
1,67,60,0.09,rat_movement=True
1,37,20,0.1,rat_movement=True
1,36,20,0.3,rat_movement=True
1,105,200,0.2,rat_movement=True
1,19,60,0.4,rat_movement=True
1,123,240,0.6,rat_movement=True
1,286,300,0.5,rat_movement=True
1,52,100,0.7,rat_movement=True
1,1444,1260,0.8,rat_movement=True
1,97,100,0.9,rat_movement=True
1,1038,1520,0.05,rat_movement=True
1,150,160,1.0,rat_movement=True
1,54,40,0.03,rat_movement=True
1,238,260,0.01,rat_movement=True
1,610,600,0.8,rat_movement=True
1,215,360,0.05,rat_movement=True
1,108,200,0.09,rat_movement=True
1,75,80,0.2,rat_movement=True
1,17,20,0.4,rat_movement=True
1,187,400,0.1,rat_movement=True
1,94,60,0.3,rat_movement=True
1,404,620,0.07,rat_movement=True
1,4,20,0.7,rat_movement=True
1,155,280,0.6,rat_movement=True
1,136,160,0.8,rat_movement=True
1,1255,1380,0.0,rat_movement=True
1,152,160,0.01,rat_movement=True
1,392,340,1.0,rat_movement=True
1,475,460,0.9,rat_movement=True
1,50,80,0.03,rat_movement=True
1,38,20,0.07,rat_movement=True
1,108,160,0.05,rat_movement=True
1,22,20,0.09,rat_movement=True
1,45,80,0.1,rat_movement=True
1,1196,920,0.5,rat_movement=True
1,84,100,0.2,rat_movement=True
1,735,840,0.0,rat_movement=True
1,85,100,0.3,rat_movement=True
1,5,20,0.6,rat_movement=True
1,189,240,0.5,rat_movement=True
1,219,260,0.7,rat_movement=True
1,204,300,0.8,rat_movement=True
1,62,40,1.0,rat_movement=True
1,595,600,0.4,rat_movement=True
1,96,100,0.0,rat_movement=True
1,305,540,0.9,rat_movement=True
1,108,160,0.03,rat_movement=True
1,152,240,0.01,rat_movement=True
1,42,160,0.07,rat_movement=True
1,85,160,0.09,rat_movement=True
1,82,60,0.1,rat_movement=True
1,309,600,0.05,rat_movement=True
1,93,120,0.2,rat_movement=True
1,38,60,0.4,rat_movement=True
1,166,200,0.5,rat_movement=True
1,289,540,0.3,rat_movement=True
1,78,80,0.8,rat_movement=True
1,288,340,0.6,rat_movement=True
1,109,180,1.0,rat_movement=True
1,92,100,0.0,rat_movement=True
1,234,220,0.9,rat_movement=True
1,45,60,0.03,rat_movement=True
1,76,100,0.05,rat_movement=True
1,74,180,0.07,rat_movement=True
1,65,100,0.09,rat_movement=True
1,4,20,0.1,rat_movement=True
1,127,100,0.2,rat_movement=True
1,99,100,0.3,rat_movement=True
1,490,780,0.01,rat_movement=True
1,955,1020,0.7,rat_movement=True
1,36,20,0.5,rat_movement=True
1,141,400,0.4,rat_movement=True
1,142,120,0.6,rat_movement=True
1,90,100,0.8,rat_movement=True
1,161,220,0.9,rat_movement=True
1,96,80,1.0,rat_movement=True
1,84,120,0.0,rat_movement=True
1,543,580,0.7,rat_movement=True
1,12,20,0.05,rat_movement=True
1,127,160,0.03,rat_movement=True
1,88,160,0.07,rat_movement=True
1,33,40,0.09,rat_movement=True
1,393,640,0.01,rat_movement=True
1,72,140,0.1,rat_movement=True
1,7,20,0.3,rat_movement=True
1,65,60,0.5,rat_movement=True
1,136,240,0.4,rat_movement=True
1,235,320,0.2,rat_movement=True
1,145,300,0.7,rat_movement=True
1,187,200,0.6,rat_movement=True
1,112,100,0.8,rat_movement=True
1,132,120,1.0,rat_movement=True
1,297,260,0.9,rat_movement=True
1,74,60,0.01,rat_movement=True
1,45,60,0.03,rat_movement=True
1,9,20,0.05,rat_movement=True
1,60,100,0.07,rat_movement=True
1,38,20,0.09,rat_movement=True
1,51,120,0.1,rat_movement=True
1,64,40,0.2,rat_movement=True
1,13,20,0.3,rat_movement=True
1,34,80,0.4,rat_movement=True
1,94,80,0.5,rat_movement=True
1,745,960,0.0,rat_movement=True
1,72,140,0.6,rat_movement=True
1,213,400,0.7,rat_movement=True
1,207,260,0.9,rat_movement=True
1,91,160,0.01,rat_movement=True
1,182,200,1.0,rat_movement=True
1,63,80,0.05,rat_movement=True
1,132,260,0.03,rat_movement=True
1,37,20,0.1,rat_movement=True
1,108,140,0.09,rat_movement=True
1,564,760,0.8,rat_movement=True
1,98,160,0.2,rat_movement=True
1,263,520,0.07,rat_movement=True
1,75,200,0.3,rat_movement=True
1,81,120,0.4,rat_movement=True
1,602,620,0.0,rat_movement=True
1,100,220,0.7,rat_movement=True
1,367,420,0.5,rat_movement=True
1,226,260,0.8,rat_movement=True
1,45,120,0.03,rat_movement=True
1,77,180,0.01,rat_movement=True
1,545,460,0.6,rat_movement=True
1,45,100,0.05,rat_movement=True
1,61,120,0.07,rat_movement=True
1,118,180,0.1,rat_movement=True
1,705,600,1.0,rat_movement=True
1,651,780,0.0,rat_movement=True
1,56,80,0.3,rat_movement=True
1,105,100,0.2,rat_movement=True
1,395,700,0.09,rat_movement=True
1,50,80,0.4,rat_movement=True
1,36,80,0.5,rat_movement=True
1,113,180,0.7,rat_movement=True
1,163,140,0.6,rat_movement=True
1,13,20,1.0,rat_movement=True
1,1355,1100,0.9,rat_movement=True
1,31,20,0.01,rat_movement=True
1,13,60,0.05,rat_movement=True
1,95,160,0.03,rat_movement=True
1,406,420,0.8,rat_movement=True
1,300,360,0.9,rat_movement=True
1,47,40,0.09,rat_movement=True
1,82,60,0.07,rat_movement=True
1,73,80,0.1,rat_movement=True
1,38,100,0.3,rat_movement=True
1,130,80,0.2,rat_movement=True
1,100,160,0.6,rat_movement=True
1,219,260,0.5,rat_movement=True
1,773,760,0.0,rat_movement=True
1,247,320,0.8,rat_movement=True
1,150,160,1.0,rat_movement=True
1,543,480,0.7,rat_movement=True
1,694,840,0.4,rat_movement=True
1,68,80,0.03,rat_movement=True
1,119,260,0.01,rat_movement=True
1,73,260,0.05,rat_movement=True
1,628,520,0.9,rat_movement=True
1,73,200,0.07,rat_movement=True
1,60,40,0.09,rat_movement=True
1,9,40,0.2,rat_movement=True
1,128,140,0.1,rat_movement=True
1,66,80,0.3,rat_movement=True
1,638,760,0.0,rat_movement=True
1,204,260,0.4,rat_movement=True
1,42,80,0.7,rat_movement=True
1,243,280,0.5,rat_movement=True
1,212,180,0.6,rat_movement=True
1,125,160,0.9,rat_movement=True
1,29,40,0.03,rat_movement=True
1,235,460,1.0,rat_movement=True
1,38,60,0.05,rat_movement=True
1,225,320,0.01,rat_movement=True
1,93,200,0.09,rat_movement=True
1,136,280,0.07,rat_movement=True
1,712,620,0.8,rat_movement=True
1,33,80,0.1,rat_movement=True
1,75,160,0.2,rat_movement=True
1,65,60,0.4,rat_movement=True
1,87,120,0.3,rat_movement=True
1,178,140,0.5,rat_movement=True
1,154,200,0.6,rat_movement=True
1,1063,1040,0.0,rat_movement=True
1,130,120,0.8,rat_movement=True
1,357,400,0.7,rat_movement=True
1,153,140,0.9,rat_movement=True
1,14,40,0.01,rat_movement=True
1,169,240,1.0,rat_movement=True
1,144,140,0.03,rat_movement=True
1,286,300,0.0,rat_movement=True
1,60,80,0.05,rat_movement=True
1,46,100,0.07,rat_movement=True
1,75,100,0.09,rat_movement=True
1,24,40,0.3,rat_movement=True
1,131,120,0.1,rat_movement=True
1,132,120,0.2,rat_movement=True
1,50,140,0.5,rat_movement=True
1,157,160,0.4,rat_movement=True
1,80,60,0.6,rat_movement=True
1,96,180,1.0,rat_movement=True
1,418,360,0.7,rat_movement=True
1,15,40,0.01,rat_movement=True
1,242,420,0.9,rat_movement=True
1,85,80,0.03,rat_movement=True
1,92,120,0.05,rat_movement=True
1,72,140,0.07,rat_movement=True
1,37,60,0.09,rat_movement=True
1,37,40,0.1,rat_movement=True
1,916,780,0.8,rat_movement=True
1,166,200,0.2,rat_movement=True
1,32,140,0.5,rat_movement=True
1,239,320,0.3,rat_movement=True
1,125,120,0.4,rat_movement=True
1,100,120,0.9,rat_movement=True
1,288,280,0.6,rat_movement=True
1,207,240,0.8,rat_movement=True
1,55,60,0.01,rat_movement=True
1,116,280,1.0,rat_movement=True
1,212,360,0.0,rat_movement=True
1,202,200,0.03,rat_movement=True
1,48,40,0.07,rat_movement=True
1,199,260,0.05,rat_movement=True
1,1548,1580,0.0,rat_movement=True
1,67,200,0.09,rat_movement=True
1,15,40,0.2,rat_movement=True
1,8,40,0.3,rat_movement=True
1,1013,860,0.7,rat_movement=True
1,110,240,0.1,rat_movement=True
1,51,100,0.6,rat_movement=True
1,36,20,0.7,rat_movement=True
1,172,340,0.5,rat_movement=True
1,18,60,0.9,rat_movement=True
1,139,240,0.8,rat_movement=True
1,573,600,0.4,rat_movement=True
1,113,180,0.01,rat_movement=True
1,12,20,0.05,rat_movement=True
1,428,360,1.0,rat_movement=True
1,102,140,0.07,rat_movement=True
1,57,80,0.09,rat_movement=True
1,178,200,0.03,rat_movement=True
1,10,20,0.1,rat_movement=True
1,38,20,0.3,rat_movement=True
1,77,160,0.2,rat_movement=True
1,12,20,0.4,rat_movement=True
1,101,120,0.5,rat_movement=True
1,779,840,0.0,rat_movement=True
1,80,100,0.6,rat_movement=True
1,57,60,0.8,rat_movement=True
1,163,220,0.7,rat_movement=True
1,18,20,1.0,rat_movement=True
1,63,100,0.9,rat_movement=True
1,93,140,0.0,rat_movement=True
1,9,20,0.03,rat_movement=True
1,31,60,0.01,rat_movement=True
1,9,20,0.09,rat_movement=True
1,17,20,0.1,rat_movement=True
1,120,260,0.07,rat_movement=True
1,195,380,0.05,rat_movement=True
1,116,180,0.2,rat_movement=True
1,159,140,0.3,rat_movement=True
1,63,60,0.4,rat_movement=True
1,255,260,0.5,rat_movement=True
1,58,40,0.7,rat_movement=True
1,180,180,0.6,rat_movement=True
1,191,180,0.9,rat_movement=True
1,221,200,1.0,rat_movement=True
1,50,40,0.05,rat_movement=True
1,146,240,0.03,rat_movement=True
1,276,600,0.07,rat_movement=True
1,53,80,0.09,rat_movement=True
1,63,200,0.1,rat_movement=True
1,93,160,0.2,rat_movement=True
1,1390,1220,0.8,rat_movement=True
1,1259,1180,0.0,rat_movement=True
1,94,180,0.6,rat_movement=True
1,174,200,0.5,rat_movement=True
1,14,20,0.8,rat_movement=True
1,293,320,0.3,rat_movement=True
1,207,220,0.7,rat_movement=True
1,489,560,0.4,rat_movement=True
1,271,240,1.0,rat_movement=True
1,248,360,0.0,rat_movement=True
1,46,60,0.05,rat_movement=True
1,105,220,0.03,rat_movement=True
1,109,120,0.07,rat_movement=True
1,339,440,0.01,rat_movement=True
1,79,60,0.09,rat_movement=True
1,113,160,0.1,rat_movement=True
1,105,220,0.2,rat_movement=True
1,18,60,0.4,rat_movement=True
1,92,100,0.3,rat_movement=True
1,1235,1320,0.9,rat_movement=True
1,185,160,0.5,rat_movement=True
1,93,80,0.6,rat_movement=True
1,64,60,0.7,rat_movement=True
1,71,80,0.9,rat_movement=True
1,117,120,1.0,rat_movement=True
1,27,20,0.01,rat_movement=True
1,115,160,0.05,rat_movement=True
1,141,400,0.03,rat_movement=True
1,544,540,0.8,rat_movement=True
1,133,200,0.07,rat_movement=True
1,101,80,0.09,rat_movement=True
1,525,740,0.0,rat_movement=True
1,156,140,0.2,rat_movement=True
1,81,80,0.4,rat_movement=True
1,282,500,0.1,rat_movement=True
1,200,220,0.3,rat_movement=True
1,73,60,0.6,rat_movement=True
1,99,140,0.5,rat_movement=True
1,9,40,0.9,rat_movement=True
1,132,200,0.7,rat_movement=True
1,359,340,0.8,rat_movement=True
1,130,120,0.01,rat_movement=True
1,71,60,0.03,rat_movement=True
1,4,20,0.07,rat_movement=True
1,63,160,0.05,rat_movement=True
1,91,140,0.09,rat_movement=True
1,34,80,0.1,rat_movement=True
1,785,720,1.0,rat_movement=True
1,11,20,0.3,rat_movement=True
1,91,60,0.2,rat_movement=True
1,10,20,0.4,rat_movement=True
1,128,100,0.5,rat_movement=True
1,123,120,0.6,rat_movement=True
1,1088,1260,0.0,rat_movement=True
1,81,80,0.8,rat_movement=True
1,62,60,0.9,rat_movement=True
1,12,60,1.0,rat_movement=True
1,447,460,0.7,rat_movement=True
1,289,280,0.0,rat_movement=True
1,70,120,0.03,rat_movement=True
1,68,40,0.05,rat_movement=True
1,99,180,0.07,rat_movement=True
1,87,160,0.1,rat_movement=True
1,196,240,0.09,rat_movement=True
1,26,60,0.2,rat_movement=True
1,8,40,0.5,rat_movement=True
1,218,220,0.4,rat_movement=True
1,97,140,0.6,rat_movement=True
1,435,600,0.3,rat_movement=True
1,84,80,0.7,rat_movement=True
1,26,60,0.9,rat_movement=True
1,142,180,0.8,rat_movement=True
1,62,100,1.0,rat_movement=True
1,8,40,0.03,rat_movement=True
1,184,220,0.01,rat_movement=True
1,1690,1680,0.01,rat_movement=True
1,22,20,0.05,rat_movement=True
1,30,100,0.07,rat_movement=True
1,75,160,0.09,rat_movement=True
1,26,20,0.3,rat_movement=True
1,156,180,0.1,rat_movement=True
1,65,80,0.4,rat_movement=True
1,200,220,0.2,rat_movement=True
1,86,140,0.6,rat_movement=True
1,22,20,0.8,rat_movement=True
1,268,280,0.7,rat_movement=True
1,618,560,0.5,rat_movement=True
1,1292,1360,0.0,rat_movement=True
1,135,160,1.0,rat_movement=True
1,420,440,0.9,rat_movement=True
1,131,220,0.01,rat_movement=True
1,169,200,0.05,rat_movement=True
1,121,220,0.07,rat_movement=True
1,51,40,0.09,rat_movement=True
1,285,520,0.03,rat_movement=True
1,60,100,0.1,rat_movement=True
1,121,200,0.2,rat_movement=True
1,170,180,0.3,rat_movement=True
1,148,260,0.4,rat_movement=True
1,35,60,0.5,rat_movement=True
1,26,40,0.7,rat_movement=True
1,51,60,0.8,rat_movement=True
1,167,200,0.6,rat_movement=True
1,80,100,0.0,rat_movement=True
1,1265,1440,0.0,rat_movement=True
1,46,20,0.05,rat_movement=True
1,36,20,0.07,rat_movement=True
1,170,220,0.01,rat_movement=True
1,29,60,0.09,rat_movement=True
1,26,20,0.2,rat_movement=True
1,483,420,0.9,rat_movement=True
1,247,440,0.03,rat_movement=True
1,503,600,1.0,rat_movement=True
1,125,140,0.3,rat_movement=True
1,75,120,0.5,rat_movement=True
1,132,100,0.4,rat_movement=True
1,48,100,0.6,rat_movement=True
1,260,400,0.1,rat_movement=True
1,59,40,0.7,rat_movement=True
1,23,80,0.8,rat_movement=True
1,9,20,1.0,rat_movement=True
1,71,60,0.9,rat_movement=True
1,30,40,0.03,rat_movement=True
1,91,100,0.0,rat_movement=True
1,156,340,0.01,rat_movement=True
1,137,120,0.05,rat_movement=True
1,31,40,0.1,rat_movement=True
1,161,220,0.07,rat_movement=True
1,93,140,0.09,rat_movement=True
1,89,120,0.3,rat_movement=True
1,98,180,0.2,rat_movement=True
1,280,440,0.4,rat_movement=True
1,296,280,0.5,rat_movement=True
1,142,220,0.7,rat_movement=True
1,504,440,0.6,rat_movement=True
1,224,220,0.9,rat_movement=True
1,476,440,0.8,rat_movement=True
1,131,260,0.01,rat_movement=True
1,598,500,1.0,rat_movement=True
1,194,300,0.03,rat_movement=True
1,26,60,0.07,rat_movement=True
1,156,260,0.05,rat_movement=True
1,13,20,0.09,rat_movement=True
1,116,140,0.1,rat_movement=True
1,122,380,0.2,rat_movement=True
1,340,440,0.3,rat_movement=True
1,134,100,0.4,rat_movement=True
1,1635,1660,0.0,rat_movement=True
1,145,160,0.7,rat_movement=True
1,436,400,0.5,rat_movement=True
1,322,280,0.8,rat_movement=True
1,122,240,0.0,rat_movement=True
1,649,640,0.6,rat_movement=True
1,85,140,0.01,rat_movement=True
1,91,180,0.03,rat_movement=True
1,144,240,0.05,rat_movement=True
1,556,540,1.0,rat_movement=True
1,18,40,0.09,rat_movement=True
1,49,20,0.1,rat_movement=True
1,45,80,0.2,rat_movement=True
1,157,240,0.07,rat_movement=True
1,5,20,0.3,rat_movement=True
1,1000,800,0.9,rat_movement=True
1,92,140,0.4,rat_movement=True
1,32,60,0.6,rat_movement=True
1,255,560,0.5,rat_movement=True
1,121,120,0.7,rat_movement=True
1,83,80,1.0,rat_movement=True
1,14,40,0.0,rat_movement=True
1,155,300,0.9,rat_movement=True
1,215,240,0.03,rat_movement=True
1,283,300,0.01,rat_movement=True
1,164,360,0.05,rat_movement=True
1,105,140,0.07,rat_movement=True
1,52,140,0.1,rat_movement=True
1,95,160,0.09,rat_movement=True
1,1180,980,0.8,rat_movement=True
1,36,60,0.5,rat_movement=True
1,151,100,0.3,rat_movement=True
1,223,260,0.4,rat_movement=True
1,30,20,0.8,rat_movement=True
1,15,40,0.9,rat_movement=True
1,635,720,0.2,rat_movement=True
1,84,140,1.0,rat_movement=True
1,338,360,0.7,rat_movement=True
1,44,40,0.03,rat_movement=True
1,64,180,0.01,rat_movement=True
1,92,160,0.05,rat_movement=True
1,111,160,0.07,rat_movement=True
1,42,80,0.09,rat_movement=True
1,758,680,0.6,rat_movement=True
1,134,240,0.1,rat_movement=True
1,75,80,0.3,rat_movement=True
1,61,60,0.4,rat_movement=True
1,92,160,0.6,rat_movement=True
1,136,300,0.5,rat_movement=True
1,77,100,0.9,rat_movement=True
1,66,60,1.0,rat_movement=True
1,520,880,0.2,rat_movement=True
1,50,100,0.0,rat_movement=True
1,322,320,0.8,rat_movement=True
1,66,100,0.01,rat_movement=True
1,32,20,0.07,rat_movement=True
1,1374,1560,0.0,rat_movement=True
1,128,80,0.09,rat_movement=True
1,293,520,0.03,rat_movement=True
1,91,100,0.2,rat_movement=True
1,1051,840,0.7,rat_movement=True
1,72,140,0.3,rat_movement=True
1,31,40,0.4,rat_movement=True
1,295,520,0.1,rat_movement=True
1,44,100,0.5,rat_movement=True
1,73,60,0.6,rat_movement=True
1,137,280,0.8,rat_movement=True
1,91,120,0.0,rat_movement=True
1,379,300,0.7,rat_movement=True
1,183,180,1.0,rat_movement=True
1,128,260,0.01,rat_movement=True
1,120,140,0.03,rat_movement=True
1,1176,1440,0.05,rat_movement=True
1,64,140,0.09,rat_movement=True
1,186,420,0.05,rat_movement=True
1,150,200,0.07,rat_movement=True
1,54,100,0.2,rat_movement=True
1,76,120,0.3,rat_movement=True
1,285,340,0.1,rat_movement=True
1,197,280,0.4,rat_movement=True
1,59,80,0.6,rat_movement=True
1,71,100,0.7,rat_movement=True
1,259,300,0.5,rat_movement=True
1,44,100,0.0,rat_movement=True
1,150,200,0.9,rat_movement=True
1,1284,1080,0.9,rat_movement=True
1,195,400,1.0,rat_movement=True
1,92,140,0.03,rat_movement=True
1,95,80,0.05,rat_movement=True
1,480,500,0.8,rat_movement=True
1,67,120,0.07,rat_movement=True
1,81,100,0.09,rat_movement=True
1,53,80,0.3,rat_movement=True
1,99,180,0.1,rat_movement=True
1,61,140,0.2,rat_movement=True
1,101,160,0.5,rat_movement=True
1,109,100,0.6,rat_movement=True
1,568,740,0.01,rat_movement=True
1,23,100,0.8,rat_movement=True
1,94,80,0.7,rat_movement=True
1,191,140,1.0,rat_movement=True
1,438,400,0.4,rat_movement=True
1,93,120,0.05,rat_movement=True
1,165,220,0.03,rat_movement=True
1,708,560,0.9,rat_movement=True
1,381,540,0.01,rat_movement=True
1,85,220,0.07,rat_movement=True
1,28,20,0.1,rat_movement=True
1,39,40,0.09,rat_movement=True
1,100,260,0.2,rat_movement=True
1,76,120,0.3,rat_movement=True
1,102,140,0.5,rat_movement=True
1,105,140,0.6,rat_movement=True
1,1173,1220,0.0,rat_movement=True
1,107,140,0.8,rat_movement=True
1,219,260,0.7,rat_movement=True
1,135,180,0.9,rat_movement=True
1,73,100,1.0,rat_movement=True
1,72,140,0.01,rat_movement=True
1,123,80,0.03,rat_movement=True
1,59,60,0.07,rat_movement=True
1,23,20,0.2,rat_movement=True
1,132,240,0.09,rat_movement=True
1,113,200,0.1,rat_movement=True
1,435,520,0.0,rat_movement=True
1,63,60,0.4,rat_movement=True
1,101,80,0.3,rat_movement=True
1,126,200,0.6,rat_movement=True
1,1292,1180,0.4,rat_movement=True
1,62,60,0.8,rat_movement=True
1,82,100,1.0,rat_movement=True
1,747,1080,0.05,rat_movement=True
1,25,60,0.01,rat_movement=True
1,177,180,0.0,rat_movement=True
1,32,20,0.05,rat_movement=True
1,36,20,0.07,rat_movement=True
1,86,160,0.03,rat_movement=True
1,583,820,0.7,rat_movement=True
1,79,80,0.09,rat_movement=True
1,32,20,0.1,rat_movement=True
1,643,580,0.9,rat_movement=True
1,32,100,0.2,rat_movement=True
1,995,820,0.5,rat_movement=True
1,147,100,0.4,rat_movement=True
1,80,120,0.6,rat_movement=True
1,17,20,0.8,rat_movement=True
1,36,60,0.7,rat_movement=True
1,351,380,0.3,rat_movement=True
1,320,260,0.5,rat_movement=True
1,270,280,0.9,rat_movement=True
1,28,60,0.03,rat_movement=True
1,240,340,0.01,rat_movement=True
1,152,320,0.05,rat_movement=True
1,68,40,0.07,rat_movement=True
1,68,120,0.09,rat_movement=True
1,179,160,0.1,rat_movement=True
1,237,380,0.2,rat_movement=True
1,97,100,0.4,rat_movement=True
1,337,400,0.3,rat_movement=True
1,426,360,0.5,rat_movement=True
1,234,340,0.6,rat_movement=True
1,170,160,0.7,rat_movement=True
1,146,160,0.9,rat_movement=True
1,163,220,1.0,rat_movement=True
1,15,40,0.01,rat_movement=True
1,5,20,0.03,rat_movement=True
1,88,120,0.05,rat_movement=True
1,218,360,0.0,rat_movement=True
1,96,180,0.07,rat_movement=True
1,93,160,0.09,rat_movement=True
1,828,800,0.8,rat_movement=True
1,32,60,0.1,rat_movement=True
1,8,20,0.3,rat_movement=True
1,25,60,0.2,rat_movement=True
1,126,200,0.4,rat_movement=True
1,75,80,0.5,rat_movement=True
1,55,60,0.7,rat_movement=True
1,193,260,0.6,rat_movement=True
1,134,140,0.8,rat_movement=True
1,42,40,1.0,rat_movement=True
1,65,60,0.01,rat_movement=True
1,84,120,0.03,rat_movement=True
1,171,220,0.0,rat_movement=True
1,130,120,0.05,rat_movement=True
1,373,340,0.9,rat_movement=True
1,39,80,0.1,rat_movement=True
1,31,40,0.2,rat_movement=True
1,28,40,0.3,rat_movement=True
1,115,160,0.09,rat_movement=True
1,197,220,0.07,rat_movement=True
1,63,120,0.6,rat_movement=True
1,191,320,0.5,rat_movement=True
1,271,420,0.4,rat_movement=True
1,73,40,0.7,rat_movement=True
1,69,80,1.0,rat_movement=True
1,27,40,0.03,rat_movement=True
1,299,240,0.8,rat_movement=True
1,89,100,0.05,rat_movement=True
1,55,60,0.07,rat_movement=True
1,289,420,0.01,rat_movement=True
1,57,60,0.1,rat_movement=True
1,110,120,0.09,rat_movement=True
1,532,760,0.9,rat_movement=True
1,9,40,0.4,rat_movement=True
1,64,100,0.3,rat_movement=True
1,219,260,0.2,rat_movement=True
1,55,80,0.6,rat_movement=True
1,91,100,0.7,rat_movement=True
1,43,80,0.8,rat_movement=True
1,380,340,0.5,rat_movement=True
1,52,60,1.0,rat_movement=True
1,36,20,0.01,rat_movement=True
1,55,80,0.03,rat_movement=True
1,130,160,0.0,rat_movement=True
1,40,60,0.05,rat_movement=True
1,312,440,0.9,rat_movement=True
1,104,180,0.07,rat_movement=True
1,83,180,0.09,rat_movement=True
1,55,100,0.1,rat_movement=True
1,50,40,0.2,rat_movement=True
1,201,400,0.3,rat_movement=True
1,66,80,0.5,rat_movement=True
1,219,440,0.4,rat_movement=True
1,1803,1920,0.0,rat_movement=True
1,92,120,0.6,rat_movement=True
1,287,320,0.7,rat_movement=True
1,270,280,0.9,rat_movement=True
1,103,180,0.0,rat_movement=True
1,167,260,0.03,rat_movement=True
1,179,260,0.05,rat_movement=True
1,5,20,0.07,rat_movement=True
1,44,60,0.9,rat_movement=False
1,433,360,0.8,rat_movement=False
1,367,360,1.0,rat_movement=False
1,84,60,0.01,rat_movement=False
1,26,120,0.03,rat_movement=False
1,47,100,0.07,rat_movement=False
1,84,200,0.05,rat_movement=False
1,33,80,0.09,rat_movement=False
1,99,140,0.1,rat_movement=False
1,209,160,0.2,rat_movement=False
1,170,140,0.3,rat_movement=False
1,180,140,0.4,rat_movement=False
1,25,100,0.5,rat_movement=False
1,6,20,0.6,rat_movement=False
1,2245,1780,0.0,rat_movement=False
1,319,240,0.7,rat_movement=False
1,175,100,0.8,rat_movement=False
1,219,120,0.9,rat_movement=False
1,62,40,1.0,rat_movement=False
1,770,620,0.0,rat_movement=False
1,128,260,0.01,rat_movement=False
1,45,100,0.05,rat_movement=False
1,64,180,0.03,rat_movement=False
1,12,20,0.07,rat_movement=False
1,69,100,0.09,rat_movement=False
1,19,80,0.1,rat_movement=False
1,39,100,0.2,rat_movement=False
1,91,80,0.3,rat_movement=False
1,254,140,0.4,rat_movement=False
1,308,180,0.5,rat_movement=False
1,301,240,0.6,rat_movement=False
1,311,220,0.7,rat_movement=False
1,8,60,0.8,rat_movement=False
1,181,100,0.9,rat_movement=False
1,156,80,1.0,rat_movement=False
1,2,20,0.0,rat_movement=False
1,104,180,0.01,rat_movement=False
1,7,60,0.03,rat_movement=False
1,57,80,0.05,rat_movement=False
1,155,200,0.07,rat_movement=False
1,89,140,0.09,rat_movement=False
1,150,140,0.1,rat_movement=False
1,19,40,0.2,rat_movement=False
1,23,60,0.3,rat_movement=False
1,5,40,0.4,rat_movement=False
1,210,140,0.5,rat_movement=False
1,265,160,0.6,rat_movement=False
1,90,60,0.7,rat_movement=False
1,43,20,0.8,rat_movement=False
1,137,80,0.9,rat_movement=False
1,288,180,1.0,rat_movement=False
1,174,180,0.01,rat_movement=False
1,63,80,0.03,rat_movement=False
1,101,140,0.05,rat_movement=False
1,48,40,0.07,rat_movement=False
1,84,100,0.09,rat_movement=False
1,92,100,0.1,rat_movement=False
1,1174,1160,0.0,rat_movement=False
1,66,40,0.2,rat_movement=False
1,123,60,0.3,rat_movement=False
1,20,20,0.4,rat_movement=False
1,42,80,0.5,rat_movement=False
1,47,100,0.6,rat_movement=False
1,108,60,0.7,rat_movement=False
1,160,80,0.8,rat_movement=False
1,214,120,0.9,rat_movement=False
1,332,220,1.0,rat_movement=False
1,39,60,0.03,rat_movement=False
1,76,180,0.01,rat_movement=False
1,22,40,0.05,rat_movement=False
1,37,100,0.07,rat_movement=False
1,833,620,0.0,rat_movement=False
1,51,140,0.09,rat_movement=False
1,65,120,0.1,rat_movement=False
1,121,80,0.2,rat_movement=False
1,54,60,0.3,rat_movement=False
1,207,200,0.4,rat_movement=False
1,204,140,0.5,rat_movement=False
1,34,20,0.6,rat_movement=False
1,288,200,0.7,rat_movement=False
1,230,180,0.8,rat_movement=False
1,225,200,0.9,rat_movement=False
1,34,20,0.01,rat_movement=False
1,217,200,0.0,rat_movement=False
1,128,140,0.03,rat_movement=False
1,587,420,1.0,rat_movement=False
1,30,40,0.05,rat_movement=False
1,110,60,0.07,rat_movement=False
1,40,100,0.09,rat_movement=False
1,140,200,0.1,rat_movement=False
1,34,80,0.2,rat_movement=False
1,126,120,0.3,rat_movement=False
1,11,40,0.4,rat_movement=False
1,143,100,0.5,rat_movement=False
1,219,160,0.6,rat_movement=False
1,5,40,0.7,rat_movement=False
1,275,180,0.8,rat_movement=False
1,348,260,1.0,rat_movement=False
1,784,560,0.9,rat_movement=False
1,84,220,0.01,rat_movement=False
1,70,140,0.03,rat_movement=False
1,86,60,0.05,rat_movement=False
1,352,340,0.0,rat_movement=False
1,49,60,0.07,rat_movement=False
1,63,60,0.09,rat_movement=False
1,66,100,0.1,rat_movement=False
1,51,120,0.2,rat_movement=False
1,20,60,0.3,rat_movement=False
1,5,40,0.4,rat_movement=False
1,297,200,0.5,rat_movement=False
1,14,20,0.7,rat_movement=False
1,263,140,0.6,rat_movement=False
1,254,160,0.8,rat_movement=False
1,267,160,0.9,rat_movement=False
1,191,120,1.0,rat_movement=False
1,721,580,0.0,rat_movement=False
1,25,20,0.01,rat_movement=False
1,107,120,0.03,rat_movement=False
1,105,80,0.05,rat_movement=False
1,21,60,0.07,rat_movement=False
1,26,60,0.09,rat_movement=False
1,105,140,0.1,rat_movement=False
1,38,80,0.2,rat_movement=False
1,177,140,0.3,rat_movement=False
1,38,100,0.4,rat_movement=False
1,239,200,0.5,rat_movement=False
1,68,40,0.6,rat_movement=False
1,392,320,0.7,rat_movement=False
1,101,60,0.9,rat_movement=False
1,490,320,0.8,rat_movement=False
1,214,140,1.0,rat_movement=False
1,133,420,0.01,rat_movement=False
1,87,120,0.03,rat_movement=False
1,88,100,0.05,rat_movement=False
1,86,140,0.07,rat_movement=False
1,71,100,0.09,rat_movement=False
1,120,180,0.1,rat_movement=False
1,34,80,0.2,rat_movement=False
1,166,120,0.3,rat_movement=False
1,29,100,0.4,rat_movement=False
1,50,20,0.5,rat_movement=False
1,1498,1180,0.0,rat_movement=False
1,144,80,0.6,rat_movement=False
1,251,240,0.7,rat_movement=False
1,122,60,0.8,rat_movement=False
1,347,260,0.9,rat_movement=False
1,336,220,1.0,rat_movement=False
1,262,300,0.01,rat_movement=False
1,57,120,0.03,rat_movement=False
1,1253,1060,0.0,rat_movement=False
1,22,40,0.07,rat_movement=False
1,122,160,0.05,rat_movement=False
1,74,100,0.09,rat_movement=False
1,14,40,0.1,rat_movement=False
1,98,140,0.2,rat_movement=False
1,141,100,0.3,rat_movement=False
1,28,20,0.4,rat_movement=False
1,218,160,0.5,rat_movement=False
1,20,40,0.6,rat_movement=False
1,161,100,0.8,rat_movement=False
1,429,340,0.7,rat_movement=False
1,16,40,1.0,rat_movement=False
1,455,280,0.9,rat_movement=False
1,185,200,0.01,rat_movement=False
1,103,120,0.03,rat_movement=False
1,44,60,0.07,rat_movement=False
1,109,140,0.05,rat_movement=False
1,611,480,0.0,rat_movement=False
1,59,80,0.1,rat_movement=False
1,71,160,0.09,rat_movement=False
1,4,20,0.2,rat_movement=False
1,18,80,0.3,rat_movement=False
1,62,80,0.4,rat_movement=False
1,51,20,0.5,rat_movement=False
1,201,160,0.6,rat_movement=False
1,205,160,0.7,rat_movement=False
1,45,80,0.8,rat_movement=False
1,122,60,0.9,rat_movement=False
1,117,60,1.0,rat_movement=False
1,74,140,0.03,rat_movement=False
1,116,380,0.01,rat_movement=False
1,37,80,0.05,rat_movement=False
1,91,120,0.07,rat_movement=False
1,25,60,0.09,rat_movement=False
1,1201,920,0.0,rat_movement=False
1,59,100,0.1,rat_movement=False
1,63,80,0.2,rat_movement=False
1,100,120,0.3,rat_movement=False
1,152,120,0.4,rat_movement=False
1,166,140,0.5,rat_movement=False
1,303,240,0.6,rat_movement=False
1,405,320,0.8,rat_movement=False
1,226,160,0.9,rat_movement=False
1,717,500,0.7,rat_movement=False
1,430,300,1.0,rat_movement=False
1,149,200,0.01,rat_movement=False
1,73,240,0.03,rat_movement=False
1,114,140,0.05,rat_movement=False
1,33,20,0.07,rat_movement=False
1,53,60,0.09,rat_movement=False
1,120,180,0.1,rat_movement=False
1,31,80,0.2,rat_movement=False
1,81,80,0.3,rat_movement=False
1,66,100,0.4,rat_movement=False
1,2086,1620,0.0,rat_movement=False
1,145,80,0.5,rat_movement=False
1,260,200,0.6,rat_movement=False
1,225,180,0.7,rat_movement=False
1,40,20,0.9,rat_movement=False
1,295,200,0.8,rat_movement=False
1,224,120,1.0,rat_movement=False
1,657,520,0.0,rat_movement=False
1,160,280,0.01,rat_movement=False
1,130,160,0.03,rat_movement=False
1,64,120,0.05,rat_movement=False
1,86,120,0.07,rat_movement=False
1,95,80,0.09,rat_movement=False
1,100,160,0.1,rat_movement=False
1,89,60,0.2,rat_movement=False
1,234,160,0.3,rat_movement=False
1,83,80,0.4,rat_movement=False
1,183,140,0.5,rat_movement=False
1,366,280,0.6,rat_movement=False
1,104,120,0.7,rat_movement=False
1,176,100,0.8,rat_movement=False
1,194,100,0.9,rat_movement=False
1,103,100,0.01,rat_movement=False
1,50,40,0.03,rat_movement=False
1,781,580,1.0,rat_movement=False
1,47,120,0.05,rat_movement=False
1,92,120,0.07,rat_movement=False
1,31,80,0.09,rat_movement=False
1,88,80,0.1,rat_movement=False
1,1182,920,0.0,rat_movement=False
1,25,60,0.2,rat_movement=False
1,65,140,0.3,rat_movement=False
1,328,240,0.4,rat_movement=False
1,12,40,0.5,rat_movement=False
1,283,200,0.6,rat_movement=False
1,264,160,0.7,rat_movement=False
1,337,220,0.8,rat_movement=False
1,78,60,1.0,rat_movement=False
1,339,240,0.9,rat_movement=False
1,35,220,0.01,rat_movement=False
1,40,80,0.03,rat_movement=False
1,40,40,0.05,rat_movement=False
1,33,80,0.07,rat_movement=False
1,33,20,0.09,rat_movement=False
1,22,40,0.1,rat_movement=False
1,79,60,0.2,rat_movement=False
1,1600,1320,0.0,rat_movement=False
1,83,80,0.3,rat_movement=False
1,113,60,0.4,rat_movement=False
1,168,160,0.5,rat_movement=False
1,287,240,0.6,rat_movement=False
1,12,40,0.8,rat_movement=False
1,650,420,0.7,rat_movement=False
1,279,200,0.9,rat_movement=False
1,396,300,1.0,rat_movement=False
1,86,80,0.01,rat_movement=False
1,333,280,0.0,rat_movement=False
1,67,180,0.03,rat_movement=False
1,62,160,0.05,rat_movement=False
1,47,80,0.07,rat_movement=False
1,21,40,0.09,rat_movement=False
1,47,40,0.1,rat_movement=False
1,119,140,0.3,rat_movement=False
1,198,140,0.2,rat_movement=False
1,24,80,0.4,rat_movement=False
1,43,80,0.5,rat_movement=False
1,45,80,0.6,rat_movement=False
1,82,40,0.7,rat_movement=False
1,64,40,0.8,rat_movement=False
1,109,60,0.9,rat_movement=False
1,182,180,0.0,rat_movement=False
1,86,80,0.01,rat_movement=False
1,115,180,0.03,rat_movement=False
1,817,560,1.0,rat_movement=False
1,17,40,0.05,rat_movement=False
1,18,60,0.07,rat_movement=False
1,55,60,0.09,rat_movement=False
1,9,60,0.1,rat_movement=False
1,72,40,0.2,rat_movement=False
1,118,200,0.3,rat_movement=False
1,116,140,0.4,rat_movement=False
1,210,120,0.5,rat_movement=False
1,177,80,0.6,rat_movement=False
1,195,120,0.7,rat_movement=False
1,78,40,0.9,rat_movement=False
1,32,20,1.0,rat_movement=False
1,489,360,0.8,rat_movement=False
1,47,40,0.01,rat_movement=False
1,109,220,0.03,rat_movement=False
1,436,420,0.0,rat_movement=False
1,96,80,0.05,rat_movement=False
1,76,120,0.07,rat_movement=False
1,52,40,0.09,rat_movement=False
1,52,80,0.1,rat_movement=False
1,69,100,0.2,rat_movement=False
1,96,80,0.3,rat_movement=False
1,173,120,0.4,rat_movement=False
1,17,60,0.5,rat_movement=False
1,365,220,0.6,rat_movement=False
1,322,180,0.7,rat_movement=False
1,18,20,0.9,rat_movement=False
1,140,80,0.8,rat_movement=False
1,39,60,0.01,rat_movement=False
1,226,160,0.0,rat_movement=False
1,108,180,0.03,rat_movement=False
1,34,60,0.05,rat_movement=False
1,60,60,0.07,rat_movement=False
1,668,480,1.0,rat_movement=False
1,108,140,0.09,rat_movement=False
1,120,160,0.1,rat_movement=False
1,71,60,0.2,rat_movement=False
1,131,80,0.3,rat_movement=False
1,23,80,0.4,rat_movement=False
1,134,100,0.5,rat_movement=False
1,141,80,0.6,rat_movement=False
1,89,60,0.7,rat_movement=False
1,33,20,0.8,rat_movement=False
1,40,40,1.0,rat_movement=False
1,600,380,0.9,rat_movement=False
1,227,160,0.0,rat_movement=False
1,80,280,0.01,rat_movement=False
1,63,140,0.03,rat_movement=False
1,70,160,0.05,rat_movement=False
1,91,80,0.07,rat_movement=False
1,57,80,0.09,rat_movement=False
1,58,160,0.1,rat_movement=False
1,231,180,0.2,rat_movement=False
1,56,80,0.3,rat_movement=False
1,181,140,0.4,rat_movement=False
1,30,20,0.6,rat_movement=False
1,199,160,0.5,rat_movement=False
1,311,200,0.7,rat_movement=False
1,296,220,0.8,rat_movement=False
1,213,120,0.9,rat_movement=False
1,51,40,1.0,rat_movement=False
1,222,220,0.0,rat_movement=False
1,87,220,0.01,rat_movement=False
1,74,100,0.03,rat_movement=False
1,12,20,0.05,rat_movement=False
1,82,180,0.07,rat_movement=False
1,98,100,0.09,rat_movement=False
1,42,60,0.1,rat_movement=False
1,68,80,0.2,rat_movement=False
1,64,40,0.3,rat_movement=False
1,18,20,0.4,rat_movement=False
1,314,220,0.5,rat_movement=False
1,81,40,0.7,rat_movement=False
1,321,240,0.6,rat_movement=False
1,298,240,0.8,rat_movement=False
1,470,340,0.9,rat_movement=False
1,419,320,1.0,rat_movement=False
1,96,200,0.01,rat_movement=False
1,80,160,0.03,rat_movement=False
1,124,140,0.05,rat_movement=False
1,111,180,0.07,rat_movement=False
1,64,140,0.09,rat_movement=False
1,55,60,0.1,rat_movement=False
1,39,20,0.2,rat_movement=False
1,1485,1180,0.0,rat_movement=False
1,164,160,0.3,rat_movement=False
1,180,160,0.4,rat_movement=False
1,229,120,0.5,rat_movement=False
1,68,40,0.7,rat_movement=False
1,373,280,0.6,rat_movement=False
1,15,20,0.8,rat_movement=False
1,13,20,1.0,rat_movement=False
1,338,200,0.9,rat_movement=False
1,156,260,0.01,rat_movement=False
1,140,160,0.03,rat_movement=False
1,72,60,0.05,rat_movement=False
1,13,60,0.07,rat_movement=False
1,22,40,0.09,rat_movement=False
1,84,80,0.1,rat_movement=False
1,8,60,0.3,rat_movement=False
1,181,100,0.2,rat_movement=False
1,183,160,0.4,rat_movement=False
1,260,180,0.5,rat_movement=False
1,2469,1920,0.0,rat_movement=False
1,261,160,0.6,rat_movement=False
1,283,200,0.7,rat_movement=False
1,242,180,0.8,rat_movement=False
1,247,140,0.9,rat_movement=False
1,243,180,1.0,rat_movement=False
1,289,200,0.0,rat_movement=False
1,132,100,0.01,rat_movement=False
1,83,160,0.03,rat_movement=False
1,52,100,0.05,rat_movement=False
1,89,100,0.07,rat_movement=False
1,18,60,0.09,rat_movement=False
1,53,100,0.1,rat_movement=False
1,108,100,0.2,rat_movement=False
1,68,80,0.3,rat_movement=False
1,235,160,0.4,rat_movement=False
1,62,120,0.5,rat_movement=False
1,115,60,0.7,rat_movement=False
1,272,160,0.6,rat_movement=False
1,369,220,0.8,rat_movement=False
1,6,20,1.0,rat_movement=False
1,854,600,0.9,rat_movement=False
1,104,60,0.01,rat_movement=False
1,71,180,0.03,rat_movement=False
1,52,60,0.05,rat_movement=False
1,112,220,0.07,rat_movement=False
1,70,100,0.09,rat_movement=False
1,60,100,0.1,rat_movement=False
1,15,60,0.2,rat_movement=False
1,1410,1140,0.0,rat_movement=False
1,175,120,0.3,rat_movement=False
1,183,140,0.4,rat_movement=False
1,231,160,0.5,rat_movement=False
1,331,200,0.6,rat_movement=False
1,314,220,0.7,rat_movement=False
1,14,60,0.9,rat_movement=False
1,223,140,0.8,rat_movement=False
1,412,280,1.0,rat_movement=False
1,20,20,0.01,rat_movement=False
1,259,220,0.0,rat_movement=False
1,138,180,0.03,rat_movement=False
1,41,80,0.05,rat_movement=False
1,30,40,0.07,rat_movement=False
1,98,160,0.09,rat_movement=False
1,21,80,0.1,rat_movement=False
1,39,80,0.3,rat_movement=False
1,99,140,0.2,rat_movement=False
1,206,160,0.4,rat_movement=False
1,91,60,0.5,rat_movement=False
1,80,60,0.6,rat_movement=False
1,61,40,0.7,rat_movement=False
1,349,220,0.8,rat_movement=False
1,46,120,0.9,rat_movement=False
1,9,20,0.0,rat_movement=False
1,139,120,0.01,rat_movement=False
1,515,380,1.0,rat_movement=False
1,83,100,0.03,rat_movement=False
1,85,140,0.05,rat_movement=False
1,66,60,0.07,rat_movement=False
1,115,120,0.09,rat_movement=False
1,36,80,0.1,rat_movement=False
1,90,60,0.2,rat_movement=False
1,24,60,0.3,rat_movement=False
1,228,120,0.4,rat_movement=False
1,277,160,0.5,rat_movement=False
1,82,40,0.6,rat_movement=False
1,138,80,0.7,rat_movement=False
1,380,220,0.8,rat_movement=False
1,71,40,0.9,rat_movement=False
1,483,300,1.0,rat_movement=False
1,104,80,0.01,rat_movement=False
1,59,200,0.03,rat_movement=False
1,93,120,0.05,rat_movement=False
1,82,100,0.07,rat_movement=False
1,74,120,0.09,rat_movement=False
1,27,40,0.1,rat_movement=False
1,145,160,0.2,rat_movement=False
1,205,140,0.3,rat_movement=False
1,1663,1380,0.0,rat_movement=False
1,298,200,0.4,rat_movement=False
1,345,240,0.5,rat_movement=False
1,79,40,0.7,rat_movement=False
1,33,80,0.9,rat_movement=False
1,213,160,0.6,rat_movement=False
1,90,60,1.0,rat_movement=False
1,196,380,0.01,rat_movement=False
1,38,20,0.03,rat_movement=False
1,902,660,0.8,rat_movement=False
1,36,40,0.05,rat_movement=False
1,49,60,0.07,rat_movement=False
1,66,80,0.09,rat_movement=False
1,76,60,0.1,rat_movement=False
1,1450,1080,0.0,rat_movement=False
1,145,140,0.2,rat_movement=False
1,44,120,0.3,rat_movement=False
1,196,160,0.4,rat_movement=False
1,457,360,0.5,rat_movement=False
1,21,40,0.7,rat_movement=False
1,344,240,0.6,rat_movement=False
1,168,160,0.8,rat_movement=False
1,279,200,0.9,rat_movement=False
1,366,240,1.0,rat_movement=False
1,13,20,0.01,rat_movement=False
1,985,760,0.0,rat_movement=False
1,54,160,0.03,rat_movement=False
1,65,100,0.05,rat_movement=False
1,71,140,0.07,rat_movement=False
1,73,80,0.09,rat_movement=False
1,70,100,0.1,rat_movement=False
1,143,100,0.2,rat_movement=False
1,33,40,0.3,rat_movement=False
1,324,180,0.4,rat_movement=False
1,197,160,0.5,rat_movement=False
1,227,180,0.6,rat_movement=False
1,267,160,0.7,rat_movement=False
1,116,60,0.9,rat_movement=False
1,503,360,0.8,rat_movement=False
1,309,220,1.0,rat_movement=False
1,212,160,0.0,rat_movement=False
1,44,100,0.03,rat_movement=False
1,75,260,0.01,rat_movement=False
1,64,160,0.05,rat_movement=False
1,66,160,0.07,rat_movement=False
1,32,60,0.09,rat_movement=False
1,63,60,0.1,rat_movement=False
1,20,60,0.2,rat_movement=False
1,214,180,0.3,rat_movement=False
1,205,120,0.4,rat_movement=False
1,164,100,0.5,rat_movement=False
1,24,80,0.6,rat_movement=False
1,81,60,0.7,rat_movement=False
1,144,100,0.8,rat_movement=False
1,197,120,0.9,rat_movement=False
1,522,360,1.0,rat_movement=False
1,172,180,0.0,rat_movement=False
1,103,160,0.01,rat_movement=False
1,55,100,0.03,rat_movement=False
1,27,60,0.05,rat_movement=False
1,88,120,0.07,rat_movement=False
1,131,120,0.09,rat_movement=False
1,24,80,0.1,rat_movement=False
1,27,60,0.2,rat_movement=False
1,68,40,0.3,rat_movement=False
1,13,20,0.4,rat_movement=False
1,274,220,0.6,rat_movement=False
1,368,260,0.5,rat_movement=False
1,120,60,0.7,rat_movement=False
1,304,220,0.8,rat_movement=False
1,10,20,1.0,rat_movement=False
1,315,220,0.9,rat_movement=False
1,384,340,0.0,rat_movement=False
1,123,360,0.01,rat_movement=False
1,108,200,0.03,rat_movement=False
1,85,120,0.05,rat_movement=False
1,50,120,0.07,rat_movement=False
1,53,60,0.09,rat_movement=False
1,113,100,0.1,rat_movement=False
1,69,60,0.2,rat_movement=False
1,86,60,0.3,rat_movement=False
1,28,40,0.4,rat_movement=False
1,20,80,0.5,rat_movement=False
1,202,180,0.6,rat_movement=False
1,295,200,0.7,rat_movement=False
1,323,220,0.8,rat_movement=False
1,24,60,0.9,rat_movement=False
1,198,140,1.0,rat_movement=False
1,137,160,0.0,rat_movement=False
1,639,520,1.0,rat_movement=True
1,67,80,0.09,rat_movement=True
1,43,120,0.1,rat_movement=True
1,105,120,0.2,rat_movement=True
1,40,80,0.4,rat_movement=True
1,633,920,0.01,rat_movement=True
1,111,300,0.3,rat_movement=True
1,159,180,0.5,rat_movement=True
1,129,200,0.7,rat_movement=True
1,51,40,0.9,rat_movement=True
1,224,280,0.8,rat_movement=True
1,345,380,0.6,rat_movement=True
1,66,100,1.0,rat_movement=True
1,55,140,0.01,rat_movement=True
1,52,120,0.05,rat_movement=True
1,191,320,0.03,rat_movement=True
1,116,120,0.07,rat_movement=True
1,34,60,0.09,rat_movement=True
1,38,100,0.1,rat_movement=True
1,40,60,0.2,rat_movement=True
1,158,240,0.3,rat_movement=True
1,172,140,0.5,rat_movement=True
1,96,140,0.7,rat_movement=True
1,338,380,0.4,rat_movement=True
1,71,80,0.8,rat_movement=True
1,384,440,0.6,rat_movement=True
1,335,280,0.9,rat_movement=True
1,252,240,0.01,rat_movement=True
1,3,20,0.05,rat_movement=True
1,59,80,0.07,rat_movement=True
1,233,420,0.03,rat_movement=True
1,62,80,0.1,rat_movement=True
1,53,60,0.2,rat_movement=True
1,114,280,0.09,rat_movement=True
1,45,40,0.4,rat_movement=True
1,564,780,0.0,rat_movement=True
1,119,80,0.3,rat_movement=True
1,27,60,0.5,rat_movement=True
1,14,20,0.7,rat_movement=True
1,54,40,0.8,rat_movement=True
1,0,20,1.0,rat_movement=True
1,45,40,0.9,rat_movement=True
1,220,200,0.6,rat_movement=True
1,1210,1040,1.0,rat_movement=True
1,26,20,0.05,rat_movement=True
1,16,60,0.07,rat_movement=True
1,263,240,0.01,rat_movement=True
1,153,140,0.03,rat_movement=True
1,345,380,0.0,rat_movement=True
1,32,20,0.09,rat_movement=True
1,26,40,0.1,rat_movement=True
1,127,140,0.2,rat_movement=True
1,150,160,0.3,rat_movement=True
1,30,40,0.6,rat_movement=True
1,104,120,0.5,rat_movement=True
1,67,60,0.9,rat_movement=True
1,11,20,1.0,rat_movement=True
1,402,500,0.4,rat_movement=True
1,18,40,0.01,rat_movement=True
1,299,340,0.7,rat_movement=True
1,79,100,0.03,rat_movement=True
1,375,320,0.8,rat_movement=True
1,43,60,0.05,rat_movement=True
1,7,20,0.09,rat_movement=True
1,39,20,0.1,rat_movement=True
1,97,140,0.07,rat_movement=True
1,325,380,0.0,rat_movement=True
1,55,100,0.3,rat_movement=True
1,81,60,0.4,rat_movement=True
1,154,340,0.5,rat_movement=True
1,311,360,0.2,rat_movement=True
1,286,280,0.7,rat_movement=True
1,79,40,0.9,rat_movement=True
1,37,60,1.0,rat_movement=True
1,31,60,0.01,rat_movement=True
1,737,760,0.6,rat_movement=True
1,70,40,0.03,rat_movement=True
1,165,220,0.0,rat_movement=True
1,79,100,0.05,rat_movement=True
1,72,100,0.1,rat_movement=True
1,29,80,0.2,rat_movement=True
1,133,260,0.09,rat_movement=True
1,129,280,0.3,rat_movement=True
1,327,460,0.07,rat_movement=True
1,999,800,0.8,rat_movement=True
1,50,80,0.5,rat_movement=True
1,190,140,0.4,rat_movement=True
1,105,160,0.6,rat_movement=True
1,28,20,0.8,rat_movement=True
1,93,120,0.7,rat_movement=True
1,32,80,0.9,rat_movement=True
1,49,40,1.0,rat_movement=True
1,44,100,0.01,rat_movement=True
1,89,100,0.05,rat_movement=True
1,30,60,0.07,rat_movement=True
1,44,20,0.09,rat_movement=True
1,292,420,0.03,rat_movement=True
1,429,480,0.0,rat_movement=True
1,119,120,0.1,rat_movement=True
1,22,20,0.4,rat_movement=True
1,210,180,0.3,rat_movement=True
1,99,100,0.5,rat_movement=True
1,24,20,0.7,rat_movement=True
1,593,700,0.2,rat_movement=True
1,53,100,0.8,rat_movement=True
1,61,60,0.9,rat_movement=True
1,56,100,0.0,rat_movement=True
1,415,360,0.6,rat_movement=True
1,391,420,1.0,rat_movement=True
1,344,280,0.01,rat_movement=True
1,208,360,0.03,rat_movement=True
1,95,160,0.05,rat_movement=True
1,8,20,0.09,rat_movement=True
1,121,160,0.2,rat_movement=True
1,402,620,0.07,rat_movement=True
1,130,120,0.3,rat_movement=True
1,47,100,0.6,rat_movement=True
1,102,240,0.4,rat_movement=True
1,75,80,0.7,rat_movement=True
1,244,240,0.5,rat_movement=True
1,10,20,0.0,rat_movement=True
1,137,160,0.8,rat_movement=True
1,530,840,0.1,rat_movement=True
1,137,120,0.9,rat_movement=True
1,64,60,0.03,rat_movement=True
1,22,20,0.07,rat_movement=True
1,118,180,0.01,rat_movement=True
1,188,220,1.0,rat_movement=True
1,97,80,0.05,rat_movement=True
1,52,80,0.1,rat_movement=True
1,92,100,0.09,rat_movement=True
1,35,80,0.2,rat_movement=True
1,63,200,0.4,rat_movement=True
1,215,320,0.3,rat_movement=True
1,100,240,0.5,rat_movement=True
1,156,180,0.6,rat_movement=True
1,47,100,0.7,rat_movement=True
1,60,60,0.0,rat_movement=True
1,114,240,0.01,rat_movement=True
1,41,60,0.03,rat_movement=True
1,976,820,0.8,rat_movement=True
1,72,140,0.07,rat_movement=True
1,1082,940,1.0,rat_movement=True
1,200,360,0.05,rat_movement=True
1,37,20,0.1,rat_movement=True
1,108,200,0.09,rat_movement=True
1,40,80,0.3,rat_movement=True
1,14,20,0.4,rat_movement=True
1,33,40,0.5,rat_movement=True
1,160,240,0.2,rat_movement=True
1,206,280,0.6,rat_movement=True
1,211,340,0.7,rat_movement=True
1,1917,1520,0.9,rat_movement=True
1,52,60,1.0,rat_movement=True
1,82,100,0.9,rat_movement=True
1,42,60,0.0,rat_movement=True
1,38,120,0.01,rat_movement=True
1,113,100,0.03,rat_movement=True
1,45,40,0.07,rat_movement=True
1,186,280,0.05,rat_movement=True
1,77,140,0.1,rat_movement=True
1,203,320,0.2,rat_movement=True
1,372,520,0.09,rat_movement=True
1,86,60,0.4,rat_movement=True
1,154,280,0.3,rat_movement=True
1,59,60,0.7,rat_movement=True
1,122,180,0.6,rat_movement=True
1,26,20,0.9,rat_movement=True
1,178,420,0.5,rat_movement=True
1,90,200,0.8,rat_movement=True
1,1401,1300,0.8,rat_movement=True
1,135,140,1.0,rat_movement=True
1,123,180,0.01,rat_movement=True
1,72,100,0.03,rat_movement=True
1,54,40,0.05,rat_movement=True
1,18,60,0.07,rat_movement=True
1,308,340,0.0,rat_movement=True
1,108,220,0.09,rat_movement=True
1,84,160,0.2,rat_movement=True
1,43,40,0.4,rat_movement=True
1,264,340,0.1,rat_movement=True
1,43,40,0.5,rat_movement=True
1,139,300,0.3,rat_movement=True
1,90,80,0.7,rat_movement=True
1,50,60,0.9,rat_movement=True
1,231,240,0.6,rat_movement=True
1,94,100,0.0,rat_movement=True
1,84,120,0.01,rat_movement=True
1,309,280,0.8,rat_movement=True
1,100,60,0.03,rat_movement=True
1,94,200,0.05,rat_movement=True
1,95,140,0.07,rat_movement=True
1,23,20,0.1,rat_movement=True
1,73,140,0.09,rat_movement=True
1,435,400,1.0,rat_movement=True
1,53,60,0.3,rat_movement=True
1,134,220,0.2,rat_movement=True
1,52,140,0.4,rat_movement=True
1,122,180,0.5,rat_movement=True
1,181,140,0.6,rat_movement=True
1,237,240,0.8,rat_movement=True
1,179,340,0.9,rat_movement=True
1,4,20,0.01,rat_movement=True
1,46,60,0.03,rat_movement=True
1,410,380,1.0,rat_movement=True
1,28,60,0.05,rat_movement=True
1,46,120,0.1,rat_movement=True
1,843,900,0.7,rat_movement=True
1,84,120,0.3,rat_movement=True
1,154,120,0.2,rat_movement=True
1,81,60,0.5,rat_movement=True
1,8,40,0.6,rat_movement=True
1,366,780,0.07,rat_movement=True
1,409,660,0.09,rat_movement=True
1,176,140,0.4,rat_movement=True
1,64,60,0.8,rat_movement=True
1,893,980,0.0,rat_movement=True
1,157,160,0.7,rat_movement=True
1,180,180,1.0,rat_movement=True
1,432,580,0.9,rat_movement=True
1,191,380,0.05,rat_movement=True
1,54,40,0.07,rat_movement=True
1,424,580,0.01,rat_movement=True
1,54,40,0.09,rat_movement=True
1,331,520,0.03,rat_movement=True
1,94,100,0.2,rat_movement=True
1,118,200,0.1,rat_movement=True
1,72,100,0.3,rat_movement=True
1,104,100,0.4,rat_movement=True
1,274,280,0.5,rat_movement=True
1,1109,1080,0.0,rat_movement=True
1,237,280,0.8,rat_movement=True
1,670,540,0.6,rat_movement=True
1,288,260,0.9,rat_movement=True
1,38,20,0.01,rat_movement=True
1,822,1160,0.7,rat_movement=True
1,351,320,1.0,rat_movement=True
1,124,120,0.05,rat_movement=True
1,80,160,0.07,rat_movement=True
1,334,420,0.03,rat_movement=True
1,91,160,0.09,rat_movement=True
1,22,40,0.2,rat_movement=True
1,515,740,0.0,rat_movement=True
1,16,60,0.4,rat_movement=True
1,61,80,0.3,rat_movement=True
1,76,80,0.5,rat_movement=True
1,183,320,0.1,rat_movement=True
1,126,160,0.6,rat_movement=True
1,218,240,0.7,rat_movement=True
1,68,100,1.0,rat_movement=True
1,216,320,0.9,rat_movement=True
1,46,40,0.03,rat_movement=True
1,183,260,0.01,rat_movement=True
1,389,380,0.8,rat_movement=True
1,39,100,0.05,rat_movement=True
1,13,40,0.09,rat_movement=True
1,45,60,0.07,rat_movement=True
1,62,40,0.1,rat_movement=True
1,61,40,0.3,rat_movement=True
1,225,260,0.2,rat_movement=True
1,221,360,0.4,rat_movement=True
1,128,280,0.5,rat_movement=True
1,149,280,0.6,rat_movement=True
1,79,80,0.8,rat_movement=True
1,259,380,0.7,rat_movement=True
1,96,200,0.9,rat_movement=True
1,13,40,0.0,rat_movement=True
1,46,60,0.01,rat_movement=True
1,12,40,0.03,rat_movement=True
1,13,20,0.05,rat_movement=True
1,67,140,0.09,rat_movement=True
1,765,780,1.0,rat_movement=True
1,228,540,0.07,rat_movement=True
1,113,220,0.1,rat_movement=True
1,76,220,0.3,rat_movement=True
1,42,80,0.5,rat_movement=True
1,80,100,0.4,rat_movement=True
1,233,160,0.2,rat_movement=True
1,91,100,0.7,rat_movement=True
1,15,20,0.9,rat_movement=True
1,57,60,0.8,rat_movement=True
1,187,200,0.6,rat_movement=True
1,36,40,1.0,rat_movement=True
1,33,40,0.0,rat_movement=True
1,18,80,0.01,rat_movement=True
1,57,80,0.03,rat_movement=True
1,25,80,0.05,rat_movement=True
1,28,80,0.07,rat_movement=True
1,19,40,0.09,rat_movement=True
1,108,140,0.1,rat_movement=True
1,124,80,0.3,rat_movement=True
1,42,60,0.5,rat_movement=True
1,285,420,0.4,rat_movement=True
1,242,220,0.6,rat_movement=True
1,14,20,1.0,rat_movement=True
1,503,740,0.2,rat_movement=True
1,89,120,0.9,rat_movement=True
1,145,100,0.01,rat_movement=True
1,454,480,0.7,rat_movement=True
1,54,120,0.03,rat_movement=True
1,60,60,0.05,rat_movement=True
1,69,80,0.07,rat_movement=True
1,61,60,0.09,rat_movement=True
1,39,100,0.1,rat_movement=True
1,32,20,0.2,rat_movement=True
1,728,600,0.8,rat_movement=True
1,39,20,0.5,rat_movement=True
1,190,180,0.4,rat_movement=True
1,258,540,0.3,rat_movement=True
1,49,60,0.7,rat_movement=True
1,66,100,0.8,rat_movement=True
1,132,140,0.9,rat_movement=True
1,222,200,1.0,rat_movement=True
1,475,420,0.6,rat_movement=True
1,16,20,0.03,rat_movement=True
1,19,40,0.07,rat_movement=True
1,63,100,0.05,rat_movement=True
1,248,320,0.0,rat_movement=True
1,35,60,0.09,rat_movement=True
1,97,60,0.1,rat_movement=True
1,130,120,0.2,rat_movement=True
1,39,40,0.3,rat_movement=True
1,68,100,0.5,rat_movement=True
1,228,240,0.4,rat_movement=True
1,152,180,0.6,rat_movement=True
1,183,240,0.8,rat_movement=True
1,23,20,1.0,rat_movement=True
1,48,100,0.0,rat_movement=True
1,100,180,0.01,rat_movement=True
1,94,240,0.03,rat_movement=True
1,695,560,0.9,rat_movement=True
1,1607,1560,0.01,rat_movement=True
1,35,80,0.05,rat_movement=True
1,866,780,0.7,rat_movement=True
1,47,40,0.09,rat_movement=True
1,268,440,0.07,rat_movement=True
1,158,240,0.2,rat_movement=True
1,222,380,0.3,rat_movement=True
1,131,200,0.4,rat_movement=True
1,34,80,0.7,rat_movement=True
1,730,980,0.1,rat_movement=True
1,421,340,0.8,rat_movement=True
1,672,720,0.5,rat_movement=True
1,408,400,0.9,rat_movement=True
1,703,560,0.6,rat_movement=True
1,79,120,0.0,rat_movement=True
1,65,140,0.01,rat_movement=True
1,185,360,1.0,rat_movement=True
1,41,80,0.03,rat_movement=True
1,53,60,0.05,rat_movement=True
1,31,40,0.1,rat_movement=True
1,156,180,0.09,rat_movement=True
1,208,380,0.07,rat_movement=True
1,194,180,0.3,rat_movement=True
1,226,320,0.2,rat_movement=True
1,263,260,0.4,rat_movement=True
1,145,140,0.8,rat_movement=True
1,403,360,0.6,rat_movement=True
1,522,860,0.5,rat_movement=True
1,195,220,1.0,rat_movement=True
1,39,40,0.01,rat_movement=True
1,292,320,0.0,rat_movement=True
1,322,500,0.03,rat_movement=True
1,982,880,0.9,rat_movement=True
1,263,480,0.05,rat_movement=True
1,9,20,0.1,rat_movement=True
1,134,160,0.07,rat_movement=True
1,93,140,0.09,rat_movement=True
1,58,120,0.2,rat_movement=True
1,1602,1220,0.7,rat_movement=True
1,190,160,0.3,rat_movement=True
1,144,160,0.5,rat_movement=True
1,6,20,0.7,rat_movement=True
1,107,120,0.8,rat_movement=True
1,41,40,0.9,rat_movement=True
1,381,500,0.4,rat_movement=True
1,195,240,0.6,rat_movement=True
1,38,60,0.01,rat_movement=True
1,64,80,0.03,rat_movement=True
1,75,80,0.05,rat_movement=True
1,272,280,0.0,rat_movement=True
1,54,80,0.09,rat_movement=True
1,472,660,1.0,rat_movement=True
1,264,380,0.07,rat_movement=True
1,119,100,0.1,rat_movement=True
1,85,80,0.2,rat_movement=True
1,25,40,0.3,rat_movement=True
1,250,220,0.4,rat_movement=True
1,43,80,0.7,rat_movement=True
1,156,200,0.5,rat_movement=True
1,231,240,0.6,rat_movement=True
1,7,20,1.0,rat_movement=True
1,232,260,0.01,rat_movement=True
1,106,120,0.03,rat_movement=True
1,78,180,0.07,rat_movement=True
1,1197,1100,0.8,rat_movement=True
1,295,540,0.05,rat_movement=True
1,37,80,0.1,rat_movement=True
1,77,60,0.2,rat_movement=True
1,56,80,0.3,rat_movement=True
1,223,480,0.09,rat_movement=True
1,971,1040,0.0,rat_movement=True
1,23,40,0.6,rat_movement=True
1,159,120,0.4,rat_movement=True
1,169,180,0.5,rat_movement=True
1,1622,1300,0.9,rat_movement=True
1,278,300,0.7,rat_movement=True
1,108,120,0.01,rat_movement=True
1,632,600,0.8,rat_movement=True
1,83,100,0.03,rat_movement=True
1,51,80,0.05,rat_movement=True
1,607,520,0.9,rat_movement=True
1,528,720,1.0,rat_movement=True
1,454,580,0.0,rat_movement=True
1,68,60,0.09,rat_movement=True
1,67,200,0.07,rat_movement=True
1,78,80,0.2,rat_movement=True
1,113,260,0.1,rat_movement=True
1,40,60,0.3,rat_movement=True
1,20,60,0.4,rat_movement=True
1,13,20,0.6,rat_movement=True
1,23,20,0.7,rat_movement=True
1,154,300,0.5,rat_movement=True
1,203,300,0.9,rat_movement=True
1,204,240,0.01,rat_movement=True
1,389,500,0.0,rat_movement=True
1,60,140,0.03,rat_movement=True
1,800,720,1.0,rat_movement=True
1,108,340,0.05,rat_movement=True
1,109,160,0.09,rat_movement=True
1,175,380,0.07,rat_movement=True
1,54,180,0.2,rat_movement=True
1,127,160,0.1,rat_movement=True
1,136,100,0.5,rat_movement=True
1,1494,1440,0.8,rat_movement=True
1,59,40,0.6,rat_movement=True
1,259,340,0.3,rat_movement=True
1,61,120,0.8,rat_movement=True
1,101,140,0.7,rat_movement=True
1,45,100,0.01,rat_movement=True
1,22,40,0.03,rat_movement=True
1,486,860,0.4,rat_movement=True
1,188,300,0.0,rat_movement=True
1,66,40,0.05,rat_movement=True
1,14,20,0.09,rat_movement=True
1,17,40,0.1,rat_movement=True
1,114,120,0.07,rat_movement=True
1,0,0,0.2,rat_movement=True
1,367,460,1.0,rat_movement=True
1,64,60,0.3,rat_movement=True
1,611,640,0.9,rat_movement=True
1,73,60,0.5,rat_movement=True
1,169,240,0.4,rat_movement=True
1,68,100,0.6,rat_movement=True
1,76,80,0.7,rat_movement=True
1,58,80,0.9,rat_movement=True
1,126,160,1.0,rat_movement=True
1,118,140,0.0,rat_movement=True
1,33,20,0.01,rat_movement=True
1,11,20,0.07,rat_movement=True
1,193,220,0.03,rat_movement=True
1,86,80,0.09,rat_movement=True
1,174,460,0.05,rat_movement=True
1,93,140,0.2,rat_movement=True
1,126,160,0.1,rat_movement=True
1,34,80,0.3,rat_movement=True
1,230,200,0.4,rat_movement=True
1,140,140,0.5,rat_movement=True
1,87,80,0.6,rat_movement=True
1,22,20,0.7,rat_movement=True
1,34,20,0.8,rat_movement=True
1,55,60,0.9,rat_movement=True
1,26,20,0.01,rat_movement=True
1,116,120,1.0,rat_movement=True
1,102,160,0.0,rat_movement=True
1,166,180,0.03,rat_movement=True
1,62,120,0.05,rat_movement=True
1,143,200,0.07,rat_movement=True
1,100,180,0.09,rat_movement=True
1,4,20,0.1,rat_movement=True
1,15,20,0.2,rat_movement=True
1,100,120,0.3,rat_movement=True
1,118,140,0.4,rat_movement=True
1,72,60,0.5,rat_movement=True
1,66,60,0.8,rat_movement=True
1,581,480,0.6,rat_movement=True
1,47,60,0.0,rat_movement=True
1,269,280,0.9,rat_movement=True
1,38,60,0.01,rat_movement=True
1,217,260,1.0,rat_movement=True
1,67,120,0.03,rat_movement=True
1,34,80,0.07,rat_movement=True
1,136,160,0.05,rat_movement=True
1,155,280,0.1,rat_movement=True
1,220,380,0.09,rat_movement=True
1,125,180,0.2,rat_movement=True
1,171,220,0.3,rat_movement=True
1,96,120,0.6,rat_movement=True
1,104,140,0.7,rat_movement=True
1,394,360,0.5,rat_movement=True
1,107,200,0.8,rat_movement=True
1,2027,1540,0.7,rat_movement=True
1,524,740,0.4,rat_movement=True
1,56,60,0.9,rat_movement=True
1,85,80,0.01,rat_movement=True
1,188,220,0.0,rat_movement=True
1,68,60,0.05,rat_movement=True
1,156,300,0.03,rat_movement=True
1,61,80,0.09,rat_movement=True
1,132,240,0.07,rat_movement=True
1,78,140,0.1,rat_movement=True
1,499,440,1.0,rat_movement=True
1,140,320,0.2,rat_movement=True
1,70,60,0.5,rat_movement=True
1,26,80,0.6,rat_movement=True
1,108,100,0.7,rat_movement=True
1,279,220,0.4,rat_movement=True
1,62,40,0.8,rat_movement=True
1,31,100,1.0,rat_movement=True
1,71,120,0.01,rat_movement=True
1,512,780,0.3,rat_movement=True
1,65,80,0.03,rat_movement=True
1,24,20,0.07,rat_movement=True
1,336,680,0.05,rat_movement=True
1,53,40,0.3,rat_movement=True
1,156,280,0.2,rat_movement=True
1,266,400,0.09,rat_movement=True
1,65,60,0.4,rat_movement=True
1,14,20,0.5,rat_movement=True
1,1240,980,0.9,rat_movement=True
1,544,800,0.1,rat_movement=True
1,102,160,0.8,rat_movement=True
1,491,420,0.7,rat_movement=True
1,81,180,0.0,rat_movement=True
1,423,400,0.9,rat_movement=True
1,44,40,0.03,rat_movement=True
1,154,240,0.01,rat_movement=True
1,43,60,0.05,rat_movement=True
1,71,100,0.07,rat_movement=True
1,75,200,0.09,rat_movement=True
1,866,760,1.0,rat_movement=True
1,54,100,0.1,rat_movement=True
1,23,80,0.2,rat_movement=True
1,42,60,0.3,rat_movement=True
1,3,20,0.4,rat_movement=True
1,1425,1460,0.6,rat_movement=True
1,104,140,0.6,rat_movement=True
1,158,160,0.5,rat_movement=True
1,297,260,0.7,rat_movement=True
1,95,100,0.9,rat_movement=True
1,254,280,0.8,rat_movement=True
1,35,20,0.0,rat_movement=True
1,164,220,0.01,rat_movement=True
1,413,420,1.0,rat_movement=True
1,77,160,0.05,rat_movement=True
1,18,40,0.09,rat_movement=True
1,109,180,0.1,rat_movement=True
1,94,120,0.2,rat_movement=True
1,295,460,0.03,rat_movement=True
1,91,60,0.4,rat_movement=True
1,338,580,0.07,rat_movement=True
1,250,440,0.3,rat_movement=True
1,70,140,0.7,rat_movement=True
1,160,180,0.6,rat_movement=True
1,288,240,0.5,rat_movement=True
1,76,100,1.0,rat_movement=True
1,75,140,0.0,rat_movement=True
1,25,20,0.05,rat_movement=True
1,175,160,0.01,rat_movement=True
1,369,340,0.8,rat_movement=True
1,44,80,0.07,rat_movement=True
1,178,240,0.03,rat_movement=True
1,6,20,0.1,rat_movement=True
1,74,40,0.09,rat_movement=True
1,41,60,0.2,rat_movement=True
1,118,140,0.3,rat_movement=True
1,93,120,0.4,rat_movement=True
1,87,80,0.5,rat_movement=True
1,699,840,0.9,rat_movement=True
1,109,120,0.6,rat_movement=True
1,88,100,0.7,rat_movement=True
1,77,80,0.8,rat_movement=True
1,148,280,0.0,rat_movement=True
1,18,40,0.03,rat_movement=True
1,245,500,0.01,rat_movement=True
1,149,300,0.05,rat_movement=True
1,725,640,1.0,rat_movement=True
1,81,80,0.07,rat_movement=True
1,58,160,0.09,rat_movement=True
1,48,60,0.1,rat_movement=True
1,1048,960,0.9,rat_movement=True
1,83,120,0.3,rat_movement=True
1,61,60,0.4,rat_movement=True
1,187,140,0.5,rat_movement=True
1,20,40,0.6,rat_movement=True
1,14,20,0.7,rat_movement=True
1,419,600,0.2,rat_movement=True
1,90,200,0.8,rat_movement=True
1,110,140,0.9,rat_movement=True
1,42,40,1.0,rat_movement=True
1,123,160,0.01,rat_movement=True
1,84,120,0.03,rat_movement=True
1,15,40,0.05,rat_movement=True
1,79,60,0.07,rat_movement=True
1,31,60,0.09,rat_movement=True
1,8,20,0.1,rat_movement=True
1,471,680,0.0,rat_movement=True
1,54,160,0.2,rat_movement=True
1,4,20,0.3,rat_movement=True
1,94,80,0.4,rat_movement=True
1,46,60,0.5,rat_movement=True
1,99,120,0.7,rat_movement=True
1,120,160,0.8,rat_movement=True
1,44,60,0.01,rat_movement=True
1,597,500,0.6,rat_movement=True
1,33,40,0.03,rat_movement=True
1,40,60,0.05,rat_movement=True
1,46,100,0.07,rat_movement=True
1,383,640,0.9,rat_movement=True
1,385,500,1.0,rat_movement=True
1,38,100,0.1,rat_movement=True
1,115,140,0.09,rat_movement=True
1,426,680,0.0,rat_movement=True
1,96,200,0.2,rat_movement=True
1,84,60,0.3,rat_movement=True
1,74,80,0.5,rat_movement=True
1,35,80,0.7,rat_movement=True
1,44,40,0.8,rat_movement=True
1,220,220,0.6,rat_movement=True
1,7,20,1.0,rat_movement=True
1,422,360,0.4,rat_movement=True
1,43,40,0.03,rat_movement=True
1,47,40,0.05,rat_movement=True
1,10,20,0.09,rat_movement=True
1,228,380,0.01,rat_movement=True
1,102,200,0.07,rat_movement=True
1,84,60,0.2,rat_movement=True
1,98,160,0.1,rat_movement=True
1,468,760,0.0,rat_movement=True
1,104,180,0.3,rat_movement=True
1,986,820,0.9,rat_movement=True
1,149,140,0.5,rat_movement=True
1,221,240,0.4,rat_movement=True
1,78,80,0.8,rat_movement=True
1,52,40,1.0,rat_movement=True
1,197,400,0.6,rat_movement=True
1,36,60,0.0,rat_movement=True
1,19,20,0.05,rat_movement=True
1,167,220,0.03,rat_movement=True
1,352,520,0.9,rat_movement=True
1,173,420,0.01,rat_movement=True
1,21,20,0.07,rat_movement=True
1,17,60,0.09,rat_movement=True
1,32,80,0.1,rat_movement=True
1,87,160,0.2,rat_movement=True
1,667,580,0.7,rat_movement=True
1,88,120,0.3,rat_movement=True
1,148,180,0.4,rat_movement=True
1,256,240,0.5,rat_movement=True
1,186,160,0.6,rat_movement=True
1,208,300,0.7,rat_movement=True
1,135,160,0.9,rat_movement=True
1,94,80,0.01,rat_movement=True
1,193,280,0.0,rat_movement=True
1,403,440,0.8,rat_movement=True
1,59,100,0.05,rat_movement=True
1,82,120,0.07,rat_movement=True
1,361,560,0.03,rat_movement=True
1,782,680,1.0,rat_movement=True
1,129,220,0.1,rat_movement=True
1,48,160,0.2,rat_movement=True
1,99,140,0.3,rat_movement=True
1,82,120,0.4,rat_movement=True
1,14,40,0.6,rat_movement=True
1,48,60,0.8,rat_movement=True
1,207,180,0.5,rat_movement=True
1,168,160,0.7,rat_movement=True
1,20,40,0.0,rat_movement=True
1,206,220,0.9,rat_movement=True
1,1213,1600,0.09,rat_movement=True
1,477,520,1.0,rat_movement=True
1,55,80,0.05,rat_movement=True
1,51,40,0.07,rat_movement=True
1,390,560,0.01,rat_movement=True
1,97,120,0.09,rat_movement=True
1,95,120,0.1,rat_movement=True
1,303,380,0.03,rat_movement=True
1,118,180,0.3,rat_movement=True
1,71,120,0.4,rat_movement=True
1,234,220,0.2,rat_movement=True
1,178,180,0.5,rat_movement=True
1,37,40,0.8,rat_movement=True
1,165,220,0.6,rat_movement=True
1,10,40,1.0,rat_movement=True
1,238,260,0.7,rat_movement=True
1,148,140,0.9,rat_movement=True
1,22,60,0.05,rat_movement=True
1,137,280,0.01,rat_movement=True
1,100,240,0.03,rat_movement=True
1,32,40,0.07,rat_movement=True
1,15,20,0.2,rat_movement=True
1,69,80,0.1,rat_movement=True
1,87,160,0.09,rat_movement=True
1,15,20,0.5,rat_movement=True
1,19,80,0.6,rat_movement=True
1,92,140,0.3,rat_movement=True
1,496,680,0.0,rat_movement=True
1,74,100,0.0,rat_movement=True
1,9,20,0.01,rat_movement=True
1,250,340,0.7,rat_movement=True
1,369,500,0.4,rat_movement=True
1,308,360,1.0,rat_movement=True
1,400,460,0.8,rat_movement=True
1,68,60,0.05,rat_movement=True
1,428,460,0.9,rat_movement=True
1,242,340,0.03,rat_movement=True
1,76,120,0.07,rat_movement=True
1,101,160,0.09,rat_movement=True
1,57,100,0.2,rat_movement=True
1,37,80,0.3,rat_movement=True
1,24,80,0.4,rat_movement=True
1,228,220,0.1,rat_movement=True
1,11,80,0.5,rat_movement=True
1,93,60,0.6,rat_movement=True
1,39,140,0.9,rat_movement=True
1,315,360,0.7,rat_movement=True
1,12,20,1.0,rat_movement=True
1,58,100,0.0,rat_movement=True
1,76,220,0.01,rat_movement=True
1,129,160,0.05,rat_movement=True
1,369,580,0.03,rat_movement=True
1,143,240,0.1,rat_movement=True
1,207,300,0.09,rat_movement=True
1,312,560,0.07,rat_movement=True
1,21,20,0.5,rat_movement=True
1,130,200,0.2,rat_movement=True
1,958,1060,0.8,rat_movement=True
1,74,80,0.4,rat_movement=True
1,40,40,0.6,rat_movement=True
1,162,160,0.3,rat_movement=True
1,37,20,0.8,rat_movement=True
1,91,140,0.7,rat_movement=True
1,57,60,1.0,rat_movement=True
1,56,120,0.01,rat_movement=True
1,30,120,0.03,rat_movement=True
1,333,340,0.9,rat_movement=True
1,108,160,0.05,rat_movement=True
1,32,40,0.07,rat_movement=True
1,80,80,0.09,rat_movement=True
1,125,220,0.1,rat_movement=True
1,45,40,0.2,rat_movement=True
1,630,840,0.0,rat_movement=True
1,126,140,0.3,rat_movement=True
1,111,120,0.7,rat_movement=True
1,202,320,0.5,rat_movement=True
1,326,380,0.4,rat_movement=True
1,196,160,0.9,rat_movement=True
1,27,100,0.01,rat_movement=True
1,392,400,0.8,rat_movement=True
1,403,480,1.0,rat_movement=True
1,834,760,0.6,rat_movement=True
1,50,120,0.05,rat_movement=True
1,36,60,0.07,rat_movement=True
1,230,480,0.03,rat_movement=True
1,52,140,0.09,rat_movement=True
1,38,20,0.1,rat_movement=True
1,32,80,0.2,rat_movement=True
1,58,40,0.3,rat_movement=True
1,86,80,0.4,rat_movement=True
1,119,140,0.5,rat_movement=True
1,83,60,0.6,rat_movement=True
1,971,1360,0.0,rat_movement=True
1,159,220,0.7,rat_movement=True
1,74,100,0.9,rat_movement=True
1,136,160,1.0,rat_movement=True
1,805,740,0.8,rat_movement=True
1,13,20,0.01,rat_movement=True
1,378,580,0.0,rat_movement=True
1,78,120,0.03,rat_movement=True
1,23,40,0.05,rat_movement=True
1,19,60,0.07,rat_movement=True
1,35,140,0.09,rat_movement=True
1,67,100,0.1,rat_movement=True
1,43,40,0.2,rat_movement=True
1,116,140,0.3,rat_movement=True
1,50,80,0.5,rat_movement=True
1,11,20,0.7,rat_movement=True
1,414,500,0.4,rat_movement=True
1,208,260,0.8,rat_movement=True
1,287,280,0.9,rat_movement=True
1,62,120,0.01,rat_movement=True
1,79,80,0.03,rat_movement=True
1,57,40,0.07,rat_movement=True
1,572,620,0.6,rat_movement=True
1,23,80,0.09,rat_movement=True
1,196,280,0.05,rat_movement=True
1,87,160,0.1,rat_movement=True
1,76,100,0.2,rat_movement=True
1,58,80,0.3,rat_movement=True
1,677,740,1.0,rat_movement=True
1,98,80,0.4,rat_movement=True
1,211,240,0.5,rat_movement=True
1,112,160,0.7,rat_movement=True
1,370,380,0.6,rat_movement=True
1,1254,1600,0.0,rat_movement=True
1,525,520,0.8,rat_movement=True
1,541,540,0.9,rat_movement=True
1,410,620,1.0,rat_movement=True
1,115,260,0.03,rat_movement=True
1,312,500,0.0,rat_movement=True
1,68,60,0.05,rat_movement=True
1,184,420,0.01,rat_movement=True
1,73,180,0.09,rat_movement=True
1,122,180,0.07,rat_movement=True
1,37,40,0.2,rat_movement=True
1,127,180,0.1,rat_movement=True
1,77,120,0.4,rat_movement=True
1,133,220,0.3,rat_movement=True
1,124,100,0.5,rat_movement=True
1,46,60,0.7,rat_movement=True
1,112,80,0.6,rat_movement=True
1,27,40,0.8,rat_movement=True
1,29,40,0.9,rat_movement=True
